time,age_group,cell,location_x,location_y,InfectionStatus.Susceptible,InfectionStatus.Exposed,InfectionStatus.InfectASympt,InfectionStatus.InfectMild,InfectionStatus.InfectGP,InfectionStatus.InfectHosp,InfectionStatus.InfectICU,InfectionStatus.InfectICURecov,InfectionStatus.Recovered,InfectionStatus.Dead
0,1,97509289039,0,0,5,0,0,0,0,0,0,0,0,0
0,2,97509289039,0,0,8,0,0,2,0,0,0,0,0,0
0,3,97509289039,0,0,7,0,0,0,0,0,0,0,0,0
0,4,97509289039,0,0,5,0,0,1,0,0,0,0,0,0
0,5,97509289039,0,0,4,0,0,0,0,0,0,0,0,0
0,6,97509289039,0,0,4,0,0,0,0,0,0,0,0,0
0,7,97509289039,0,0,3,0,0,0,0,0,0,0,0,0
0,8,97509289039,0,0,9,0,0,1,0,0,0,0,0,0
0,9,97509289039,0,0,5,0,0,3,0,0,0,0,0,0
0,10,97509289039,0,0,8,0,0,1,0,0,0,0,0,0
0,11,97509289039,0,0,2,0,0,0,0,0,0,0,0,0
0,12,97509289039,0,0,11,0,0,0,0,0,0,0,0,0
0,13,97509289039,0,0,7,0,0,1,0,0,0,0,0,0
0,14,97509289039,0,0,2,0,0,0,0,0,0,0,0,0
0,15,97509289039,0,0,2,0,0,0,0,0,0,0,0,0
0,16,97509289039,0,0,2,0,0,0,0,0,0,0,0,0
0,17,97509289039,0,0,6,0,0,1,0,0,0,0,0,0
1.0,1,97509289039,0,0,5,0,0,0,0,0,0,0,0,0
1.0,2,97509289039,0,0,8,0,0,2,0,0,0,0,0,0
1.0,3,97509289039,0,0,7,0,0,0,0,0,0,0,0,0
1.0,4,97509289039,0,0,5,0,0,1,0,0,0,0,0,0
1.0,5,97509289039,0,0,4,0,0,0,0,0,0,0,0,0
1.0,6,97509289039,0,0,4,0,0,0,0,0,0,0,0,0
1.0,7,97509289039,0,0,3,0,0,0,0,0,0,0,0,0
1.0,8,97509289039,0,0,9,0,0,1,0,0,0,0,0,0
1.0,9,97509289039,0,0,5,0,0,3,0,0,0,0,0,0
1.0,10,97509289039,0,0,8,0,0,1,0,0,0,0,0,0
1.0,11,97509289039,0,0,2,0,0,0,0,0,0,0,0,0
1.0,12,97509289039,0,0,11,0,0,0,0,0,0,0,0,0
1.0,13,97509289039,0,0,7,0,0,1,0,0,0,0,0,0
1.0,14,97509289039,0,0,2,0,0,0,0,0,0,0,0,0
1.0,15,97509289039,0,0,2,0,0,0,0,0,0,0,0,0
1.0,16,97509289039,0,0,2,0,0,0,0,0,0,0,0,0
1.0,17,97509289039,0,0,6,0,0,1,0,0,0,0,0,0
2.0,1,97509289039,0,0,4,1,0,0,0,0,0,0,0,0
2.0,2,97509289039,0,0,8,0,0,2,0,0,0,0,0,0
2.0,3,97509289039,0,0,2,5,0,0,0,0,0,0,0,0
2.0,4,97509289039,0,0,2,3,0,1,0,0,0,0,0,0
2.0,5,97509289039,0,0,0,4,0,0,0,0,0,0,0,0
2.0,6,97509289039,0,0,3,1,0,0,0,0,0,0,0,0
2.0,7,97509289039,0,0,0,3,0,0,0,0,0,0,0,0
2.0,8,97509289039,0,0,0,9,0,1,0,0,0,0,0,0
2.0,9,97509289039,0,0,0,4,1,3,0,0,0,0,0,0
2.0,10,97509289039,0,0,3,5,0,1,0,0,0,0,0,0
2.0,11,97509289039,0,0,2,0,0,0,0,0,0,0,0,0
2.0,12,97509289039,0,0,2,9,0,0,0,0,0,0,0,0
2.0,13,97509289039,0,0,4,3,0,1,0,0,0,0,0,0
2.0,14,97509289039,0,0,0,2,0,0,0,0,0,0,0,0
2.0,15,97509289039,0,0,0,2,0,0,0,0,0,0,0,0
2.0,16,97509289039,0,0,1,1,0,0,0,0,0,0,0,0
2.0,17,97509289039,0,0,2,4,0,1,0,0,0,0,0,0
3.0,1,97509289039,0,0,4,1,0,0,0,0,0,0,0,0
3.0,2,97509289039,0,0,8,0,0,2,0,0,0,0,0,0
3.0,3,97509289039,0,0,2,4,0,0,1,0,0,0,0,0
3.0,4,97509289039,0,0,0,2,1,3,0,0,0,0,0,0
3.0,5,97509289039,0,0,0,4,0,0,0,0,0,0,0,0
3.0,6,97509289039,0,0,1,2,0,0,1,0,0,0,0,0
3.0,7,97509289039,0,0,0,3,0,0,0,0,0,0,0,0
3.0,8,97509289039,0,0,0,9,0,1,0,0,0,0,0,0
3.0,9,97509289039,0,0,0,3,2,3,0,0,0,0,0,0
3.0,10,97509289039,0,0,2,5,0,1,1,0,0,0,0,0
3.0,11,97509289039,0,0,2,0,0,0,0,0,0,0,0,0
3.0,12,97509289039,0,0,2,7,1,0,1,0,0,0,0,0
3.0,13,97509289039,0,0,1,4,2,0,0,0,0,0,1,0
3.0,14,97509289039,0,0,0,2,0,0,0,0,0,0,0,0
3.0,15,97509289039,0,0,0,2,0,0,0,0,0,0,0,0
3.0,16,97509289039,0,0,1,1,0,0,0,0,0,0,0,0
3.0,17,97509289039,0,0,1,4,0,2,0,0,0,0,0,0
4.0,1,97509289039,0,0,4,1,0,0,0,0,0,0,0,0
4.0,2,97509289039,0,0,8,0,0,2,0,0,0,0,0,0
4.0,3,97509289039,0,0,2,3,1,0,1,0,0,0,0,0
4.0,4,97509289039,0,0,0,2,1,3,0,0,0,0,0,0
4.0,5,97509289039,0,0,0,4,0,0,0,0,0,0,0,0
4.0,6,97509289039,0,0,0,3,0,0,1,0,0,0,0,0
4.0,7,97509289039,0,0,0,3,0,0,0,0,0,0,0,0
4.0,8,97509289039,0,0,0,7,0,2,1,0,0,0,0,0
4.0,9,97509289039,0,0,0,2,2,2,1,0,0,0,1,0
4.0,10,97509289039,0,0,1,6,0,0,1,0,0,0,1,0
4.0,11,97509289039,0,0,1,1,0,0,0,0,0,0,0,0
4.0,12,97509289039,0,0,2,6,2,0,1,0,0,0,0,0
4.0,13,97509289039,0,0,1,3,2,1,0,0,0,0,1,0
4.0,14,97509289039,0,0,0,2,0,0,0,0,0,0,0,0
4.0,15,97509289039,0,0,0,2,0,0,0,0,0,0,0,0
4.0,16,97509289039,0,0,0,2,0,0,0,0,0,0,0,0
4.0,17,97509289039,0,0,1,4,0,2,0,0,0,0,0,0
5.0,1,97509289039,0,0,3,2,0,0,0,0,0,0,0,0
5.0,2,97509289039,0,0,8,0,0,2,0,0,0,0,0,0
5.0,3,97509289039,0,0,2,3,1,0,1,0,0,0,0,0
5.0,4,97509289039,0,0,0,2,1,3,0,0,0,0,0,0
5.0,5,97509289039,0,0,0,3,0,1,0,0,0,0,0,0
5.0,6,97509289039,0,0,0,2,0,1,1,0,0,0,0,0
5.0,7,97509289039,0,0,0,3,0,0,0,0,0,0,0,0
5.0,8,97509289039,0,0,0,4,1,3,1,0,0,0,1,0
5.0,9,97509289039,0,0,0,1,1,3,1,0,0,0,2,0
5.0,10,97509289039,0,0,0,6,0,1,1,0,0,0,1,0
5.0,11,97509289039,0,0,1,1,0,0,0,0,0,0,0,0
5.0,12,97509289039,0,0,2,5,3,0,1,0,0,0,0,0
5.0,13,97509289039,0,0,1,1,3,2,0,0,0,0,1,0
5.0,14,97509289039,0,0,0,2,0,0,0,0,0,0,0,0
5.0,15,97509289039,0,0,0,2,0,0,0,0,0,0,0,0
5.0,16,97509289039,0,0,0,2,0,0,0,0,0,0,0,0
5.0,17,97509289039,0,0,1,3,0,3,0,0,0,0,0,0
6.0,1,97509289039,0,0,3,2,0,0,0,0,0,0,0,0
6.0,2,97509289039,0,0,8,0,0,1,0,0,0,0,1,0
6.0,3,97509289039,0,0,2,3,1,0,1,0,0,0,0,0
6.0,4,97509289039,0,0,0,1,1,3,0,0,0,0,1,0
6.0,5,97509289039,0,0,0,2,0,2,0,0,0,0,0,0
6.0,6,97509289039,0,0,0,2,0,1,1,0,0,0,0,0
6.0,7,97509289039,0,0,0,3,0,0,0,0,0,0,0,0
6.0,8,97509289039,0,0,0,3,1,3,2,0,0,0,1,0
6.0,9,97509289039,0,0,0,1,1,2,1,0,0,0,3,0
6.0,10,97509289039,0,0,0,5,1,1,1,0,0,0,1,0
6.0,11,97509289039,0,0,1,0,0,1,0,0,0,0,0,0
6.0,12,97509289039,0,0,0,4,4,2,1,0,0,0,0,0
6.0,13,97509289039,0,0,0,1,4,1,0,0,0,0,2,0
6.0,14,97509289039,0,0,0,1,1,0,0,0,0,0,0,0
6.0,15,97509289039,0,0,0,2,0,0,0,0,0,0,0,0
6.0,16,97509289039,0,0,0,2,0,0,0,0,0,0,0,0
6.0,17,97509289039,0,0,0,3,0,3,0,0,0,0,1,0
7.0,1,97509289039,0,0,3,2,0,0,0,0,0,0,0,0
7.0,2,97509289039,0,0,8,0,0,1,0,0,0,0,1,0
7.0,3,97509289039,0,0,2,2,2,0,1,0,0,0,0,0
7.0,4,97509289039,0,0,0,1,1,3,0,0,0,0,1,0
7.0,5,97509289039,0,0,0,2,0,2,0,0,0,0,0,0
7.0,6,97509289039,0,0,0,2,0,1,1,0,0,0,0,0
7.0,7,97509289039,0,0,0,2,0,0,1,0,0,0,0,0
7.0,8,97509289039,0,0,0,3,1,3,2,0,0,0,1,0
7.0,9,97509289039,0,0,0,1,0,2,1,0,0,0,4,0
7.0,10,97509289039,0,0,0,2,2,2,2,0,0,0,1,0
7.0,11,97509289039,0,0,0,1,0,1,0,0,0,0,0,0
7.0,12,97509289039,0,0,0,3,5,2,1,0,0,0,0,0
7.0,13,97509289039,0,0,0,1,4,1,0,0,0,0,2,0
7.0,14,97509289039,0,0,0,1,1,0,0,0,0,0,0,0
7.0,15,97509289039,0,0,0,2,0,0,0,0,0,0,0,0
7.0,16,97509289039,0,0,0,2,0,0,0,0,0,0,0,0
7.0,17,97509289039,0,0,0,3,0,3,0,0,0,0,1,0
8.0,1,97509289039,0,0,3,2,0,0,0,0,0,0,0,0
8.0,2,97509289039,0,0,8,0,0,1,0,0,0,0,1,0
8.0,3,97509289039,0,0,2,1,2,1,1,0,0,0,0,0
8.0,4,97509289039,0,0,0,1,1,2,0,0,0,0,2,0
8.0,5,97509289039,0,0,0,2,0,2,0,0,0,0,0,0
8.0,6,97509289039,0,0,0,2,0,1,1,0,0,0,0,0
8.0,7,97509289039,0,0,0,0,0,1,2,0,0,0,0,0
8.0,8,97509289039,0,0,0,3,1,1,2,0,0,0,3,0
8.0,9,97509289039,0,0,0,0,0,2,2,0,0,0,4,0
8.0,10,97509289039,0,0,0,2,2,2,2,0,0,0,1,0
8.0,11,97509289039,0,0,0,1,0,1,0,0,0,0,0,0
8.0,12,97509289039,0,0,0,1,6,2,1,0,0,0,1,0
8.0,13,97509289039,0,0,0,0,5,0,0,0,0,0,3,0
8.0,14,97509289039,0,0,0,1,1,0,0,0,0,0,0,0
8.0,15,97509289039,0,0,0,1,0,1,0,0,0,0,0,0
8.0,16,97509289039,0,0,0,2,0,0,0,0,0,0,0,0
8.0,17,97509289039,0,0,0,3,0,1,0,0,0,0,3,0
9.0,1,97509289039,0,0,3,2,0,0,0,0,0,0,0,0
9.0,2,97509289039,0,0,8,0,0,1,0,0,0,0,1,0
9.0,3,97509289039,0,0,2,1,2,0,1,0,0,0,1,0
9.0,4,97509289039,0,0,0,1,1,2,0,0,0,0,2,0
9.0,5,97509289039,0,0,0,1,0,2,1,0,0,0,0,0
9.0,6,97509289039,0,0,0,2,0,1,1,0,0,0,0,0
9.0,7,97509289039,0,0,0,0,0,1,2,0,0,0,0,0
9.0,8,97509289039,0,0,0,3,1,1,2,0,0,0,3,0
9.0,9,97509289039,0,0,0,0,0,2,2,0,0,0,4,0
9.0,10,97509289039,0,0,0,2,2,2,1,0,0,0,2,0
9.0,11,97509289039,0,0,0,1,0,1,0,0,0,0,0,0
9.0,12,97509289039,0,0,0,1,6,2,0,0,0,0,2,0
9.0,13,97509289039,0,0,0,0,5,0,0,0,0,0,3,0
9.0,14,97509289039,0,0,0,1,1,0,0,0,0,0,0,0
9.0,15,97509289039,0,0,0,1,0,0,0,0,0,0,1,0
9.0,16,97509289039,0,0,0,1,1,0,0,0,0,0,0,0
9.0,17,97509289039,0,0,0,3,0,1,0,0,0,0,3,0
10.0,1,97509289039,0,0,3,1,1,0,0,0,0,0,0,0
10.0,2,97509289039,0,0,8,0,0,1,0,0,0,0,1,0
10.0,3,97509289039,0,0,2,1,2,0,1,0,0,0,1,0
10.0,4,97509289039,0,0,0,0,1,3,0,0,0,0,2,0
10.0,5,97509289039,0,0,0,0,0,1,1,0,0,0,2,0
10.0,6,97509289039,0,0,0,2,0,1,1,0,0,0,0,0
10.0,7,97509289039,0,0,0,0,0,1,2,0,0,0,0,0
10.0,8,97509289039,0,0,0,1,2,1,3,0,0,0,3,0
10.0,9,97509289039,0,0,0,0,0,2,2,0,0,0,4,0
10.0,10,97509289039,0,0,0,2,2,2,0,0,0,0,3,0
10.0,11,97509289039,0,0,0,1,0,1,0,0,0,0,0,0
10.0,12,97509289039,0,0,0,1,6,1,0,0,0,0,3,0
10.0,13,97509289039,0,0,0,0,5,0,0,0,0,0,3,0
10.0,14,97509289039,0,0,0,1,1,0,0,0,0,0,0,0
10.0,15,97509289039,0,0,0,1,0,0,0,0,0,0,1,0
10.0,16,97509289039,0,0,0,1,1,0,0,0,0,0,0,0
10.0,17,97509289039,0,0,0,1,0,2,1,0,0,0,3,0
11.0,1,97509289039,0,0,2,2,1,0,0,0,0,0,0,0
11.0,2,97509289039,0,0,7,1,0,1,0,0,0,0,1,0
11.0,3,97509289039,0,0,2,1,2,0,0,0,0,0,2,0
11.0,4,97509289039,0,0,0,0,1,3,0,0,0,0,2,0
11.0,5,97509289039,0,0,0,0,0,1,1,0,0,0,2,0
11.0,6,97509289039,0,0,0,1,0,1,1,0,0,0,1,0
11.0,7,97509289039,0,0,0,0,0,1,2,0,0,0,0,0
11.0,8,97509289039,0,0,0,0,3,1,2,0,0,0,4,0
11.0,9,97509289039,0,0,0,0,0,1,2,0,0,0,5,0
11.0,10,97509289039,0,0,0,2,1,1,0,0,0,0,5,0
11.0,11,97509289039,0,0,0,1,0,1,0,0,0,0,0,0
11.0,12,97509289039,0,0,0,1,6,1,0,0,0,0,3,0
11.0,13,97509289039,0,0,0,0,5,0,0,0,0,0,3,0
11.0,14,97509289039,0,0,0,1,1,0,0,0,0,0,0,0
11.0,15,97509289039,0,0,0,0,1,0,0,0,0,0,1,0
11.0,16,97509289039,0,0,0,0,1,1,0,0,0,0,0,0
11.0,17,97509289039,0,0,0,1,0,2,1,0,0,0,3,0
12.0,1,97509289039,0,0,0,4,1,0,0,0,0,0,0,0
12.0,2,97509289039,0,0,3,5,0,1,0,0,0,0,1,0
12.0,3,97509289039,0,0,1,2,2,0,0,0,0,0,2,0
12.0,4,97509289039,0,0,0,0,0,3,0,0,0,0,3,0
12.0,5,97509289039,0,0,0,0,0,1,1,0,0,0,2,0
12.0,6,97509289039,0,0,0,1,0,0,1,0,0,0,2,0
12.0,7,97509289039,0,0,0,0,0,0,2,0,0,0,1,0
12.0,8,97509289039,0,0,0,0,3,0,2,0,0,0,5,0
12.0,9,97509289039,0,0,0,0,0,1,2,0,0,0,5,0
12.0,10,97509289039,0,0,0,2,1,1,0,0,0,0,5,0
12.0,11,97509289039,0,0,0,1,0,1,0,0,0,0,0,0
12.0,12,97509289039,0,0,0,1,6,1,0,0,0,0,3,0
12.0,13,97509289039,0,0,0,0,4,0,0,0,0,0,4,0
12.0,14,97509289039,0,0,0,1,1,0,0,0,0,0,0,0
12.0,15,97509289039,0,0,0,0,1,0,0,0,0,0,1,0
12.0,16,97509289039,0,0,0,0,1,1,0,0,0,0,0,0
12.0,17,97509289039,0,0,0,1,0,1,1,0,0,0,4,0
13.0,1,97509289039,0,0,0,4,1,0,0,0,0,0,0,0
13.0,2,97509289039,0,0,2,5,0,2,0,0,0,0,1,0
13.0,3,97509289039,0,0,1,2,1,0,0,0,0,0,3,0
13.0,4,97509289039,0,0,0,0,0,2,0,0,0,0,4,0
13.0,5,97509289039,0,0,0,0,0,1,1,0,0,0,2,0
13.0,6,97509289039,0,0,0,1,0,0,1,0,0,0,2,0
13.0,7,97509289039,0,0,0,0,0,0,2,0,0,0,1,0
13.0,8,97509289039,0,0,0,0,3,0,2,0,0,0,5,0
13.0,9,97509289039,0,0,0,0,0,1,1,0,0,0,6,0
13.0,10,97509289039,0,0,0,1,1,1,1,0,0,0,5,0
13.0,11,97509289039,0,0,0,0,1,1,0,0,0,0,0,0
13.0,12,97509289039,0,0,0,1,6,1,0,0,0,0,3,0
13.0,13,97509289039,0,0,0,0,4,0,0,0,0,0,4,0
13.0,14,97509289039,0,0,0,1,1,0,0,0,0,0,0,0
13.0,15,97509289039,0,0,0,0,1,0,0,0,0,0,1,0
13.0,16,97509289039,0,0,0,0,1,1,0,0,0,0,0,0
13.0,17,97509289039,0,0,0,1,0,1,1,0,0,0,4,0
14.0,1,97509289039,0,0,0,4,1,0,0,0,0,0,0,0
14.0,2,97509289039,0,0,2,4,0,2,1,0,0,0,1,0
14.0,3,97509289039,0,0,0,3,1,0,0,0,0,0,3,0
14.0,4,97509289039,0,0,0,0,0,2,0,0,0,0,4,0
14.0,5,97509289039,0,0,0,0,0,0,1,0,0,0,3,0
14.0,6,97509289039,0,0,0,1,0,0,1,0,0,0,2,0
14.0,7,97509289039,0,0,0,0,0,0,2,0,0,0,1,0
14.0,8,97509289039,0,0,0,0,3,0,2,0,0,0,5,0
14.0,9,97509289039,0,0,0,0,0,1,1,0,0,0,6,0
14.0,10,97509289039,0,0,0,0,1,2,1,0,0,0,5,0
14.0,11,97509289039,0,0,0,0,1,1,0,0,0,0,0,0
14.0,12,97509289039,0,0,0,1,6,1,0,0,0,0,3,0
14.0,13,97509289039,0,0,0,0,3,0,0,0,0,0,5,0
14.0,14,97509289039,0,0,0,1,1,0,0,0,0,0,0,0
14.0,15,97509289039,0,0,0,0,1,0,0,0,0,0,1,0
14.0,16,97509289039,0,0,0,0,1,1,0,0,0,0,0,0
14.0,17,97509289039,0,0,0,0,1,1,0,1,0,0,4,0
15.0,1,97509289039,0,0,0,2,1,2,0,0,0,0,0,0
15.0,2,97509289039,0,0,1,3,0,4,1,0,0,0,1,0
15.0,3,97509289039,0,0,0,1,0,2,0,0,0,0,4,0
15.0,4,97509289039,0,0,0,0,0,1,0,0,0,0,5,0
15.0,5,97509289039,0,0,0,0,0,0,1,0,0,0,3,0
15.0,6,97509289039,0,0,0,0,0,1,1,0,0,0,2,0
15.0,7,97509289039,0,0,0,0,0,0,1,0,0,0,2,0
15.0,8,97509289039,0,0,0,0,3,0,2,0,0,0,5,0
15.0,9,97509289039,0,0,0,0,0,1,0,0,0,0,7,0
15.0,10,97509289039,0,0,0,0,1,2,1,0,0,0,5,0
15.0,11,97509289039,0,0,0,0,1,1,0,0,0,0,0,0
15.0,12,97509289039,0,0,0,1,5,1,0,0,0,0,4,0
15.0,13,97509289039,0,0,0,0,3,0,0,0,0,0,5,0
15.0,14,97509289039,0,0,0,1,1,0,0,0,0,0,0,0
15.0,15,97509289039,0,0,0,0,1,0,0,0,0,0,1,0
15.0,16,97509289039,0,0,0,0,1,0,0,0,0,0,1,0
15.0,17,97509289039,0,0,0,0,1,1,0,1,0,0,4,0
16.0,1,97509289039,0,0,0,2,1,2,0,0,0,0,0,0
16.0,2,97509289039,0,0,0,4,0,3,1,0,0,0,2,0
16.0,3,97509289039,0,0,0,1,0,2,0,0,0,0,4,0
16.0,4,97509289039,0,0,0,0,0,0,0,0,0,0,6,0
16.0,5,97509289039,0,0,0,0,0,0,0,0,0,0,4,0
16.0,6,97509289039,0,0,0,0,0,1,1,0,0,0,2,0
16.0,7,97509289039,0,0,0,0,0,0,1,0,0,0,2,0
16.0,8,97509289039,0,0,0,0,3,0,2,0,0,0,5,0
16.0,9,97509289039,0,0,0,0,0,1,0,0,0,0,7,0
16.0,10,97509289039,0,0,0,0,1,2,1,0,0,0,5,0
16.0,11,97509289039,0,0,0,0,1,1,0,0,0,0,0,0
16.0,12,97509289039,0,0,0,1,5,0,0,0,0,0,5,0
16.0,13,97509289039,0,0,0,0,3,0,0,0,0,0,5,0
16.0,14,97509289039,0,0,0,1,1,0,0,0,0,0,0,0
16.0,15,97509289039,0,0,0,0,1,0,0,0,0,0,1,0
16.0,16,97509289039,0,0,0,0,1,0,0,0,0,0,1,0
16.0,17,97509289039,0,0,0,0,1,1,0,1,0,0,4,0
17.0,1,97509289039,0,0,0,2,1,2,0,0,0,0,0,0
17.0,2,97509289039,0,0,0,4,0,3,1,0,0,0,2,0
17.0,3,97509289039,0,0,0,1,0,2,0,0,0,0,4,0
17.0,4,97509289039,0,0,0,0,0,0,0,0,0,0,6,0
17.0,5,97509289039,0,0,0,0,0,0,0,0,0,0,4,0
17.0,6,97509289039,0,0,0,0,0,1,1,0,0,0,2,0
17.0,7,97509289039,0,0,0,0,0,0,1,0,0,0,2,0
17.0,8,97509289039,0,0,0,0,3,0,1,0,0,0,6,0
17.0,9,97509289039,0,0,0,0,0,1,0,0,0,0,7,0
17.0,10,97509289039,0,0,0,0,1,1,0,0,0,0,7,0
17.0,11,97509289039,0,0,0,0,1,0,0,0,0,0,1,0
17.0,12,97509289039,0,0,0,0,3,1,0,0,0,0,7,0
17.0,13,97509289039,0,0,0,0,3,0,0,0,0,0,5,0
17.0,14,97509289039,0,0,0,0,2,0,0,0,0,0,0,0
17.0,15,97509289039,0,0,0,0,1,0,0,0,0,0,1,0
17.0,16,97509289039,0,0,0,0,1,0,0,0,0,0,1,0
17.0,17,97509289039,0,0,0,0,1,0,0,1,0,0,5,0
18.0,1,97509289039,0,0,0,1,2,2,0,0,0,0,0,0
18.0,2,97509289039,0,0,0,2,0,3,2,0,0,0,3,0
18.0,3,97509289039,0,0,0,1,0,2,0,0,0,0,4,0
18.0,4,97509289039,0,0,0,0,0,0,0,0,0,0,6,0
18.0,5,97509289039,0,0,0,0,0,0,0,0,0,0,4,0
18.0,6,97509289039,0,0,0,0,0,0,1,0,0,0,3,0
18.0,7,97509289039,0,0,0,0,0,0,0,0,0,0,3,0
18.0,8,97509289039,0,0,0,0,3,0,1,0,0,0,6,0
18.0,9,97509289039,0,0,0,0,0,1,0,0,0,0,7,0
18.0,10,97509289039,0,0,0,0,1,0,0,0,0,0,8,0
18.0,11,97509289039,0,0,0,0,1,0,0,0,0,0,1,0
18.0,12,97509289039,0,0,0,0,3,1,0,0,0,0,7,0
18.0,13,97509289039,0,0,0,0,3,0,0,0,0,0,5,0
18.0,14,97509289039,0,0,0,0,1,0,0,0,0,0,1,0
18.0,15,97509289039,0,0,0,0,1,0,0,0,0,0,1,0
18.0,16,97509289039,0,0,0,0,0,0,0,0,0,0,2,0
18.0,17,97509289039,0,0,0,0,1,0,0,1,0,0,5,0
19.0,1,97509289039,0,0,0,1,2,2,0,0,0,0,0,0
19.0,2,97509289039,0,0,0,2,0,3,1,0,0,0,4,0
19.0,3,97509289039,0,0,0,1,0,2,0,0,0,0,4,0
19.0,4,97509289039,0,0,0,0,0,0,0,0,0,0,6,0
19.0,5,97509289039,0,0,0,0,0,0,0,0,0,0,4,0
19.0,6,97509289039,0,0,0,0,0,0,1,0,0,0,3,0
19.0,7,97509289039,0,0,0,0,0,0,0,0,0,0,3,0
19.0,8,97509289039,0,0,0,0,2,0,0,0,0,0,8,0
19.0,9,97509289039,0,0,0,0,0,1,0,0,0,0,7,0
19.0,10,97509289039,0,0,0,0,1,0,0,0,0,0,8,0
19.0,11,97509289039,0,0,0,0,1,0,0,0,0,0,1,0
19.0,12,97509289039,0,0,0,0,3,1,0,0,0,0,7,0
19.0,13,97509289039,0,0,0,0,2,0,0,0,0,0,6,0
19.0,14,97509289039,0,0,0,0,1,0,0,0,0,0,1,0
19.0,15,97509289039,0,0,0,0,1,0,0,0,0,0,1,0
19.0,16,97509289039,0,0,0,0,0,0,0,0,0,0,2,0
19.0,17,97509289039,0,0,0,0,1,0,0,1,0,0,5,0
20.0,1,97509289039,0,0,0,1,2,1,0,0,0,0,1,0
20.0,2,97509289039,0,0,0,2,0,1,1,0,0,0,6,0
20.0,3,97509289039,0,0,0,1,0,2,0,0,0,0,4,0
20.0,4,97509289039,0,0,0,0,0,0,0,0,0,0,6,0
20.0,5,97509289039,0,0,0,0,0,0,0,0,0,0,4,0
20.0,6,97509289039,0,0,0,0,0,0,1,0,0,0,3,0
20.0,7,97509289039,0,0,0,0,0,0,0,0,0,0,3,0
20.0,8,97509289039,0,0,0,0,2,0,0,0,0,0,8,0
20.0,9,97509289039,0,0,0,0,0,0,0,0,0,0,8,0
20.0,10,97509289039,0,0,0,0,1,0,0,0,0,0,8,0
20.0,11,97509289039,0,0,0,0,1,0,0,0,0,0,1,0
20.0,12,97509289039,0,0,0,0,3,1,0,0,0,0,7,0
20.0,13,97509289039,0,0,0,0,2,0,0,0,0,0,6,0
20.0,14,97509289039,0,0,0,0,1,0,0,0,0,0,1,0
20.0,15,97509289039,0,0,0,0,0,0,0,0,0,0,2,0
20.0,16,97509289039,0,0,0,0,0,0,0,0,0,0,2,0
20.0,17,97509289039,0,0,0,0,1,0,0,1,0,0,5,0
21.0,1,97509289039,0,0,0,1,2,0,0,0,0,0,2,0
21.0,2,97509289039,0,0,0,2,0,1,1,0,0,0,6,0
21.0,3,97509289039,0,0,0,1,0,2,0,0,0,0,4,0
21.0,4,97509289039,0,0,0,0,0,0,0,0,0,0,6,0
21.0,5,97509289039,0,0,0,0,0,0,0,0,0,0,4,0
21.0,6,97509289039,0,0,0,0,0,0,1,0,0,0,3,0
21.0,7,97509289039,0,0,0,0,0,0,0,0,0,0,3,0
21.0,8,97509289039,0,0,0,0,2,0,0,0,0,0,8,0
21.0,9,97509289039,0,0,0,0,0,0,0,0,0,0,8,0
21.0,10,97509289039,0,0,0,0,1,0,0,0,0,0,8,0
21.0,11,97509289039,0,0,0,0,1,0,0,0,0,0,1,0
21.0,12,97509289039,0,0,0,0,2,1,0,0,0,0,8,0
21.0,13,97509289039,0,0,0,0,2,0,0,0,0,0,6,0
21.0,14,97509289039,0,0,0,0,1,0,0,0,0,0,1,0
21.0,15,97509289039,0,0,0,0,0,0,0,0,0,0,2,0
21.0,16,97509289039,0,0,0,0,0,0,0,0,0,0,2,0
21.0,17,97509289039,0,0,0,0,0,0,0,1,0,0,6,0
22.0,1,97509289039,0,0,0,0,2,1,0,0,0,0,2,0
22.0,2,97509289039,0,0,0,2,0,1,0,0,0,0,7,0
22.0,3,97509289039,0,0,0,1,0,1,0,0,0,0,5,0
22.0,4,97509289039,0,0,0,0,0,0,0,0,0,0,6,0
22.0,5,97509289039,0,0,0,0,0,0,0,0,0,0,4,0
22.0,6,97509289039,0,0,0,0,0,0,1,0,0,0,3,0
22.0,7,97509289039,0,0,0,0,0,0,0,0,0,0,3,0
22.0,8,97509289039,0,0,0,0,2,0,0,0,0,0,8,0
22.0,9,97509289039,0,0,0,0,0,0,0,0,0,0,8,0
22.0,10,97509289039,0,0,0,0,1,0,0,0,0,0,8,0
22.0,11,97509289039,0,0,0,0,1,0,0,0,0,0,1,0
22.0,12,97509289039,0,0,0,0,1,1,0,0,0,0,9,0
22.0,13,97509289039,0,0,0,0,2,0,0,0,0,0,6,0
22.0,14,97509289039,0,0,0,0,1,0,0,0,0,0,1,0
22.0,15,97509289039,0,0,0,0,0,0,0,0,0,0,2,0
22.0,16,97509289039,0,0,0,0,0,0,0,0,0,0,2,0
22.0,17,97509289039,0,0,0,0,0,0,0,1,0,0,6,0
23.0,1,97509289039,0,0,0,0,2,1,0,0,0,0,2,0
23.0,2,97509289039,0,0,0,2,0,1,0,0,0,0,7,0
23.0,3,97509289039,0,0,0,1,0,1,0,0,0,0,5,0
23.0,4,97509289039,0,0,0,0,0,0,0,0,0,0,6,0
23.0,5,97509289039,0,0,0,0,0,0,0,0,0,0,4,0
23.0,6,97509289039,0,0,0,0,0,0,0,0,0,0,4,0
23.0,7,97509289039,0,0,0,0,0,0,0,0,0,0,3,0
23.0,8,97509289039,0,0,0,0,2,0,0,0,0,0,8,0
23.0,9,97509289039,0,0,0,0,0,0,0,0,0,0,8,0
23.0,10,97509289039,0,0,0,0,1,0,0,0,0,0,8,0
23.0,11,97509289039,0,0,0,0,1,0,0,0,0,0,1,0
23.0,12,97509289039,0,0,0,0,0,0,0,0,0,0,11,0
23.0,13,97509289039,0,0,0,0,2,0,0,0,0,0,6,0
23.0,14,97509289039,0,0,0,0,1,0,0,0,0,0,1,0
23.0,15,97509289039,0,0,0,0,0,0,0,0,0,0,2,0
23.0,16,97509289039,0,0,0,0,0,0,0,0,0,0,2,0
23.0,17,97509289039,0,0,0,0,0,0,0,1,0,0,6,0
24.0,1,97509289039,0,0,0,0,2,1,0,0,0,0,2,0
24.0,2,97509289039,0,0,0,2,0,1,0,0,0,0,7,0
24.0,3,97509289039,0,0,0,0,0,2,0,0,0,0,5,0
24.0,4,97509289039,0,0,0,0,0,0,0,0,0,0,6,0
24.0,5,97509289039,0,0,0,0,0,0,0,0,0,0,4,0
24.0,6,97509289039,0,0,0,0,0,0,0,0,0,0,4,0
24.0,7,97509289039,0,0,0,0,0,0,0,0,0,0,3,0
24.0,8,97509289039,0,0,0,0,1,0,0,0,0,0,9,0
24.0,9,97509289039,0,0,0,0,0,0,0,0,0,0,8,0
24.0,10,97509289039,0,0,0,0,1,0,0,0,0,0,8,0
24.0,11,97509289039,0,0,0,0,1,0,0,0,0,0,1,0
24.0,12,97509289039,0,0,0,0,0,0,0,0,0,0,11,0
24.0,13,97509289039,0,0,0,0,1,0,0,0,0,0,7,0
24.0,14,97509289039,0,0,0,0,0,0,0,0,0,0,2,0
24.0,15,97509289039,0,0,0,0,0,0,0,0,0,0,2,0
24.0,16,97509289039,0,0,0,0,0,0,0,0,0,0,2,0
24.0,17,97509289039,0,0,0,0,0,0,0,0,0,0,6,1
25.0,1,97509289039,0,0,0,0,2,1,0,0,0,0,2,0
25.0,2,97509289039,0,0,0,2,0,1,0,0,0,0,7,0
25.0,3,97509289039,0,0,0,0,0,1,0,0,0,0,6,0
25.0,4,97509289039,0,0,0,0,0,0,0,0,0,0,6,0
25.0,5,97509289039,0,0,0,0,0,0,0,0,0,0,4,0
25.0,6,97509289039,0,0,0,0,0,0,0,0,0,0,4,0
25.0,7,97509289039,0,0,0,0,0,0,0,0,0,0,3,0
25.0,8,97509289039,0,0,0,0,1,0,0,0,0,0,9,0
25.0,9,97509289039,0,0,0,0,0,0,0,0,0,0,8,0
25.0,10,97509289039,0,0,0,0,1,0,0,0,0,0,8,0
25.0,11,97509289039,0,0,0,0,1,0,0,0,0,0,1,0
25.0,12,97509289039,0,0,0,0,0,0,0,0,0,0,11,0
25.0,13,97509289039,0,0,0,0,0,0,0,0,0,0,8,0
25.0,14,97509289039,0,0,0,0,0,0,0,0,0,0,2,0
25.0,15,97509289039,0,0,0,0,0,0,0,0,0,0,2,0
25.0,16,97509289039,0,0,0,0,0,0,0,0,0,0,2,0
25.0,17,97509289039,0,0,0,0,0,0,0,0,0,0,6,1
26.0,1,97509289039,0,0,0,0,2,1,0,0,0,0,2,0
26.0,2,97509289039,0,0,0,0,1,2,0,0,0,0,7,0
26.0,3,97509289039,0,0,0,0,0,1,0,0,0,0,6,0
26.0,4,97509289039,0,0,0,0,0,0,0,0,0,0,6,0
26.0,5,97509289039,0,0,0,0,0,0,0,0,0,0,4,0
26.0,6,97509289039,0,0,0,0,0,0,0,0,0,0,4,0
26.0,7,97509289039,0,0,0,0,0,0,0,0,0,0,3,0
26.0,8,97509289039,0,0,0,0,1,0,0,0,0,0,9,0
26.0,9,97509289039,0,0,0,0,0,0,0,0,0,0,8,0
26.0,10,97509289039,0,0,0,0,1,0,0,0,0,0,8,0
26.0,11,97509289039,0,0,0,0,1,0,0,0,0,0,1,0
26.0,12,97509289039,0,0,0,0,0,0,0,0,0,0,11,0
26.0,13,97509289039,0,0,0,0,0,0,0,0,0,0,8,0
26.0,14,97509289039,0,0,0,0,0,0,0,0,0,0,2,0
26.0,15,97509289039,0,0,0,0,0,0,0,0,0,0,2,0
26.0,16,97509289039,0,0,0,0,0,0,0,0,0,0,2,0
26.0,17,97509289039,0,0,0,0,0,0,0,0,0,0,6,1
27.0,1,97509289039,0,0,0,0,1,0,0,0,0,0,4,0
27.0,2,97509289039,0,0,0,0,1,2,0,0,0,0,7,0
27.0,3,97509289039,0,0,0,0,0,1,0,0,0,0,6,0
27.0,4,97509289039,0,0,0,0,0,0,0,0,0,0,6,0
27.0,5,97509289039,0,0,0,0,0,0,0,0,0,0,4,0
27.0,6,97509289039,0,0,0,0,0,0,0,0,0,0,4,0
27.0,7,97509289039,0,0,0,0,0,0,0,0,0,0,3,0
27.0,8,97509289039,0,0,0,0,1,0,0,0,0,0,9,0
27.0,9,97509289039,0,0,0,0,0,0,0,0,0,0,8,0
27.0,10,97509289039,0,0,0,0,1,0,0,0,0,0,8,0
27.0,11,97509289039,0,0,0,0,1,0,0,0,0,0,1,0
27.0,12,97509289039,0,0,0,0,0,0,0,0,0,0,11,0
27.0,13,97509289039,0,0,0,0,0,0,0,0,0,0,8,0
27.0,14,97509289039,0,0,0,0,0,0,0,0,0,0,2,0
27.0,15,97509289039,0,0,0,0,0,0,0,0,0,0,2,0
27.0,16,97509289039,0,0,0,0,0,0,0,0,0,0,2,0
27.0,17,97509289039,0,0,0,0,0,0,0,0,0,0,6,1
28.0,1,97509289039,0,0,0,0,1,0,0,0,0,0,4,0
28.0,2,97509289039,0,0,0,0,1,2,0,0,0,0,7,0
28.0,3,97509289039,0,0,0,0,0,1,0,0,0,0,6,0
28.0,4,97509289039,0,0,0,0,0,0,0,0,0,0,6,0
28.0,5,97509289039,0,0,0,0,0,0,0,0,0,0,4,0
28.0,6,97509289039,0,0,0,0,0,0,0,0,0,0,4,0
28.0,7,97509289039,0,0,0,0,0,0,0,0,0,0,3,0
28.0,8,97509289039,0,0,0,0,1,0,0,0,0,0,9,0
28.0,9,97509289039,0,0,0,0,0,0,0,0,0,0,8,0
28.0,10,97509289039,0,0,0,0,1,0,0,0,0,0,8,0
28.0,11,97509289039,0,0,0,0,1,0,0,0,0,0,1,0
28.0,12,97509289039,0,0,0,0,0,0,0,0,0,0,11,0
28.0,13,97509289039,0,0,0,0,0,0,0,0,0,0,8,0
28.0,14,97509289039,0,0,0,0,0,0,0,0,0,0,2,0
28.0,15,97509289039,0,0,0,0,0,0,0,0,0,0,2,0
28.0,16,97509289039,0,0,0,0,0,0,0,0,0,0,2,0
28.0,17,97509289039,0,0,0,0,0,0,0,0,0,0,6,1
29.0,1,97509289039,0,0,0,0,1,0,0,0,0,0,4,0
29.0,2,97509289039,0,0,0,0,1,1,0,0,0,0,8,0
29.0,3,97509289039,0,0,0,0,0,1,0,0,0,0,6,0
29.0,4,97509289039,0,0,0,0,0,0,0,0,0,0,6,0
29.0,5,97509289039,0,0,0,0,0,0,0,0,0,0,4,0
29.0,6,97509289039,0,0,0,0,0,0,0,0,0,0,4,0
29.0,7,97509289039,0,0,0,0,0,0,0,0,0,0,3,0
29.0,8,97509289039,0,0,0,0,1,0,0,0,0,0,9,0
29.0,9,97509289039,0,0,0,0,0,0,0,0,0,0,8,0
29.0,10,97509289039,0,0,0,0,1,0,0,0,0,0,8,0
29.0,11,97509289039,0,0,0,0,1,0,0,0,0,0,1,0
29.0,12,97509289039,0,0,0,0,0,0,0,0,0,0,11,0
29.0,13,97509289039,0,0,0,0,0,0,0,0,0,0,8,0
29.0,14,97509289039,0,0,0,0,0,0,0,0,0,0,2,0
29.0,15,97509289039,0,0,0,0,0,0,0,0,0,0,2,0
29.0,16,97509289039,0,0,0,0,0,0,0,0,0,0,2,0
29.0,17,97509289039,0,0,0,0,0,0,0,0,0,0,6,1
30.0,1,97509289039,0,0,0,0,1,0,0,0,0,0,4,0
30.0,2,97509289039,0,0,0,0,1,1,0,0,0,0,8,0
30.0,3,97509289039,0,0,0,0,0,1,0,0,0,0,6,0
30.0,4,97509289039,0,0,0,0,0,0,0,0,0,0,6,0
30.0,5,97509289039,0,0,0,0,0,0,0,0,0,0,4,0
30.0,6,97509289039,0,0,0,0,0,0,0,0,0,0,4,0
30.0,7,97509289039,0,0,0,0,0,0,0,0,0,0,3,0
30.0,8,97509289039,0,0,0,0,1,0,0,0,0,0,9,0
30.0,9,97509289039,0,0,0,0,0,0,0,0,0,0,8,0
30.0,10,97509289039,0,0,0,0,1,0,0,0,0,0,8,0
30.0,11,97509289039,0,0,0,0,1,0,0,0,0,0,1,0
30.0,12,97509289039,0,0,0,0,0,0,0,0,0,0,11,0
30.0,13,97509289039,0,0,0,0,0,0,0,0,0,0,8,0
30.0,14,97509289039,0,0,0,0,0,0,0,0,0,0,2,0
30.0,15,97509289039,0,0,0,0,0,0,0,0,0,0,2,0
30.0,16,97509289039,0,0,0,0,0,0,0,0,0,0,2,0
30.0,17,97509289039,0,0,0,0,0,0,0,0,0,0,6,1
31.0,1,97509289039,0,0,0,0,1,0,0,0,0,0,4,0
31.0,2,97509289039,0,0,0,0,1,0,0,0,0,0,9,0
31.0,3,97509289039,0,0,0,0,0,1,0,0,0,0,6,0
31.0,4,97509289039,0,0,0,0,0,0,0,0,0,0,6,0
31.0,5,97509289039,0,0,0,0,0,0,0,0,0,0,4,0
31.0,6,97509289039,0,0,0,0,0,0,0,0,0,0,4,0
31.0,7,97509289039,0,0,0,0,0,0,0,0,0,0,3,0
31.0,8,97509289039,0,0,0,0,1,0,0,0,0,0,9,0
31.0,9,97509289039,0,0,0,0,0,0,0,0,0,0,8,0
31.0,10,97509289039,0,0,0,0,1,0,0,0,0,0,8,0
31.0,11,97509289039,0,0,0,0,1,0,0,0,0,0,1,0
31.0,12,97509289039,0,0,0,0,0,0,0,0,0,0,11,0
31.0,13,97509289039,0,0,0,0,0,0,0,0,0,0,8,0
31.0,14,97509289039,0,0,0,0,0,0,0,0,0,0,2,0
31.0,15,97509289039,0,0,0,0,0,0,0,0,0,0,2,0
31.0,16,97509289039,0,0,0,0,0,0,0,0,0,0,2,0
31.0,17,97509289039,0,0,0,0,0,0,0,0,0,0,6,1
32.0,1,97509289039,0,0,0,0,1,0,0,0,0,0,4,0
32.0,2,97509289039,0,0,0,0,1,0,0,0,0,0,9,0
32.0,3,97509289039,0,0,0,0,0,1,0,0,0,0,6,0
32.0,4,97509289039,0,0,0,0,0,0,0,0,0,0,6,0
32.0,5,97509289039,0,0,0,0,0,0,0,0,0,0,4,0
32.0,6,97509289039,0,0,0,0,0,0,0,0,0,0,4,0
32.0,7,97509289039,0,0,0,0,0,0,0,0,0,0,3,0
32.0,8,97509289039,0,0,0,0,0,0,0,0,0,0,10,0
32.0,9,97509289039,0,0,0,0,0,0,0,0,0,0,8,0
32.0,10,97509289039,0,0,0,0,0,0,0,0,0,0,9,0
32.0,11,97509289039,0,0,0,0,1,0,0,0,0,0,1,0
32.0,12,97509289039,0,0,0,0,0,0,0,0,0,0,11,0
32.0,13,97509289039,0,0,0,0,0,0,0,0,0,0,8,0
32.0,14,97509289039,0,0,0,0,0,0,0,0,0,0,2,0
32.0,15,97509289039,0,0,0,0,0,0,0,0,0,0,2,0
32.0,16,97509289039,0,0,0,0,0,0,0,0,0,0,2,0
32.0,17,97509289039,0,0,0,0,0,0,0,0,0,0,6,1
33.0,1,97509289039,0,0,0,0,0,0,0,0,0,0,5,0
33.0,2,97509289039,0,0,0,0,1,0,0,0,0,0,9,0
33.0,3,97509289039,0,0,0,0,0,1,0,0,0,0,6,0
33.0,4,97509289039,0,0,0,0,0,0,0,0,0,0,6,0
33.0,5,97509289039,0,0,0,0,0,0,0,0,0,0,4,0
33.0,6,97509289039,0,0,0,0,0,0,0,0,0,0,4,0
33.0,7,97509289039,0,0,0,0,0,0,0,0,0,0,3,0
33.0,8,97509289039,0,0,0,0,0,0,0,0,0,0,10,0
33.0,9,97509289039,0,0,0,0,0,0,0,0,0,0,8,0
33.0,10,97509289039,0,0,0,0,0,0,0,0,0,0,9,0
33.0,11,97509289039,0,0,0,0,1,0,0,0,0,0,1,0
33.0,12,97509289039,0,0,0,0,0,0,0,0,0,0,11,0
33.0,13,97509289039,0,0,0,0,0,0,0,0,0,0,8,0
33.0,14,97509289039,0,0,0,0,0,0,0,0,0,0,2,0
33.0,15,97509289039,0,0,0,0,0,0,0,0,0,0,2,0
33.0,16,97509289039,0,0,0,0,0,0,0,0,0,0,2,0
33.0,17,97509289039,0,0,0,0,0,0,0,0,0,0,6,1
34.0,1,97509289039,0,0,0,0,0,0,0,0,0,0,5,0
34.0,2,97509289039,0,0,0,0,1,0,0,0,0,0,9,0
34.0,3,97509289039,0,0,0,0,0,1,0,0,0,0,6,0
34.0,4,97509289039,0,0,0,0,0,0,0,0,0,0,6,0
34.0,5,97509289039,0,0,0,0,0,0,0,0,0,0,4,0
34.0,6,97509289039,0,0,0,0,0,0,0,0,0,0,4,0
34.0,7,97509289039,0,0,0,0,0,0,0,0,0,0,3,0
34.0,8,97509289039,0,0,0,0,0,0,0,0,0,0,10,0
34.0,9,97509289039,0,0,0,0,0,0,0,0,0,0,8,0
34.0,10,97509289039,0,0,0,0,0,0,0,0,0,0,9,0
34.0,11,97509289039,0,0,0,0,1,0,0,0,0,0,1,0
34.0,12,97509289039,0,0,0,0,0,0,0,0,0,0,11,0
34.0,13,97509289039,0,0,0,0,0,0,0,0,0,0,8,0
34.0,14,97509289039,0,0,0,0,0,0,0,0,0,0,2,0
34.0,15,97509289039,0,0,0,0,0,0,0,0,0,0,2,0
34.0,16,97509289039,0,0,0,0,0,0,0,0,0,0,2,0
34.0,17,97509289039,0,0,0,0,0,0,0,0,0,0,6,1
35.0,1,97509289039,0,0,0,0,0,0,0,0,0,0,5,0
35.0,2,97509289039,0,0,0,0,1,0,0,0,0,0,9,0
35.0,3,97509289039,0,0,0,0,0,1,0,0,0,0,6,0
35.0,4,97509289039,0,0,0,0,0,0,0,0,0,0,6,0
35.0,5,97509289039,0,0,0,0,0,0,0,0,0,0,4,0
35.0,6,97509289039,0,0,0,0,0,0,0,0,0,0,4,0
35.0,7,97509289039,0,0,0,0,0,0,0,0,0,0,3,0
35.0,8,97509289039,0,0,0,0,0,0,0,0,0,0,10,0
35.0,9,97509289039,0,0,0,0,0,0,0,0,0,0,8,0
35.0,10,97509289039,0,0,0,0,0,0,0,0,0,0,9,0
35.0,11,97509289039,0,0,0,0,1,0,0,0,0,0,1,0
35.0,12,97509289039,0,0,0,0,0,0,0,0,0,0,11,0
35.0,13,97509289039,0,0,0,0,0,0,0,0,0,0,8,0
35.0,14,97509289039,0,0,0,0,0,0,0,0,0,0,2,0
35.0,15,97509289039,0,0,0,0,0,0,0,0,0,0,2,0
35.0,16,97509289039,0,0,0,0,0,0,0,0,0,0,2,0
35.0,17,97509289039,0,0,0,0,0,0,0,0,0,0,6,1
36.0,1,97509289039,0,0,0,0,0,0,0,0,0,0,5,0
36.0,2,97509289039,0,0,0,0,1,0,0,0,0,0,9,0
36.0,3,97509289039,0,0,0,0,0,1,0,0,0,0,6,0
36.0,4,97509289039,0,0,0,0,0,0,0,0,0,0,6,0
36.0,5,97509289039,0,0,0,0,0,0,0,0,0,0,4,0
36.0,6,97509289039,0,0,0,0,0,0,0,0,0,0,4,0
36.0,7,97509289039,0,0,0,0,0,0,0,0,0,0,3,0
36.0,8,97509289039,0,0,0,0,0,0,0,0,0,0,10,0
36.0,9,97509289039,0,0,0,0,0,0,0,0,0,0,8,0
36.0,10,97509289039,0,0,0,0,0,0,0,0,0,0,9,0
36.0,11,97509289039,0,0,0,0,1,0,0,0,0,0,1,0
36.0,12,97509289039,0,0,0,0,0,0,0,0,0,0,11,0
36.0,13,97509289039,0,0,0,0,0,0,0,0,0,0,8,0
36.0,14,97509289039,0,0,0,0,0,0,0,0,0,0,2,0
36.0,15,97509289039,0,0,0,0,0,0,0,0,0,0,2,0
36.0,16,97509289039,0,0,0,0,0,0,0,0,0,0,2,0
36.0,17,97509289039,0,0,0,0,0,0,0,0,0,0,6,1
37.0,1,97509289039,0,0,0,0,0,0,0,0,0,0,5,0
37.0,2,97509289039,0,0,0,0,1,0,0,0,0,0,9,0
37.0,3,97509289039,0,0,0,0,0,0,0,0,0,0,7,0
37.0,4,97509289039,0,0,0,0,0,0,0,0,0,0,6,0
37.0,5,97509289039,0,0,0,0,0,0,0,0,0,0,4,0
37.0,6,97509289039,0,0,0,0,0,0,0,0,0,0,4,0
37.0,7,97509289039,0,0,0,0,0,0,0,0,0,0,3,0
37.0,8,97509289039,0,0,0,0,0,0,0,0,0,0,10,0
37.0,9,97509289039,0,0,0,0,0,0,0,0,0,0,8,0
37.0,10,97509289039,0,0,0,0,0,0,0,0,0,0,9,0
37.0,11,97509289039,0,0,0,0,1,0,0,0,0,0,1,0
37.0,12,97509289039,0,0,0,0,0,0,0,0,0,0,11,0
37.0,13,97509289039,0,0,0,0,0,0,0,0,0,0,8,0
37.0,14,97509289039,0,0,0,0,0,0,0,0,0,0,2,0
37.0,15,97509289039,0,0,0,0,0,0,0,0,0,0,2,0
37.0,16,97509289039,0,0,0,0,0,0,0,0,0,0,2,0
37.0,17,97509289039,0,0,0,0,0,0,0,0,0,0,6,1
38.0,1,97509289039,0,0,0,0,0,0,0,0,0,0,5,0
38.0,2,97509289039,0,0,0,0,1,0,0,0,0,0,9,0
38.0,3,97509289039,0,0,0,0,0,0,0,0,0,0,7,0
38.0,4,97509289039,0,0,0,0,0,0,0,0,0,0,6,0
38.0,5,97509289039,0,0,0,0,0,0,0,0,0,0,4,0
38.0,6,97509289039,0,0,0,0,0,0,0,0,0,0,4,0
38.0,7,97509289039,0,0,0,0,0,0,0,0,0,0,3,0
38.0,8,97509289039,0,0,0,0,0,0,0,0,0,0,10,0
38.0,9,97509289039,0,0,0,0,0,0,0,0,0,0,8,0
38.0,10,97509289039,0,0,0,0,0,0,0,0,0,0,9,0
38.0,11,97509289039,0,0,0,0,1,0,0,0,0,0,1,0
38.0,12,97509289039,0,0,0,0,0,0,0,0,0,0,11,0
38.0,13,97509289039,0,0,0,0,0,0,0,0,0,0,8,0
38.0,14,97509289039,0,0,0,0,0,0,0,0,0,0,2,0
38.0,15,97509289039,0,0,0,0,0,0,0,0,0,0,2,0
38.0,16,97509289039,0,0,0,0,0,0,0,0,0,0,2,0
38.0,17,97509289039,0,0,0,0,0,0,0,0,0,0,6,1
39.0,1,97509289039,0,0,0,0,0,0,0,0,0,0,5,0
39.0,2,97509289039,0,0,0,0,1,0,0,0,0,0,9,0
39.0,3,97509289039,0,0,0,0,0,0,0,0,0,0,7,0
39.0,4,97509289039,0,0,0,0,0,0,0,0,0,0,6,0
39.0,5,97509289039,0,0,0,0,0,0,0,0,0,0,4,0
39.0,6,97509289039,0,0,0,0,0,0,0,0,0,0,4,0
39.0,7,97509289039,0,0,0,0,0,0,0,0,0,0,3,0
39.0,8,97509289039,0,0,0,0,0,0,0,0,0,0,10,0
39.0,9,97509289039,0,0,0,0,0,0,0,0,0,0,8,0
39.0,10,97509289039,0,0,0,0,0,0,0,0,0,0,9,0
39.0,11,97509289039,0,0,0,0,1,0,0,0,0,0,1,0
39.0,12,97509289039,0,0,0,0,0,0,0,0,0,0,11,0
39.0,13,97509289039,0,0,0,0,0,0,0,0,0,0,8,0
39.0,14,97509289039,0,0,0,0,0,0,0,0,0,0,2,0
39.0,15,97509289039,0,0,0,0,0,0,0,0,0,0,2,0
39.0,16,97509289039,0,0,0,0,0,0,0,0,0,0,2,0
39.0,17,97509289039,0,0,0,0,0,0,0,0,0,0,6,1
40.0,1,97509289039,0,0,0,0,0,0,0,0,0,0,5,0
40.0,2,97509289039,0,0,0,0,1,0,0,0,0,0,9,0
40.0,3,97509289039,0,0,0,0,0,0,0,0,0,0,7,0
40.0,4,97509289039,0,0,0,0,0,0,0,0,0,0,6,0
40.0,5,97509289039,0,0,0,0,0,0,0,0,0,0,4,0
40.0,6,97509289039,0,0,0,0,0,0,0,0,0,0,4,0
40.0,7,97509289039,0,0,0,0,0,0,0,0,0,0,3,0
40.0,8,97509289039,0,0,0,0,0,0,0,0,0,0,10,0
40.0,9,97509289039,0,0,0,0,0,0,0,0,0,0,8,0
40.0,10,97509289039,0,0,0,0,0,0,0,0,0,0,9,0
40.0,11,97509289039,0,0,0,0,1,0,0,0,0,0,1,0
40.0,12,97509289039,0,0,0,0,0,0,0,0,0,0,11,0
40.0,13,97509289039,0,0,0,0,0,0,0,0,0,0,8,0
40.0,14,97509289039,0,0,0,0,0,0,0,0,0,0,2,0
40.0,15,97509289039,0,0,0,0,0,0,0,0,0,0,2,0
40.0,16,97509289039,0,0,0,0,0,0,0,0,0,0,2,0
40.0,17,97509289039,0,0,0,0,0,0,0,0,0,0,6,1
41.0,1,97509289039,0,0,0,0,0,0,0,0,0,0,5,0
41.0,2,97509289039,0,0,0,0,1,0,0,0,0,0,9,0
41.0,3,97509289039,0,0,0,0,0,0,0,0,0,0,7,0
41.0,4,97509289039,0,0,0,0,0,0,0,0,0,0,6,0
41.0,5,97509289039,0,0,0,0,0,0,0,0,0,0,4,0
41.0,6,97509289039,0,0,0,0,0,0,0,0,0,0,4,0
41.0,7,97509289039,0,0,0,0,0,0,0,0,0,0,3,0
41.0,8,97509289039,0,0,0,0,0,0,0,0,0,0,10,0
41.0,9,97509289039,0,0,0,0,0,0,0,0,0,0,8,0
41.0,10,97509289039,0,0,0,0,0,0,0,0,0,0,9,0
41.0,11,97509289039,0,0,0,0,1,0,0,0,0,0,1,0
41.0,12,97509289039,0,0,0,0,0,0,0,0,0,0,11,0
41.0,13,97509289039,0,0,0,0,0,0,0,0,0,0,8,0
41.0,14,97509289039,0,0,0,0,0,0,0,0,0,0,2,0
41.0,15,97509289039,0,0,0,0,0,0,0,0,0,0,2,0
41.0,16,97509289039,0,0,0,0,0,0,0,0,0,0,2,0
41.0,17,97509289039,0,0,0,0,0,0,0,0,0,0,6,1
42.0,1,97509289039,0,0,0,0,0,0,0,0,0,0,5,0
42.0,2,97509289039,0,0,0,0,0,0,0,0,0,0,10,0
42.0,3,97509289039,0,0,0,0,0,0,0,0,0,0,7,0
42.0,4,97509289039,0,0,0,0,0,0,0,0,0,0,6,0
42.0,5,97509289039,0,0,0,0,0,0,0,0,0,0,4,0
42.0,6,97509289039,0,0,0,0,0,0,0,0,0,0,4,0
42.0,7,97509289039,0,0,0,0,0,0,0,0,0,0,3,0
42.0,8,97509289039,0,0,0,0,0,0,0,0,0,0,10,0
42.0,9,97509289039,0,0,0,0,0,0,0,0,0,0,8,0
42.0,10,97509289039,0,0,0,0,0,0,0,0,0,0,9,0
42.0,11,97509289039,0,0,0,0,1,0,0,0,0,0,1,0
42.0,12,97509289039,0,0,0,0,0,0,0,0,0,0,11,0
42.0,13,97509289039,0,0,0,0,0,0,0,0,0,0,8,0
42.0,14,97509289039,0,0,0,0,0,0,0,0,0,0,2,0
42.0,15,97509289039,0,0,0,0,0,0,0,0,0,0,2,0
42.0,16,97509289039,0,0,0,0,0,0,0,0,0,0,2,0
42.0,17,97509289039,0,0,0,0,0,0,0,0,0,0,6,1
43.0,1,97509289039,0,0,0,0,0,0,0,0,0,0,5,0
43.0,2,97509289039,0,0,0,0,0,0,0,0,0,0,10,0
43.0,3,97509289039,0,0,0,0,0,0,0,0,0,0,7,0
43.0,4,97509289039,0,0,0,0,0,0,0,0,0,0,6,0
43.0,5,97509289039,0,0,0,0,0,0,0,0,0,0,4,0
43.0,6,97509289039,0,0,0,0,0,0,0,0,0,0,4,0
43.0,7,97509289039,0,0,0,0,0,0,0,0,0,0,3,0
43.0,8,97509289039,0,0,0,0,0,0,0,0,0,0,10,0
43.0,9,97509289039,0,0,0,0,0,0,0,0,0,0,8,0
43.0,10,97509289039,0,0,0,0,0,0,0,0,0,0,9,0
43.0,11,97509289039,0,0,0,0,0,0,0,0,0,0,2,0
43.0,12,97509289039,0,0,0,0,0,0,0,0,0,0,11,0
43.0,13,97509289039,0,0,0,0,0,0,0,0,0,0,8,0
43.0,14,97509289039,0,0,0,0,0,0,0,0,0,0,2,0
43.0,15,97509289039,0,0,0,0,0,0,0,0,0,0,2,0
43.0,16,97509289039,0,0,0,0,0,0,0,0,0,0,2,0
43.0,17,97509289039,0,0,0,0,0,0,0,0,0,0,6,1
44.0,1,97509289039,0,0,0,0,0,0,0,0,0,0,5,0
44.0,2,97509289039,0,0,0,0,0,0,0,0,0,0,10,0
44.0,3,97509289039,0,0,0,0,0,0,0,0,0,0,7,0
44.0,4,97509289039,0,0,0,0,0,0,0,0,0,0,6,0
44.0,5,97509289039,0,0,0,0,0,0,0,0,0,0,4,0
44.0,6,97509289039,0,0,0,0,0,0,0,0,0,0,4,0
44.0,7,97509289039,0,0,0,0,0,0,0,0,0,0,3,0
44.0,8,97509289039,0,0,0,0,0,0,0,0,0,0,10,0
44.0,9,97509289039,0,0,0,0,0,0,0,0,0,0,8,0
44.0,10,97509289039,0,0,0,0,0,0,0,0,0,0,9,0
44.0,11,97509289039,0,0,0,0,0,0,0,0,0,0,2,0
44.0,12,97509289039,0,0,0,0,0,0,0,0,0,0,11,0
44.0,13,97509289039,0,0,0,0,0,0,0,0,0,0,8,0
44.0,14,97509289039,0,0,0,0,0,0,0,0,0,0,2,0
44.0,15,97509289039,0,0,0,0,0,0,0,0,0,0,2,0
44.0,16,97509289039,0,0,0,0,0,0,0,0,0,0,2,0
44.0,17,97509289039,0,0,0,0,0,0,0,0,0,0,6,1
45.0,1,97509289039,0,0,0,0,0,0,0,0,0,0,5,0
45.0,2,97509289039,0,0,0,0,0,0,0,0,0,0,10,0
45.0,3,97509289039,0,0,0,0,0,0,0,0,0,0,7,0
45.0,4,97509289039,0,0,0,0,0,0,0,0,0,0,6,0
45.0,5,97509289039,0,0,0,0,0,0,0,0,0,0,4,0
45.0,6,97509289039,0,0,0,0,0,0,0,0,0,0,4,0
45.0,7,97509289039,0,0,0,0,0,0,0,0,0,0,3,0
45.0,8,97509289039,0,0,0,0,0,0,0,0,0,0,10,0
45.0,9,97509289039,0,0,0,0,0,0,0,0,0,0,8,0
45.0,10,97509289039,0,0,0,0,0,0,0,0,0,0,9,0
45.0,11,97509289039,0,0,0,0,0,0,0,0,0,0,2,0
45.0,12,97509289039,0,0,0,0,0,0,0,0,0,0,11,0
45.0,13,97509289039,0,0,0,0,0,0,0,0,0,0,8,0
45.0,14,97509289039,0,0,0,0,0,0,0,0,0,0,2,0
45.0,15,97509289039,0,0,0,0,0,0,0,0,0,0,2,0
45.0,16,97509289039,0,0,0,0,0,0,0,0,0,0,2,0
45.0,17,97509289039,0,0,0,0,0,0,0,0,0,0,6,1
46.0,1,97509289039,0,0,0,0,0,0,0,0,0,0,5,0
46.0,2,97509289039,0,0,0,0,0,0,0,0,0,0,10,0
46.0,3,97509289039,0,0,0,0,0,0,0,0,0,0,7,0
46.0,4,97509289039,0,0,0,0,0,0,0,0,0,0,6,0
46.0,5,97509289039,0,0,0,0,0,0,0,0,0,0,4,0
46.0,6,97509289039,0,0,0,0,0,0,0,0,0,0,4,0
46.0,7,97509289039,0,0,0,0,0,0,0,0,0,0,3,0
46.0,8,97509289039,0,0,0,0,0,0,0,0,0,0,10,0
46.0,9,97509289039,0,0,0,0,0,0,0,0,0,0,8,0
46.0,10,97509289039,0,0,0,0,0,0,0,0,0,0,9,0
46.0,11,97509289039,0,0,0,0,0,0,0,0,0,0,2,0
46.0,12,97509289039,0,0,0,0,0,0,0,0,0,0,11,0
46.0,13,97509289039,0,0,0,0,0,0,0,0,0,0,8,0
46.0,14,97509289039,0,0,0,0,0,0,0,0,0,0,2,0
46.0,15,97509289039,0,0,0,0,0,0,0,0,0,0,2,0
46.0,16,97509289039,0,0,0,0,0,0,0,0,0,0,2,0
46.0,17,97509289039,0,0,0,0,0,0,0,0,0,0,6,1
47.0,1,97509289039,0,0,0,0,0,0,0,0,0,0,5,0
47.0,2,97509289039,0,0,0,0,0,0,0,0,0,0,10,0
47.0,3,97509289039,0,0,0,0,0,0,0,0,0,0,7,0
47.0,4,97509289039,0,0,0,0,0,0,0,0,0,0,6,0
47.0,5,97509289039,0,0,0,0,0,0,0,0,0,0,4,0
47.0,6,97509289039,0,0,0,0,0,0,0,0,0,0,4,0
47.0,7,97509289039,0,0,0,0,0,0,0,0,0,0,3,0
47.0,8,97509289039,0,0,0,0,0,0,0,0,0,0,10,0
47.0,9,97509289039,0,0,0,0,0,0,0,0,0,0,8,0
47.0,10,97509289039,0,0,0,0,0,0,0,0,0,0,9,0
47.0,11,97509289039,0,0,0,0,0,0,0,0,0,0,2,0
47.0,12,97509289039,0,0,0,0,0,0,0,0,0,0,11,0
47.0,13,97509289039,0,0,0,0,0,0,0,0,0,0,8,0
47.0,14,97509289039,0,0,0,0,0,0,0,0,0,0,2,0
47.0,15,97509289039,0,0,0,0,0,0,0,0,0,0,2,0
47.0,16,97509289039,0,0,0,0,0,0,0,0,0,0,2,0
47.0,17,97509289039,0,0,0,0,0,0,0,0,0,0,6,1
48.0,1,97509289039,0,0,0,0,0,0,0,0,0,0,5,0
48.0,2,97509289039,0,0,0,0,0,0,0,0,0,0,10,0
48.0,3,97509289039,0,0,0,0,0,0,0,0,0,0,7,0
48.0,4,97509289039,0,0,0,0,0,0,0,0,0,0,6,0
48.0,5,97509289039,0,0,0,0,0,0,0,0,0,0,4,0
48.0,6,97509289039,0,0,0,0,0,0,0,0,0,0,4,0
48.0,7,97509289039,0,0,0,0,0,0,0,0,0,0,3,0
48.0,8,97509289039,0,0,0,0,0,0,0,0,0,0,10,0
48.0,9,97509289039,0,0,0,0,0,0,0,0,0,0,8,0
48.0,10,97509289039,0,0,0,0,0,0,0,0,0,0,9,0
48.0,11,97509289039,0,0,0,0,0,0,0,0,0,0,2,0
48.0,12,97509289039,0,0,0,0,0,0,0,0,0,0,11,0
48.0,13,97509289039,0,0,0,0,0,0,0,0,0,0,8,0
48.0,14,97509289039,0,0,0,0,0,0,0,0,0,0,2,0
48.0,15,97509289039,0,0,0,0,0,0,0,0,0,0,2,0
48.0,16,97509289039,0,0,0,0,0,0,0,0,0,0,2,0
48.0,17,97509289039,0,0,0,0,0,0,0,0,0,0,6,1
49.0,1,97509289039,0,0,0,0,0,0,0,0,0,0,5,0
49.0,2,97509289039,0,0,0,0,0,0,0,0,0,0,10,0
49.0,3,97509289039,0,0,0,0,0,0,0,0,0,0,7,0
49.0,4,97509289039,0,0,0,0,0,0,0,0,0,0,6,0
49.0,5,97509289039,0,0,0,0,0,0,0,0,0,0,4,0
49.0,6,97509289039,0,0,0,0,0,0,0,0,0,0,4,0
49.0,7,97509289039,0,0,0,0,0,0,0,0,0,0,3,0
49.0,8,97509289039,0,0,0,0,0,0,0,0,0,0,10,0
49.0,9,97509289039,0,0,0,0,0,0,0,0,0,0,8,0
49.0,10,97509289039,0,0,0,0,0,0,0,0,0,0,9,0
49.0,11,97509289039,0,0,0,0,0,0,0,0,0,0,2,0
49.0,12,97509289039,0,0,0,0,0,0,0,0,0,0,11,0
49.0,13,97509289039,0,0,0,0,0,0,0,0,0,0,8,0
49.0,14,97509289039,0,0,0,0,0,0,0,0,0,0,2,0
49.0,15,97509289039,0,0,0,0,0,0,0,0,0,0,2,0
49.0,16,97509289039,0,0,0,0,0,0,0,0,0,0,2,0
49.0,17,97509289039,0,0,0,0,0,0,0,0,0,0,6,1
50.0,1,97509289039,0,0,0,0,0,0,0,0,0,0,5,0
50.0,2,97509289039,0,0,0,0,0,0,0,0,0,0,10,0
50.0,3,97509289039,0,0,0,0,0,0,0,0,0,0,7,0
50.0,4,97509289039,0,0,0,0,0,0,0,0,0,0,6,0
50.0,5,97509289039,0,0,0,0,0,0,0,0,0,0,4,0
50.0,6,97509289039,0,0,0,0,0,0,0,0,0,0,4,0
50.0,7,97509289039,0,0,0,0,0,0,0,0,0,0,3,0
50.0,8,97509289039,0,0,0,0,0,0,0,0,0,0,10,0
50.0,9,97509289039,0,0,0,0,0,0,0,0,0,0,8,0
50.0,10,97509289039,0,0,0,0,0,0,0,0,0,0,9,0
50.0,11,97509289039,0,0,0,0,0,0,0,0,0,0,2,0
50.0,12,97509289039,0,0,0,0,0,0,0,0,0,0,11,0
50.0,13,97509289039,0,0,0,0,0,0,0,0,0,0,8,0
50.0,14,97509289039,0,0,0,0,0,0,0,0,0,0,2,0
50.0,15,97509289039,0,0,0,0,0,0,0,0,0,0,2,0
50.0,16,97509289039,0,0,0,0,0,0,0,0,0,0,2,0
50.0,17,97509289039,0,0,0,0,0,0,0,0,0,0,6,1
51.0,1,97509289039,0,0,0,0,0,0,0,0,0,0,5,0
51.0,2,97509289039,0,0,0,0,0,0,0,0,0,0,10,0
51.0,3,97509289039,0,0,0,0,0,0,0,0,0,0,7,0
51.0,4,97509289039,0,0,0,0,0,0,0,0,0,0,6,0
51.0,5,97509289039,0,0,0,0,0,0,0,0,0,0,4,0
51.0,6,97509289039,0,0,0,0,0,0,0,0,0,0,4,0
51.0,7,97509289039,0,0,0,0,0,0,0,0,0,0,3,0
51.0,8,97509289039,0,0,0,0,0,0,0,0,0,0,10,0
51.0,9,97509289039,0,0,0,0,0,0,0,0,0,0,8,0
51.0,10,97509289039,0,0,0,0,0,0,0,0,0,0,9,0
51.0,11,97509289039,0,0,0,0,0,0,0,0,0,0,2,0
51.0,12,97509289039,0,0,0,0,0,0,0,0,0,0,11,0
51.0,13,97509289039,0,0,0,0,0,0,0,0,0,0,8,0
51.0,14,97509289039,0,0,0,0,0,0,0,0,0,0,2,0
51.0,15,97509289039,0,0,0,0,0,0,0,0,0,0,2,0
51.0,16,97509289039,0,0,0,0,0,0,0,0,0,0,2,0
51.0,17,97509289039,0,0,0,0,0,0,0,0,0,0,6,1
52.0,1,97509289039,0,0,0,0,0,0,0,0,0,0,5,0
52.0,2,97509289039,0,0,0,0,0,0,0,0,0,0,10,0
52.0,3,97509289039,0,0,0,0,0,0,0,0,0,0,7,0
52.0,4,97509289039,0,0,0,0,0,0,0,0,0,0,6,0
52.0,5,97509289039,0,0,0,0,0,0,0,0,0,0,4,0
52.0,6,97509289039,0,0,0,0,0,0,0,0,0,0,4,0
52.0,7,97509289039,0,0,0,0,0,0,0,0,0,0,3,0
52.0,8,97509289039,0,0,0,0,0,0,0,0,0,0,10,0
52.0,9,97509289039,0,0,0,0,0,0,0,0,0,0,8,0
52.0,10,97509289039,0,0,0,0,0,0,0,0,0,0,9,0
52.0,11,97509289039,0,0,0,0,0,0,0,0,0,0,2,0
52.0,12,97509289039,0,0,0,0,0,0,0,0,0,0,11,0
52.0,13,97509289039,0,0,0,0,0,0,0,0,0,0,8,0
52.0,14,97509289039,0,0,0,0,0,0,0,0,0,0,2,0
52.0,15,97509289039,0,0,0,0,0,0,0,0,0,0,2,0
52.0,16,97509289039,0,0,0,0,0,0,0,0,0,0,2,0
52.0,17,97509289039,0,0,0,0,0,0,0,0,0,0,6,1
53.0,1,97509289039,0,0,0,0,0,0,0,0,0,0,5,0
53.0,2,97509289039,0,0,0,0,0,0,0,0,0,0,10,0
53.0,3,97509289039,0,0,0,0,0,0,0,0,0,0,7,0
53.0,4,97509289039,0,0,0,0,0,0,0,0,0,0,6,0
53.0,5,97509289039,0,0,0,0,0,0,0,0,0,0,4,0
53.0,6,97509289039,0,0,0,0,0,0,0,0,0,0,4,0
53.0,7,97509289039,0,0,0,0,0,0,0,0,0,0,3,0
53.0,8,97509289039,0,0,0,0,0,0,0,0,0,0,10,0
53.0,9,97509289039,0,0,0,0,0,0,0,0,0,0,8,0
53.0,10,97509289039,0,0,0,0,0,0,0,0,0,0,9,0
53.0,11,97509289039,0,0,0,0,0,0,0,0,0,0,2,0
53.0,12,97509289039,0,0,0,0,0,0,0,0,0,0,11,0
53.0,13,97509289039,0,0,0,0,0,0,0,0,0,0,8,0
53.0,14,97509289039,0,0,0,0,0,0,0,0,0,0,2,0
53.0,15,97509289039,0,0,0,0,0,0,0,0,0,0,2,0
53.0,16,97509289039,0,0,0,0,0,0,0,0,0,0,2,0
53.0,17,97509289039,0,0,0,0,0,0,0,0,0,0,6,1
54.0,1,97509289039,0,0,0,0,0,0,0,0,0,0,5,0
54.0,2,97509289039,0,0,0,0,0,0,0,0,0,0,10,0
54.0,3,97509289039,0,0,0,0,0,0,0,0,0,0,7,0
54.0,4,97509289039,0,0,0,0,0,0,0,0,0,0,6,0
54.0,5,97509289039,0,0,0,0,0,0,0,0,0,0,4,0
54.0,6,97509289039,0,0,0,0,0,0,0,0,0,0,4,0
54.0,7,97509289039,0,0,0,0,0,0,0,0,0,0,3,0
54.0,8,97509289039,0,0,0,0,0,0,0,0,0,0,10,0
54.0,9,97509289039,0,0,0,0,0,0,0,0,0,0,8,0
54.0,10,97509289039,0,0,0,0,0,0,0,0,0,0,9,0
54.0,11,97509289039,0,0,0,0,0,0,0,0,0,0,2,0
54.0,12,97509289039,0,0,0,0,0,0,0,0,0,0,11,0
54.0,13,97509289039,0,0,0,0,0,0,0,0,0,0,8,0
54.0,14,97509289039,0,0,0,0,0,0,0,0,0,0,2,0
54.0,15,97509289039,0,0,0,0,0,0,0,0,0,0,2,0
54.0,16,97509289039,0,0,0,0,0,0,0,0,0,0,2,0
54.0,17,97509289039,0,0,0,0,0,0,0,0,0,0,6,1
55.0,1,97509289039,0,0,0,0,0,0,0,0,0,0,5,0
55.0,2,97509289039,0,0,0,0,0,0,0,0,0,0,10,0
55.0,3,97509289039,0,0,0,0,0,0,0,0,0,0,7,0
55.0,4,97509289039,0,0,0,0,0,0,0,0,0,0,6,0
55.0,5,97509289039,0,0,0,0,0,0,0,0,0,0,4,0
55.0,6,97509289039,0,0,0,0,0,0,0,0,0,0,4,0
55.0,7,97509289039,0,0,0,0,0,0,0,0,0,0,3,0
55.0,8,97509289039,0,0,0,0,0,0,0,0,0,0,10,0
55.0,9,97509289039,0,0,0,0,0,0,0,0,0,0,8,0
55.0,10,97509289039,0,0,0,0,0,0,0,0,0,0,9,0
55.0,11,97509289039,0,0,0,0,0,0,0,0,0,0,2,0
55.0,12,97509289039,0,0,0,0,0,0,0,0,0,0,11,0
55.0,13,97509289039,0,0,0,0,0,0,0,0,0,0,8,0
55.0,14,97509289039,0,0,0,0,0,0,0,0,0,0,2,0
55.0,15,97509289039,0,0,0,0,0,0,0,0,0,0,2,0
55.0,16,97509289039,0,0,0,0,0,0,0,0,0,0,2,0
55.0,17,97509289039,0,0,0,0,0,0,0,0,0,0,6,1
56.0,1,97509289039,0,0,0,0,0,0,0,0,0,0,5,0
56.0,2,97509289039,0,0,0,0,0,0,0,0,0,0,10,0
56.0,3,97509289039,0,0,0,0,0,0,0,0,0,0,7,0
56.0,4,97509289039,0,0,0,0,0,0,0,0,0,0,6,0
56.0,5,97509289039,0,0,0,0,0,0,0,0,0,0,4,0
56.0,6,97509289039,0,0,0,0,0,0,0,0,0,0,4,0
56.0,7,97509289039,0,0,0,0,0,0,0,0,0,0,3,0
56.0,8,97509289039,0,0,0,0,0,0,0,0,0,0,10,0
56.0,9,97509289039,0,0,0,0,0,0,0,0,0,0,8,0
56.0,10,97509289039,0,0,0,0,0,0,0,0,0,0,9,0
56.0,11,97509289039,0,0,0,0,0,0,0,0,0,0,2,0
56.0,12,97509289039,0,0,0,0,0,0,0,0,0,0,11,0
56.0,13,97509289039,0,0,0,0,0,0,0,0,0,0,8,0
56.0,14,97509289039,0,0,0,0,0,0,0,0,0,0,2,0
56.0,15,97509289039,0,0,0,0,0,0,0,0,0,0,2,0
56.0,16,97509289039,0,0,0,0,0,0,0,0,0,0,2,0
56.0,17,97509289039,0,0,0,0,0,0,0,0,0,0,6,1
57.0,1,97509289039,0,0,0,0,0,0,0,0,0,0,5,0
57.0,2,97509289039,0,0,0,0,0,0,0,0,0,0,10,0
57.0,3,97509289039,0,0,0,0,0,0,0,0,0,0,7,0
57.0,4,97509289039,0,0,0,0,0,0,0,0,0,0,6,0
57.0,5,97509289039,0,0,0,0,0,0,0,0,0,0,4,0
57.0,6,97509289039,0,0,0,0,0,0,0,0,0,0,4,0
57.0,7,97509289039,0,0,0,0,0,0,0,0,0,0,3,0
57.0,8,97509289039,0,0,0,0,0,0,0,0,0,0,10,0
57.0,9,97509289039,0,0,0,0,0,0,0,0,0,0,8,0
57.0,10,97509289039,0,0,0,0,0,0,0,0,0,0,9,0
57.0,11,97509289039,0,0,0,0,0,0,0,0,0,0,2,0
57.0,12,97509289039,0,0,0,0,0,0,0,0,0,0,11,0
57.0,13,97509289039,0,0,0,0,0,0,0,0,0,0,8,0
57.0,14,97509289039,0,0,0,0,0,0,0,0,0,0,2,0
57.0,15,97509289039,0,0,0,0,0,0,0,0,0,0,2,0
57.0,16,97509289039,0,0,0,0,0,0,0,0,0,0,2,0
57.0,17,97509289039,0,0,0,0,0,0,0,0,0,0,6,1
58.0,1,97509289039,0,0,0,0,0,0,0,0,0,0,5,0
58.0,2,97509289039,0,0,0,0,0,0,0,0,0,0,10,0
58.0,3,97509289039,0,0,0,0,0,0,0,0,0,0,7,0
58.0,4,97509289039,0,0,0,0,0,0,0,0,0,0,6,0
58.0,5,97509289039,0,0,0,0,0,0,0,0,0,0,4,0
58.0,6,97509289039,0,0,0,0,0,0,0,0,0,0,4,0
58.0,7,97509289039,0,0,0,0,0,0,0,0,0,0,3,0
58.0,8,97509289039,0,0,0,0,0,0,0,0,0,0,10,0
58.0,9,97509289039,0,0,0,0,0,0,0,0,0,0,8,0
58.0,10,97509289039,0,0,0,0,0,0,0,0,0,0,9,0
58.0,11,97509289039,0,0,0,0,0,0,0,0,0,0,2,0
58.0,12,97509289039,0,0,0,0,0,0,0,0,0,0,11,0
58.0,13,97509289039,0,0,0,0,0,0,0,0,0,0,8,0
58.0,14,97509289039,0,0,0,0,0,0,0,0,0,0,2,0
58.0,15,97509289039,0,0,0,0,0,0,0,0,0,0,2,0
58.0,16,97509289039,0,0,0,0,0,0,0,0,0,0,2,0
58.0,17,97509289039,0,0,0,0,0,0,0,0,0,0,6,1
59.0,1,97509289039,0,0,0,0,0,0,0,0,0,0,5,0
59.0,2,97509289039,0,0,0,0,0,0,0,0,0,0,10,0
59.0,3,97509289039,0,0,0,0,0,0,0,0,0,0,7,0
59.0,4,97509289039,0,0,0,0,0,0,0,0,0,0,6,0
59.0,5,97509289039,0,0,0,0,0,0,0,0,0,0,4,0
59.0,6,97509289039,0,0,0,0,0,0,0,0,0,0,4,0
59.0,7,97509289039,0,0,0,0,0,0,0,0,0,0,3,0
59.0,8,97509289039,0,0,0,0,0,0,0,0,0,0,10,0
59.0,9,97509289039,0,0,0,0,0,0,0,0,0,0,8,0
59.0,10,97509289039,0,0,0,0,0,0,0,0,0,0,9,0
59.0,11,97509289039,0,0,0,0,0,0,0,0,0,0,2,0
59.0,12,97509289039,0,0,0,0,0,0,0,0,0,0,11,0
59.0,13,97509289039,0,0,0,0,0,0,0,0,0,0,8,0
59.0,14,97509289039,0,0,0,0,0,0,0,0,0,0,2,0
59.0,15,97509289039,0,0,0,0,0,0,0,0,0,0,2,0
59.0,16,97509289039,0,0,0,0,0,0,0,0,0,0,2,0
59.0,17,97509289039,0,0,0,0,0,0,0,0,0,0,6,1
60.0,1,97509289039,0,0,0,0,0,0,0,0,0,0,5,0
60.0,2,97509289039,0,0,0,0,0,0,0,0,0,0,10,0
60.0,3,97509289039,0,0,0,0,0,0,0,0,0,0,7,0
60.0,4,97509289039,0,0,0,0,0,0,0,0,0,0,6,0
60.0,5,97509289039,0,0,0,0,0,0,0,0,0,0,4,0
60.0,6,97509289039,0,0,0,0,0,0,0,0,0,0,4,0
60.0,7,97509289039,0,0,0,0,0,0,0,0,0,0,3,0
60.0,8,97509289039,0,0,0,0,0,0,0,0,0,0,10,0
60.0,9,97509289039,0,0,0,0,0,0,0,0,0,0,8,0
60.0,10,97509289039,0,0,0,0,0,0,0,0,0,0,9,0
60.0,11,97509289039,0,0,0,0,0,0,0,0,0,0,2,0
60.0,12,97509289039,0,0,0,0,0,0,0,0,0,0,11,0
60.0,13,97509289039,0,0,0,0,0,0,0,0,0,0,8,0
60.0,14,97509289039,0,0,0,0,0,0,0,0,0,0,2,0
60.0,15,97509289039,0,0,0,0,0,0,0,0,0,0,2,0
60.0,16,97509289039,0,0,0,0,0,0,0,0,0,0,2,0
60.0,17,97509289039,0,0,0,0,0,0,0,0,0,0,6,1
