av_infections_4,sd_infections_4,av_susceptible_4,sd_susceptible_4,av_recovered_4,sd_recovered_4,av_infections_6,sd_infections_6,av_susceptible_6,sd_susceptible_6,av_recovered_6,sd_recovered_6,av_infections_8,sd_infections_8,av_susceptible_8,sd_susceptible_8,av_recovered_8,sd_recovered_8,av_infections_12,sd_infections_12,av_susceptible_12,sd_susceptible_12,av_recovered_12,sd_recovered_12,av_infections_15,sd_infections_15,av_susceptible_15,sd_susceptible_15,av_recovered_15,sd_recovered_15,time
10.0,0.0,9990.0,0.0,0.0,0.0,10.0,0.0,9990.0,0.0,0.0,0.0,10.0,0.0,9990.0,0.0,0.0,0.0,10.0,0.0,9990.0,0.0,0.0,0.0,10.0,0.0,9990.0,0.0,0.0,0.0,0
9.9,0.31622776601683794,9990.0,0.0,0.1,0.31622776601683794,9.7,0.6749485577105528,9990.0,0.0,0.3,0.6749485577105528,9.9,0.31622776601683794,9990.0,0.0,0.1,0.31622776601683794,9.8,0.4216370213557839,9990.0,0.0,0.2,0.42163702135578396,9.8,0.4216370213557839,9990.0,0.0,0.2,0.42163702135578396,1
13.3,3.8600518131237567,9868.0,65.71318149520857,0.3,0.4830458915396479,8.9,2.7264140062238043,9921.1,47.49608170973452,0.5,0.7071067811865476,9.4,2.118699810942761,9917.6,32.19799855753632,0.3,0.4830458915396479,5.5,2.068278940998476,9934.5,17.36695457214969,0.2,0.42163702135578396,6.4,2.547329756605707,9949.2,7.955431408094027,0.2,0.42163702135578396,2
32.4,15.931799089312614,9826.4,78.96018687358276,1.2,0.9189365834726815,18.9,10.170217958988555,9901.9,54.94330411129883,1.2,1.1352924243950933,20.0,5.395471352079548,9898.9,37.06585730531236,0.9,0.7378647873726218,15.9,5.6460408940936455,9923.2,20.842264752180842,0.6,0.8432740427115678,13.8,3.259175083088085,9937.4,9.979979959899719,0.4,0.5163977794943222,3
64.7,30.335347918448758,9715.3,134.90824042041808,2.6,1.577621275493231,31.5,18.703832049431295,9849.8,84.89967936073467,2.4,1.6465452046971292,37.4,12.668420931153532,9860.3,54.209572750371116,1.3,1.1595018087284057,28.3,6.733828364641056,9893.8,23.126704141412898,1.3,1.0593499054713802,22.8,5.116422361159972,9921.5,13.607595917966798,0.8,1.0327955589886446,4
111.7,50.5416220115219,9543.3,183.44908467110614,5.0,2.6246692913372702,55.3,33.12618970609878,9773.3,135.07203839268718,3.8,2.2997584414213788,58.6,22.157015442819308,9794.8,75.96607429928471,2.2,1.5491933384829668,44.0,9.368979548370131,9850.1,32.73954455666385,2.0,1.1547005383792515,32.8,5.2451035367389185,9880.3,23.888863049081632,1.4,0.8432740427115678,5
189.3,76.25840572975837,9291.4,212.72266765282288,8.9,4.976611966656298,91.3,52.08550662132413,9645.6,187.10199238799024,5.7,3.7133393177689653,86.3,34.07850414035869,9709.9,117.15274929196782,4.4,1.837873166945363,62.2,14.710540438746634,9795.0,47.73538170651479,4.4,2.503331114069145,51.0,8.640987597877148,9835.4,22.92596780945136,2.8,1.0327955589886444,6
292.0,103.54816378006045,8987.8,297.6148891138046,18.9,7.852105167122735,143.1,76.9392978623769,9482.3,260.6999339385332,9.1,4.931756504757937,124.0,48.228622207149975,9615.3,152.4285260558389,8.1,2.5582111805799856,90.0,20.055478608655097,9729.3,62.31648613685182,5.9,3.725288952252936,70.6,11.596934460834419,9798.3,27.05981029743803,5.2,1.5491933384829668,7
444.0,141.21850681361374,8535.9,390.743294532641,32.8,12.416834450767949,211.1,105.17440542049933,9287.9,304.5668873808985,16.4,9.179687721631202,166.8,65.72129707247787,9477.1,189.85634920469036,16.1,4.771442828607157,123.4,30.335897327533708,9657.9,69.83066820690048,11.2,5.094659513211414,92.9,14.999629625057043,9755.7,36.64560000873229,9.1,1.66332999331662,8
635.3,182.21053146779903,8039.5,466.896431532495,56.6,20.178095934838737,312.5,139.11486061684585,9034.2,345.1330822225601,26.6,14.796395957574713,228.2,82.28649139844686,9333.3,214.76966990501967,26.5,7.5901983578238,162.7,38.22172157294854,9567.1,92.44872452698667,17.8,6.408327915038888,117.5,21.950702342597907,9704.4,55.52817102856691,14.0,3.265986323710904,9
866.8,222.26200754964847,7537.7,511.9774409092651,88.5,29.19379690581165,436.8,171.26834046152385,8722.8,426.14285554650957,43.2,22.616611397623455,301.6,103.18182441151585,9166.1,263.5616942324257,40.8,13.830722645215937,206.7,43.20506657531936,9478.2,113.3037216217249,29.1,9.194805296712076,145.6,26.38686541949738,9651.9,64.19839042634429,20.7,4.691600058733813,10
1143.2,267.11786828206675,7035.5,539.1668985058749,137.4,44.35763744835831,576.4,205.4129715691998,8367.5,520.8747450203359,65.8,31.18332887938682,391.6,119.50099953091978,8974.3,302.6828373066435,60.3,24.39968123653349,258.8,54.18445861642945,9383.2,135.45216457808598,41.3,11.681419244062578,176.2,32.89647059758505,9599.6,68.00196075604487,30.9,4.724639903973871,11
1439.7,306.67067026372115,6438.2,628.8408737068897,207.1,65.71563318149224,749.2,253.966226976038,8001.8,604.6300613690252,102.6,44.9449045437238,495.0,147.77761069330572,8752.6,358.04133839544284,86.5,33.629517457799544,309.9,69.43494157202922,9273.3,156.85524111953248,59.1,15.814550262337528,202.7,39.5166631519751,9522.1,74.59885313387123,44.5,6.900080514828151,12
1764.7,332.9591399689891,5806.4,662.7657873554494,300.8,86.18043088002443,938.1,293.10841755985865,7613.4,674.4151705160717,151.5,63.99696173343787,607.1,182.55681003153205,8488.6,429.72683830028063,117.1,42.88602465968501,364.0,81.54480704223633,9153.8,173.63806546312873,83.4,19.844954578487254,236.7,45.828302754229654,9449.4,94.10301683675065,58.6,10.394442959795605,13
2090.7,353.31448062911636,5158.4,722.3343639432734,423.6,116.38938477751692,1158.5,348.67630643143315,7176.7,781.7341193355534,213.1,85.33652337787274,736.5,214.4223506177573,8240.9,491.5895871783924,157.3,56.31074497820109,420.2,95.92798224594208,9041.7,199.73763346505893,110.0,23.949019928914744,273.0,49.14377998395231,9367.1,113.40825954635461,78.9,13.819872969347038,14
2429.8,371.148308182412,4553.3,767.210828622456,574.6,145.29296075324655,1392.5,406.02743475998983,6687.9,956.5876215892498,290.2,105.61649702790018,863.1,245.37610587286883,7981.0,554.9342303372536,211.0,72.7644601894817,477.8,106.94733906616533,8912.7,215.61078616597806,140.7,29.6124973617559,318.2,61.811182016057764,9289.5,127.21132898536287,95.9,15.737075826072504,15
2773.0,402.17022377208497,3918.5,769.0005418290245,753.1,177.67226382678118,1637.9,480.3569159142675,6189.1,1106.3921798148954,390.2,133.60289418022847,997.3,286.31414371087027,7735.6,631.6052212858564,273.8,91.91759594574067,539.4,110.72207448281385,8775.0,257.414063329881,177.7,38.82167206886152,360.0,65.28910067282798,9204.2,126.56732946889923,119.1,18.782083661475546,16
3092.3,406.56010899032174,3295.4,747.3431756711384,969.9,208.15669845361958,1906.0,567.54363513106,5671.5,1277.3350948143734,510.6,166.00414988119357,1130.9,319.66004511737844,7473.5,739.6857065297696,350.5,113.80612168654784,602.6,127.44689525881401,8607.8,290.6264498171723,220.1,46.25400883527106,396.0,69.10539454742701,9107.2,148.14992406342975,148.2,25.31929435562268,17
3389.6,415.8883931483969,2712.8,747.8200615418419,1219.5,239.92603026766395,2174.4,665.646920087686,5167.6,1421.2494659434158,657.7,199.8399637487735,1268.6,372.1174247166851,7175.5,813.8868676501257,438.8,134.76547530184922,675.5,145.6008623295587,8456.0,300.2176987898393,270.1,55.424523252598014,438.1,78.01773302696424,9019.8,163.61051310964098,179.3,29.39406591662867,18
3673.2,409.3473938953183,2144.9,712.9512138522056,1512.2,264.13414100499097,2424.9,741.703212582739,4683.2,1552.9560915306724,828.6,235.10858011660153,1400.8,417.0826723271485,6869.2,900.9602038319389,541.8,160.05540707309245,742.9,158.9132887248053,8312.0,325.5600303067521,327.7,64.33946430198705,480.4,86.90249964439714,8922.4,180.63542165244212,217.4,36.0438005148674,19
3915.6,396.8834701633326,1598.2,644.8844513209755,1842.3,296.66780898656475,2657.0,827.3975263841841,4211.5,1681.907597541157,1028.5,285.16671537112387,1535.6,455.06170521760623,6555.4,958.55611323606,662.7,195.57553243923147,813.8,167.03346304791077,8152.5,359.20413570992065,389.9,79.98534588007703,523.1,93.07637246428929,8809.6,203.98322371105806,261.8,41.49912984362175,20
4120.4,384.4052260021679,1138.6,581.9704459850174,2199.5,320.9843367587341,2870.0,894.1491299926801,3777.0,1759.4574921454246,1262.2,351.7880675128769,1663.5,487.3240423190941,6251.9,1009.3863317217381,798.2,229.8157716278169,876.1,179.92927622942423,7973.9,406.65039584936403,465.2,88.34503067204429,565.6,107.84577465580703,8685.0,229.61707253599414,306.9,47.850345406857365,21
4301.3,333.31701626729665,769.2,522.0099615907727,2569.6,354.3119153137999,3075.6,949.6745875415548,3352.5,1806.0577848513658,1509.4,415.57061172962335,1797.1,525.216875839559,5938.9,1055.5692987409423,939.8,259.60174627044915,946.3,194.1042388912606,7810.8,444.29714781388765,541.3,102.87106277061376,609.1,116.93440706462557,8578.1,255.9624321393018,357.4,54.56942570911134,22
4397.9,287.2812984592705,503.1,438.70958503319713,2974.5,389.73359847179944,3232.4,960.9925655857651,2969.6,1806.5476713579658,1794.2,491.5322528131349,1923.8,546.1851131052344,5623.6,1080.0462130030467,1103.7,297.54628024710524,1019.6,206.142992442948,7641.8,467.80261744553,624.6,116.48957988688181,652.5,127.81431844672177,8466.0,281.42218186284543,410.7,65.37422189891738,23
4425.4,239.89358752024478,327.9,355.8518574413297,3401.6,411.58290645857596,3351.5,957.981819590887,2600.1,1773.4453880637107,2097.9,566.9886242245077,2035.2,557.2230353378359,5326.1,1135.5511094716178,1274.1,346.76423306525334,1081.3,226.25258746218424,7464.4,481.9101345456202,717.0,133.59807051168232,690.0,141.40171301806936,8346.4,325.02211890543356,470.1,76.58321545148708,24
4377.6,208.92593052190637,197.5,257.13690689764644,3842.0,440.6696923748873,3434.6,923.8401978216315,2254.3,1697.9608718171987,2432.6,659.0193387821703,2140.9,566.7165566273458,5027.3,1164.77256244394,1471.9,397.1536086816899,1139.4,237.5047134035215,7290.0,535.5022564533848,818.8,157.5216387251817,733.7,153.30293176873326,8215.4,378.03856358254717,533.2,92.19399835853379,25
4267.0,177.2374427459139,117.3,173.4461491837356,4295.0,468.06433555892954,3522.4,859.3562448458472,1930.3,1583.6831227658306,2757.6,746.9233487372643,2240.8,552.4862592559806,4729.9,1188.4668414950977,1664.7,454.2532455702558,1199.1,258.3849195805875,7101.7,584.0848587510399,924.7,174.01791095554884,786.1,187.66012421988378,8090.0,414.24281660773687,595.7,102.70675624211768,26
4110.2,188.79136044262665,68.6,90.2295837171921,4735.1,474.74682141584105,3553.6,774.7550437252912,1655.2,1473.8067715952454,3104.1,833.055213589645,2319.8,543.8818907732735,4430.5,1195.1599846417587,1879.9,506.80709676693886,1257.1,277.40762226169795,6913.4,638.7002774732797,1038.1,194.37789654862166,824.5,200.14064499191008,7940.8,456.55808928206375,671.7,118.5880357465382,27
3889.2,215.93867442195508,37.6,41.39028334712817,5197.2,483.28638852478906,3556.9,662.1004371610767,1397.7,1348.368071245962,3456.9,916.3747959577821,2401.9,529.1843724071979,4123.5,1197.3761360203864,2093.4,564.5531566351098,1306.6,299.1347522438675,6727.4,679.4211915708514,1158.5,217.30994250404447,862.3,225.04915512443546,7788.1,523.7067563691219,748.1,128.18948648170974,28
3653.2,252.7281367618396,25.2,23.84114091229696,5634.1,481.5367644900601,3528.6,538.3140760229519,1174.3,1207.4231560549838,3823.1,1008.5352910698432,2477.1,501.4471169636047,3833.6,1188.3300327209888,2327.0,621.6601429505782,1352.9,312.9495699523061,6530.8,738.2832639155365,1286.0,239.81196337501135,905.2,255.41373842802147,7659.8,560.2905595413072,831.6,142.29874677358663,29
3372.0,291.46221405565115,19.2,15.497670075781642,6056.5,478.71337980048145,3468.3,405.0640690063734,983.4,1059.1085559721125,4194.3,1089.2628547172014,2526.8,472.9972515776387,3554.3,1198.354710055045,2570.4,674.2611099896275,1400.9,337.02042470251956,6326.3,794.2487785462577,1417.1,265.2267164354132,945.1,274.8496356596134,7521.2,611.8752233003793,917.4,159.6414037077405,30
3102.3,299.0113524414899,15.2,11.360751148875089,6443.8,453.5971781217339,3397.4,285.32172873598125,810.5,907.5630679033949,4558.8,1153.960600136186,2566.2,442.7122968450027,3260.9,1187.051009855937,2826.3,723.79141409049,1451.1,361.8816411787454,6126.5,821.5568215961152,1550.4,292.5832075381862,987.6,287.9626518993199,7379.5,665.8860846854947,1005.2,181.86979469450725,31
2818.0,283.10696839808725,12.1,8.412292592787454,6819.1,414.39284903739997,3287.6,185.38440543308323,659.7,760.0029312808967,4933.8,1210.9007482953434,2589.0,407.2116566766395,2963.1,1154.5527705566342,3087.7,778.095117007626,1499.9,382.4910892208253,5934.3,883.9553847464374,1693.4,317.519273255796,1025.4,299.26287218207784,7234.6,712.7764492929509,1098.1,206.52331049491187,32
2541.7,288.62934708722884,9.5,6.802777210652851,7164.1,390.15593748596933,3180.7,213.65083144649304,531.3,639.3531540201827,5289.9,1248.8797157630693,2628.0,374.82143896942597,2702.6,1141.7050796457415,3341.0,815.0134286555583,1541.9,407.08078641304934,5730.9,951.7607600886078,1837.1,340.9677241160648,1067.8,323.6760383126588,7085.1,756.9543432584146,1193.9,227.6266192205511,33
2280.8,285.6516137613167,8.2,5.593647190240809,7480.8,361.56105985020014,3048.7,302.82449996289563,414.1,521.4218701461099,5643.8,1268.3517563269968,2644.4,327.73980194321496,2437.7,1110.0650681629231,3597.3,861.8405433850406,1584.2,418.30791423437245,5501.7,1001.8873356487411,1989.7,378.06085635927866,1103.0,339.7168755825291,6938.9,812.4127919010411,1295.8,251.9725734634184,34
2043.5,273.2980668305821,7.5,5.254627590144816,7763.4,331.5824683745106,2889.9,396.61608921250564,317.3,411.3576573034982,5988.7,1266.9379577899185,2663.3,296.69589743634066,2169.7,1063.1072957242943,3868.2,903.350159744886,1620.5,444.02683852818325,5284.1,1051.4672763968135,2145.1,407.07614630298457,1138.5,362.57727145779256,6787.9,849.8540332185155,1402.6,282.02805219024265,35
1805.2,257.3790114899728,7.2,5.00666222813829,8032.3,300.43266947668803,2738.0,488.36166015680544,241.0,328.49589884130296,6316.4,1249.1712986349523,2662.2,245.9362157597417,1915.3,1019.244169852238,4148.8,941.0059392893213,1670.9,457.795065746915,5072.7,1085.9775985002843,2299.7,442.74548746053495,1165.3,368.42277948634563,6632.7,881.9617086674203,1516.0,318.75312634632394,36
1602.6,234.10738276839257,6.9,4.771442828607157,8261.0,268.55373970792346,2563.4,561.754038703773,183.0,260.15508195433483,6639.5,1220.1546577745335,2646.9,212.94467200034222,1676.4,978.0126334107914,4427.6,971.8407734237584,1707.5,470.0506473893118,4870.2,1143.4023108444571,2465.8,476.90595392476376,1200.0,383.1956274396785,6477.2,921.9387542926411,1624.7,347.9578678199098,37
1423.4,210.0392555902084,6.4,4.623610902506587,8457.8,238.19870323371248,2384.5,619.6642908328132,137.5,207.22357759461426,6938.5,1185.5144452936877,2640.8,191.34250849080962,1435.4,928.650298970381,4693.5,992.2034121646182,1734.5,484.5543771801514,4651.9,1158.22627322989,2643.9,511.1323920690433,1227.1,394.3116223947191,6342.8,939.468975302301,1747.5,383.38731503967807,38
1252.0,194.07272405524228,6.1,4.532597979574677,8641.7,213.47497901783868,2210.1,649.5715596538314,97.0,159.29846201391902,7223.6,1128.9391480500622,2640.0,185.12698344649814,1223.2,862.5477506910688,4962.4,1008.6814495501872,1767.7,475.0310048360587,4446.7,1183.7651841100544,2817.0,559.2703579963212,1258.2,394.62325211663733,6190.9,975.0055783316205,1865.8,421.38971141793303,39
1093.2,184.3799217798824,6.0,4.594682917363407,8807.6,197.93669021516283,2046.8,674.8075939768971,66.3,112.21413062137545,7481.0,1076.1780108844034,2606.1,185.69236805952895,1046.1,809.5655144719432,5241.2,1013.4864796554734,1788.9,453.66738917405115,4238.3,1197.8512289373277,2995.1,603.6578225010147,1274.6,389.2651766826539,6012.7,990.4102460877288,1993.6,463.0870328566759,40
958.0,170.6542964266909,5.9,4.458450154232722,8947.7,177.31707318937012,1890.9,692.2763497653552,46.4,79.45536832433385,7715.9,1021.7477890577715,2565.1,213.75086744463363,868.0,728.6544677234425,5517.4,1026.248746108315,1814.4,445.87247803230315,4052.7,1192.7509798780297,3174.9,644.2662406869453,1292.2,374.27286540407624,5853.9,1035.4113997183276,2125.1,508.52629124646927,41
835.5,150.62628514896653,5.8,4.4171383395939845,9071.5,154.5015282196983,1735.7,677.1568093465829,31.3,51.48904953698623,7935.7,945.5444110846054,2518.0,249.31105069771777,725.7,662.6349841520761,5785.0,1037.4671079123425,1839.2,429.95188361283203,3862.1,1209.353128283418,3356.1,690.5808263902045,1309.6,371.22805210095134,5697.4,1081.4083615565605,2253.2,546.6611381834272,42
728.7,131.35790802231892,5.8,4.4171383395939845,9178.1,133.28453273604808,1570.8,662.9879838026227,24.5,39.24071015327492,8151.9,878.208333926397,2451.1,292.49708450588776,606.6,595.3546468749157,6058.7,1039.7951774802148,1848.3,411.1996135968786,3661.1,1206.916774264075,3544.6,725.2976706919106,1340.3,371.54065128267666,5553.7,1112.5106790998059,2386.8,585.4796324382258,43
631.1,120.7462444780605,5.8,4.4171383395939845,9276.4,120.34321289083522,1413.8,632.5830292450856,20.5,33.48382694177395,8350.6,805.5684259508245,2384.1,333.8051494177071,486.9,511.6208339950375,6321.5,1027.5727873651254,1852.3,385.4815314786314,3470.1,1195.9058352005256,3733.8,771.4380222819085,1357.1,368.1724988220724,5384.0,1143.5580925825811,2525.5,626.830873876235,44
548.0,107.93310685584639,5.6,4.4522154285504,9358.5,106.68567538959171,1280.9,601.6324921042376,16.4,24.014810245161446,8515.3,737.7821192978016,2288.6,368.78063337918866,384.4,430.57666758275076,6583.2,1016.1633508228663,1861.1,345.18672885523534,3286.7,1167.2899335164716,3927.0,820.61670576328,1374.4,369.8282484253107,5225.4,1168.096951836143,2663.9,659.4882612046,45
474.2,91.17845749469065,5.6,4.4522154285504,9431.4,90.42762606391673,1146.9,566.5549791895262,13.9,17.5527775579821,8677.3,670.6650182219635,2185.4,405.55728462340693,297.8,361.6418731901001,6834.9,997.5103953788597,1870.3,316.6947531404123,3078.0,1141.8988085153994,4117.5,851.236388372166,1389.3,361.1684894585597,5071.0,1185.9522193860369,2799.1,701.0770206538572,46
405.7,82.36106145773282,5.6,4.4522154285504,9498.9,81.06986013446812,1021.7,523.8842217301241,11.5,11.95593762297397,8824.3,602.6318297453447,2074.7,433.63119250246643,224.9,296.7694391274142,7084.2,969.7354507516184,1873.8,277.19900593055684,2898.4,1114.2998997876052,4301.5,886.9670230623008,1406.5,347.02585558491813,4919.8,1222.627025893197,2939.5,739.5417875654867,47
346.4,69.65183255146829,5.6,4.4522154285504,9557.5,69.8176195526602,908.0,477.20808412636467,10.0,8.679477710861024,8954.3,535.7901848879113,1967.6,459.20927207054035,177.2,243.05911489457318,7315.5,933.7476758858478,1871.6,231.50099591818415,2738.5,1079.8422981569527,4490.8,924.7783878674213,1413.5,346.0967270062582,4762.3,1267.7655803288978,3087.7,774.0346030163423,48
293.0,59.97036305079739,5.6,4.4522154285504,9609.8,60.74866253671763,806.2,440.0047474491358,9.5,7.306770072260991,9070.6,479.98962951760166,1849.6,476.0980757971804,134.0,196.65988688878855,7539.7,901.1558072214199,1871.4,187.63333037247583,2566.3,1046.1033569075921,4678.6,955.3255640530788,1419.2,356.27043411181654,4607.6,1283.6633515061494,3233.5,802.2441094274928,49
246.9,50.560085267157355,5.6,4.4522154285504,9655.3,51.283633949936814,704.9,401.8140670066747,8.9,6.100091074001363,9180.6,430.4752412547478,1730.1,496.4351697631603,99.0,155.9216327375889,7758.4,861.3634153673659,1864.0,142.1016850318422,2372.5,1011.3664299132909,4873.7,980.3090272403335,1424.5,347.74679485702427,4466.4,1317.105597723871,3381.6,836.8097088878026,50
206.0,47.027178902795725,5.6,4.4522154285504,9696.2,47.61138986045718,613.4,354.1644941109836,8.3,4.900113377373131,9278.1,374.77829001513237,1610.4,507.3817760490287,75.3,121.24635160604947,7955.8,824.9580191339031,1847.4,108.16879813000091,2180.0,958.7224137708822,5071.2,996.3725095453898,1432.5,341.4834468088379,4302.2,1354.4373821709964,3528.1,871.9146810962131,51
170.4,40.78180422143625,5.6,4.4522154285504,9731.7,41.574698502280874,534.2,317.032350259577,8.2,4.7093288033198295,9361.2,331.7026111175826,1487.5,507.8320479143561,58.4,89.99160454669585,8141.0,784.808115259888,1843.1,70.92789766140447,1987.6,896.3615589952775,5263.4,1023.9966579806575,1436.9,326.76782447344954,4136.4,1366.8135043068442,3676.5,910.5809195843668,52
141.7,34.64759090550966,5.6,4.4522154285504,9760.3,35.8113886292553,462.4,284.0333313773814,8.0,4.422166387140534,9436.0,294.223271230087,1369.5,506.78797889803536,44.9,70.42008867424755,8318.4,734.5110542999942,1839.0,80.4238770515324,1825.9,843.226007663426,5453.7,1037.7693010598368,1446.8,319.7116061564095,3970.3,1357.527658813788,3822.4,939.2569403523192,53
117.1,29.236392846359603,5.6,4.4522154285504,9784.5,30.576861258874242,399.2,254.39505585691805,7.7,3.973523485382827,9502.2,259.7818743142451,1256.7,488.5866351016982,33.0,49.012470068567474,8478.3,679.3528047585681,1829.3,108.03708211124138,1649.4,768.3869395616306,5645.1,1041.907166903292,1461.5,310.4671211792536,3815.6,1364.3836378054052,3965.4,971.1642726359145,54
97.0,27.924501388167666,5.6,4.4522154285504,9804.4,28.547037207621624,344.1,226.1309600897478,7.6,3.8643671323171835,9558.7,229.18456899771124,1138.0,466.5325997898396,21.9,30.992651458764293,8632.2,628.9910439214007,1829.9,144.16614643451413,1504.9,708.0320849603734,5831.6,1040.1954089924109,1465.4,288.72408974659527,3684.8,1359.4470934905853,4119.8,1006.7219410873424,55
79.0,24.70267641819854,5.6,4.4522154285504,9822.2,25.80180872212902,296.2,199.54102891942352,7.5,3.9510898637098992,9607.1,200.81248854480032,1022.3,446.31977823578967,15.8,19.31493377329228,8778.1,581.4096757976351,1810.6,194.55944535739656,1361.4,649.5983716454687,6021.3,1039.8631373620494,1466.1,264.96307918903216,3533.5,1366.9413748300335,4273.7,1041.6416583664675,56
62.3,19.85530995309147,5.6,4.4522154285504,9838.8,22.089716058735466,250.6,177.69587002016178,7.4,3.864367132317183,9653.2,177.36453359614424,913.8,417.34925422240786,10.6,10.40512694140089,8911.1,529.9703241167796,1784.2,240.01935107171857,1233.6,596.0891432216047,6207.7,1031.0416577423048,1466.4,248.38062189577778,3378.7,1356.5567563995742,4422.8,1066.7968462228932,57
51.3,16.92499794846533,5.6,4.4522154285504,9849.7,19.5451045305752,213.4,156.0243570728622,7.4,3.864367132317183,9690.7,155.15945203420756,820.7,394.02934182903465,7.1,5.486346689738081,9025.8,480.54039025524867,1752.4,280.27097998583844,1094.0,531.824114617689,6395.8,1024.2654603828703,1469.9,235.56997073292496,3234.6,1329.6623798710878,4570.1,1095.5550039439674,58
41.4,14.982953276603679,5.6,4.4522154285504,9859.5,17.871454582346924,182.3,136.39244847131386,7.4,3.864367132317183,9722.2,134.53029398615018,735.8,369.56064003985415,5.7,3.917198545446024,9130.0,433.0632491654975,1721.6,314.0082093760536,965.5,481.3017648927634,6584.2,1008.161120280109,1465.2,203.45013038962534,3080.0,1304.8898633814104,4726.8,1127.0324652723089,59
32.7,13.275290329530774,5.6,4.4522154285504,9868.1,16.828877297999146,155.3,120.25625416861556,7.4,3.864367132317183,9749.0,118.43141475132347,655.1,341.9328881520466,5.1,3.0349812373573433,9222.5,392.53626867109006,1678.8,340.4094919684559,857.6,438.46175558549135,6766.6,986.8693710697255,1457.0,179.7127337354442,2938.2,1277.9096473016652,4882.9,1149.231187456302,60
25.9,12.077987323133675,5.6,4.4522154285504,9874.9,16.43471934655411,131.2,107.24509830808637,7.2,3.7653389990514508,9773.4,104.97851632066863,580.9,317.73554692192965,4.9,2.960855732160327,9307.9,354.3765887677495,1633.4,364.58079427687295,753.6,404.18565591129584,6945.5,960.793451036983,1451.8,160.1608913284111,2815.6,1261.7705549478214,5035.3,1166.3302419698005,61
20.7,9.61538119658059,5.6,4.4522154285504,9880.2,14.443760667576232,109.9,93.31958232034928,7.2,3.7653389990514508,9794.8,90.85250562190224,506.8,289.2441490813216,4.6,2.875181153713043,9388.0,317.6692899506935,1578.9,376.7402435513242,664.5,369.6209018861232,7127.5,925.4458685172004,1442.1,139.13338923493527,2666.7,1230.0985552204977,5190.6,1199.38337861123,62
16.8,7.2080202244136045,5.6,4.4522154285504,9884.1,11.855144218626966,92.0,78.68220185587646,7.2,3.7653389990514508,9812.4,76.75531107211916,446.9,266.05197904837235,4.4,2.6749870196985173,9453.4,286.8240653160826,1530.4,389.27545231850644,575.1,335.30167179886104,7302.4,887.5025132984757,1438.8,119.240000745462,2533.0,1192.944350010604,5339.2,1218.397836869751,63
13.0,6.128258770283412,5.6,4.4522154285504,9887.9,11.570556502510058,75.3,66.22528889245322,7.2,3.7653389990514508,9828.7,64.67362505517822,392.4,241.31500851238684,4.4,2.6749870196985173,9512.2,255.04369995922048,1468.1,396.4586149061883,498.3,308.99516357236257,7477.2,851.6481798384955,1429.4,117.87771441436908,2400.1,1154.9367899971362,5483.8,1231.168622804276,64
9.7,5.1001089312985375,5.6,4.4522154285504,9891.2,10.325803708294199,61.4,56.23403477136125,7.2,3.7653389990514508,9842.5,55.241389474841334,340.7,211.44268989754912,4.4,2.6749870196985173,9566.4,221.23451609346836,1417.1,403.89092311882644,429.9,290.60643489090194,7639.7,817.3148516126859,1410.3,123.37301163544643,2257.5,1112.4893257914882,5638.0,1243.5077625634492,65
6.6,4.718756898449704,5.6,4.4522154285504,9894.3,10.242070103255495,50.1,47.938502271139015,7.2,3.7653389990514508,9853.7,47.107560138710454,298.5,188.95458008032867,4.3,2.7100635498903793,9609.9,195.80855162348985,1366.3,405.3815897809536,356.3,262.1797729294412,7791.4,774.6876359755158,1394.1,138.88800444162837,2144.1,1083.0900701234407,5791.6,1251.158947181017,66
4.1,3.9567101935263786,5.6,4.4522154285504,9896.8,9.727395449051212,41.0,40.952547065000864,7.2,3.7653389990514508,9862.7,40.81679937367838,259.1,167.75872224384904,4.3,2.7100635498903793,9650.4,171.77064811997292,1303.7,403.4148815632198,301.0,235.54570209999116,7942.7,735.8916058466461,1386.8,149.35029665558454,2018.5,1060.9159826405776,5931.2,1251.307564998399,67
3.2,2.9363620727393656,5.6,4.4522154285504,9897.7,9.416887903005843,33.6,35.600249687014525,7.2,3.7653389990514508,9870.1,35.84054191058562,222.7,148.63157283849364,4.3,2.7100635498903793,9687.6,150.99021307503492,1245.6,403.01508105225486,254.2,218.7067036517679,8089.1,699.5664451009004,1379.2,170.94690533743056,1898.1,1021.2250214543535,6076.4,1248.734755217812,68
2.1,1.728840330651992,5.6,4.4522154285504,9898.8,8.547904226573124,26.9,29.01513015269409,7.2,3.7653389990514508,9876.8,29.52889357147598,192.7,131.37905295577204,4.2,2.780887148615228,9718.1,132.27702412403718,1178.2,391.75099801333556,214.3,202.76425830122145,8227.0,660.007744062312,1351.1,182.5257668263732,1793.0,982.451242782279,6231.4,1240.9464309326347,69
1.6,1.6465452046971292,5.6,4.4522154285504,9899.3,8.615876817441935,21.2,23.03523870556201,7.2,3.7653389990514508,9882.6,23.71216284244579,159.3,110.87635756403014,4.1,2.8848262031225076,9751.3,111.6871125560649,1117.9,380.16997660403314,170.6,169.94718133715676,8357.9,619.195436747469,1344.1,205.68176605836717,1683.3,935.4748111104982,6368.1,1235.8490963256352,70
1.0,1.247219128924647,5.6,4.4522154285504,9899.9,8.399074023036375,17.1,18.07668848729398,7.2,3.7653389990514508,9886.7,19.03826556059022,133.0,94.82967186839078,4.0,2.9059326290271157,9777.7,95.26576859851951,1055.0,369.13050989227827,140.0,148.5014029114428,8483.0,583.147780012351,1320.3,220.44855786932848,1556.9,883.9804485017377,6515.7,1224.326758308872,71
0.8,1.2292725943057183,5.6,4.4522154285504,9900.1,8.02011360407209,13.4,14.826402875351196,7.2,3.7653389990514508,9890.4,16.358484037342826,112.7,82.72853867385251,4.0,2.9059326290271157,9798.0,83.34533246945773,989.2,358.3545110021019,113.5,127.20172081295826,8602.2,548.2136242175834,1304.8,237.165108919691,1430.3,829.1954668365128,6652.3,1209.2981481467302,72
0.5,0.97182531580755,5.6,4.4522154285504,9900.4,8.113089560840693,11.2,13.612086132877977,7.2,3.7653389990514508,9892.7,15.195394038984315,98.0,73.99399375024375,4.0,2.9059326290271157,9812.6,74.3298952867104,923.7,343.30033822037257,92.4,111.11975521931282,8715.8,511.436278207429,1283.6,263.5497844599553,1317.7,783.0215053098974,6793.4,1194.541957776657,73
0.5,0.97182531580755,5.6,4.4522154285504,9900.4,8.113089560840693,8.9,10.21382505343724,7.2,3.7653389990514508,9894.9,13.211526953552507,79.6,64.7665894664148,4.0,2.9059326290271157,9831.1,64.6897725043663,863.6,330.77323551541065,69.8,87.67845294661117,8821.9,475.2310432247082,1270.4,283.22397889695395,1209.5,732.5537143748877,6922.8,1171.9274531964663,74
0.1,0.31622776601683794,5.6,4.4522154285504,9900.8,8.216514535440872,7.6,8.88444333277743,7.2,3.7653389990514508,9896.2,12.21838323547305,67.4,53.66190455062139,4.0,2.9059326290271157,9843.1,54.00504091697778,798.0,314.879165536383,47.9,63.1602019559082,8927.6,438.6439203829102,1252.7,305.84674811632925,1106.2,674.7318479712268,7055.3,1149.7573705400243,75
0.1,0.31622776601683794,5.6,4.4522154285504,9900.8,8.216514535440872,6.1,7.400450436741447,7.2,3.7653389990514508,9897.6,11.768130220595319,57.4,46.394923093899926,4.0,2.9059326290271157,9853.2,46.57562548038286,740.2,301.5149894928756,32.8,46.90842141876019,9016.1,406.9475669201405,1228.1,322.93943360602117,1008.8,627.2271961223904,7190.4,1122.9065658172792,76
0.0,0.0,5.6,4.4522154285504,9900.9,8.198238293140246,5.0,6.018490028422596,7.2,3.7653389990514508,9898.7,11.421714212654576,46.0,38.505410875183074,4.0,2.9059326290271157,9864.4,38.50310232810973,681.3,284.3683253184933,22.4,35.05614544317919,9105.1,371.9854985226052,1203.6,341.88893583215656,902.7,573.3162885063241,7328.7,1093.4861732601428,77
0.0,0.0,5.6,4.4522154285504,9900.9,8.198238293140246,3.6,4.948624949305503,7.2,3.7653389990514508,9900.1,11.308305698811726,38.9,34.06024075076393,4.0,2.9059326290271157,9871.5,34.16707316831351,623.7,269.9181151551131,14.4,23.18141017664322,9187.3,342.6310130608598,1187.1,365.8373803876374,821.3,526.8293103294674,7454.2,1067.268663458269,78
0.0,0.0,5.6,4.4522154285504,9900.9,8.198238293140246,2.4,3.6575644598253874,7.2,3.7653389990514508,9901.3,10.614978934401037,31.5,29.12139343430454,4.0,2.9059326290271157,9878.8,29.29467149120771,565.4,253.45663665934393,7.6,15.03477450593937,9264.4,314.4268860429506,1166.3,385.3990860855219,746.0,487.84674278347336,7578.9,1038.8239557841891,79
0.0,0.0,5.6,4.4522154285504,9900.9,8.198238293140246,2.0,3.39934634239519,7.2,3.7653389990514508,9901.7,10.530906893520616,26.3,25.82440705998881,4.0,2.9059326290271157,9883.9,26.095763811179946,509.6,237.2154201470797,4.9,10.016098153583672,9335.8,285.5045436493865,1141.8,397.26783576490726,666.8,438.5437517765157,7700.6,1006.2671613443421,80
0.0,0.0,5.6,4.4522154285504,9900.9,8.198238293140246,1.6,3.1340424729448424,7.2,3.7653389990514508,9902.1,10.764654094664529,21.5,21.188309145480307,4.0,2.9059326290271157,9888.7,22.37583021426865,456.7,216.7036122346731,3.3,7.1499805749541885,9402.0,255.27893241184893,1115.7,409.43431164907946,593.4,402.6065628432359,7818.3,974.2016731662907,81
0.0,0.0,5.6,4.4522154285504,9900.9,8.198238293140246,1.2,2.485513584307633,7.2,3.7653389990514508,9902.5,10.501322668015575,17.3,17.12081254561892,4.0,2.9059326290271157,9892.9,18.603763060198332,414.0,201.35871804650856,1.6,3.502380143083653,9457.0,231.27184581497735,1073.4,413.32693543435505,529.5,368.3441174891882,7946.7,935.7382171906366,82
0.0,0.0,5.6,4.4522154285504,9900.9,8.198238293140246,0.8,1.8737959096740262,7.2,3.7653389990514508,9902.9,10.126423082433622,14.3,13.896842167277509,4.0,2.9059326290271157,9895.9,16.642983172763497,370.2,186.8955739324919,0.9,2.0248456731316584,9508.4,210.52590233877532,1040.9,417.882080655935,469.0,332.0572239840597,8061.9,897.3815551678982,83
0.0,0.0,5.6,4.4522154285504,9900.9,8.198238293140246,0.7,1.8885620632287057,7.2,3.7653389990514508,9903.0,10.187137859957417,12.0,11.981467170407619,4.0,2.9059326290271157,9898.2,15.237380935639097,331.6,172.12540647898425,0.6,1.577621275493231,9554.9,189.42512446288052,1006.8,418.0392857668337,406.6,300.6294138045119,8173.7,855.6245347373136,84
0.0,0.0,5.6,4.4522154285504,9900.9,8.198238293140246,0.6,1.577621275493231,7.2,3.7653389990514508,9903.1,10.104454463255303,9.8,10.04213346079629,4.0,2.9059326290271157,9900.4,14.206414826486737,295.5,156.56539279873513,0.4,0.9660917830792959,9596.0,168.95627310704455,967.1,416.6619866403835,354.5,279.3123500471988,8284.7,814.7281823474078,85
0.0,0.0,5.6,4.4522154285504,9900.9,8.198238293140246,0.5,1.5811388300841898,7.2,3.7653389990514508,9903.2,10.250203250017371,7.5,7.291547618075786,4.0,2.9059326290271157,9902.7,12.64954983827927,256.9,139.59262158151483,0.4,0.9660917830792959,9638.1,148.53390933461026,929.0,415.44754983832394,310.1,255.94419964776176,8390.0,776.5067074189808,86
0.0,0.0,5.6,4.4522154285504,9900.9,8.198238293140246,0.2,0.6324555320336759,7.2,3.7653389990514508,9903.5,10.058164179743075,6.0,5.754225500544023,4.0,2.9059326290271157,9904.3,11.255122290662941,224.2,124.18785054191984,0.4,0.9660917830792959,9673.9,129.77283571259775,888.8,412.11562563058544,274.2,240.17530634471518,8496.0,734.8204618211928,87
0.0,0.0,5.6,4.4522154285504,9900.9,8.198238293140246,0.2,0.6324555320336759,7.2,3.7653389990514508,9903.5,10.058164179743075,4.6,4.501851470969102,4.0,2.9059326290271157,9905.7,11.27484909975394,194.9,110.01055504915072,0.4,0.9660917830792959,9704.2,114.54334453724397,849.0,401.8501655537242,240.1,225.3833524365887,8593.3,694.0763726789085,88
0.0,0.0,5.6,4.4522154285504,9900.9,8.198238293140246,0.2,0.6324555320336759,7.2,3.7653389990514508,9903.5,10.058164179743075,3.5,3.24037034920393,4.0,2.9059326290271157,9906.8,10.347302385968367,167.8,97.31826367360057,0.2,0.42163702135578396,9733.2,99.74278030124397,804.9,389.2201462183352,199.1,207.59332573300347,8690.6,652.0085548177689,89
0.0,0.0,5.6,4.4522154285504,9900.9,8.198238293140246,0.1,0.31622776601683794,7.2,3.7653389990514508,9903.6,10.01332445627658,2.9,2.8460498941515415,4.0,2.9059326290271157,9907.4,10.469001862641921,145.6,86.90377820708756,0.2,0.42163702135578396,9757.1,87.76793897039573,761.8,375.27258241325217,170.9,186.8382842044008,8782.3,613.2922178247858,90
0.0,0.0,5.6,4.4522154285504,9900.9,8.198238293140246,0.1,0.31622776601683794,7.2,3.7653389990514508,9903.6,10.01332445627658,2.1,1.7919573407620815,4.0,2.9059326290271157,9908.2,10.58090523327544,129.1,78.84506607546501,0.1,0.31622776601683794,9774.9,78.28502056233009,717.4,361.07992343954976,145.1,165.23279873492964,8869.5,575.2321753479681,91
0.0,0.0,5.6,4.4522154285504,9900.9,8.198238293140246,0.0,0.0,7.2,3.7653389990514508,9903.7,9.978309810116475,1.4,1.1737877907772674,4.0,2.9059326290271157,9908.9,10.681760154581267,110.0,68.53385213811411,0.1,0.31622776601683794,9794.7,67.13675926379263,676.9,343.2836371800374,124.3,150.3847288346349,8952.1,535.7309544496711,92
0.0,0.0,5.6,4.4522154285504,9900.9,8.198238293140246,0.0,0.0,7.2,3.7653389990514508,9903.7,9.978309810116475,1.2,1.2292725943057183,4.0,2.9059326290271157,9909.1,10.50343859039611,95.7,61.46914311714094,0.1,0.31622776601683794,9809.5,59.451661036509314,633.4,328.0339413333118,105.5,135.79252965870808,9031.3,500.4884392049209,93
0.0,0.0,5.6,4.4522154285504,9900.9,8.198238293140246,0.0,0.0,7.2,3.7653389990514508,9903.7,9.978309810116475,0.7,1.0593499054713802,4.0,2.9059326290271157,9909.6,10.854594521317793,83.9,56.38055220256951,0.1,0.31622776601683794,9821.7,53.843497492475564,589.8,310.81391360247835,87.2,117.0116803286464,9106.1,465.97960136564876,94
0.0,0.0,5.6,4.4522154285504,9900.9,8.198238293140246,0.0,0.0,7.2,3.7653389990514508,9903.7,9.978309810116475,0.6,1.0749676997731399,4.0,2.9059326290271157,9909.7,10.832564075252195,71.7,49.06469651841785,0.1,0.31622776601683794,9834.2,46.238031484434494,548.1,294.23477020909684,74.7,104.90741950246735,9175.6,433.85537784944984,95
0.0,0.0,5.6,4.4522154285504,9900.9,8.198238293140246,0.0,0.0,7.2,3.7653389990514508,9903.7,9.978309810116475,0.3,0.48304589153964794,4.0,2.9059326290271157,9910.0,10.509255180289632,61.1,43.513599406775505,0.1,0.31622776601683794,9844.8,40.84877259137932,508.3,277.026292374328,63.6,91.20331377995234,9240.8,401.2754111025937,96
0.0,0.0,5.6,4.4522154285504,9900.9,8.198238293140246,0.0,0.0,7.2,3.7653389990514508,9903.7,9.978309810116475,0.1,0.31622776601683794,4.0,2.9059326290271157,9910.2,10.517709932405545,50.6,35.77149703325261,0.1,0.31622776601683794,9855.1,33.40143044175737,469.0,262.67131975574,50.1,71.24519476973713,9302.8,372.79628038201594,97
0.0,0.0,5.6,4.4522154285504,9900.9,8.198238293140246,0.0,0.0,7.2,3.7653389990514508,9903.7,9.978309810116475,0.1,0.31622776601683794,4.0,2.9059326290271157,9910.2,10.517709932405545,42.5,30.130272705923744,0.1,0.31622776601683794,9863.1,28.207367044010958,433.5,247.99563168195792,41.1,58.747009380147276,9357.4,346.09542678926636,98
0.0,0.0,5.6,4.4522154285504,9900.9,8.198238293140246,0.0,0.0,7.2,3.7653389990514508,9903.7,9.978309810116475,0.1,0.31622776601683794,4.0,2.9059326290271157,9910.2,10.517709932405545,35.2,24.457673188138273,0.1,0.31622776601683794,9870.3,23.214219780126147,397.2,233.19986659039446,32.4,45.71457341179312,9411.9,319.7087042223836,99
0.0,0.0,5.6,4.4522154285504,9900.9,8.198238293140246,0.0,0.0,7.2,3.7653389990514508,9903.7,9.978309810116475,0.1,0.31622776601683794,4.0,2.9059326290271157,9910.2,10.517709932405545,30.3,22.331094415137333,0.1,0.31622776601683794,9875.2,21.30623278657106,364.2,217.5488706270642,25.8,34.67563986431974,9461.1,292.0526778967566,100
0.0,0.0,5.6,4.4522154285504,9900.9,8.198238293140246,0.0,0.0,7.2,3.7653389990514508,9903.7,9.978309810116475,0.1,0.31622776601683794,4.0,2.9059326290271157,9910.2,10.517709932405545,25.6,19.67062107136766,0.1,0.31622776601683794,9880.0,18.83849486792639,333.9,204.63596403803948,19.6,25.430515352841578,9505.2,269.0356440655732,101
0.0,0.0,5.6,4.4522154285504,9900.9,8.198238293140246,0.0,0.0,7.2,3.7653389990514508,9903.7,9.978309810116475,0.1,0.31622776601683794,4.0,2.9059326290271157,9910.2,10.517709932405545,21.5,16.318020032399083,0.1,0.31622776601683794,9884.1,15.961411800547802,303.6,190.05098731071558,15.8,18.907964224397908,9546.6,244.45004033998893,102
0.0,0.0,5.6,4.4522154285504,9900.9,8.198238293140246,0.0,0.0,7.2,3.7653389990514508,9903.7,9.978309810116475,0.1,0.31622776601683794,4.0,2.9059326290271157,9910.2,10.517709932405545,17.5,14.041604846550364,0.1,0.31622776601683794,9888.0,14.414498873626435,275.1,177.85852680025087,13.1,15.730013774098651,9584.8,222.9019714782462,103
0.0,0.0,5.6,4.4522154285504,9900.9,8.198238293140246,0.0,0.0,7.2,3.7653389990514508,9903.7,9.978309810116475,0.1,0.31622776601683794,4.0,2.9059326290271157,9910.2,10.517709932405545,14.9,12.705641791477255,0.1,0.31622776601683794,9890.6,13.30162897292408,251.3,168.1064808057348,9.0,10.944303439588001,9615.5,206.09180802092385,104
0.0,0.0,5.6,4.4522154285504,9900.9,8.198238293140246,0.0,0.0,7.2,3.7653389990514508,9903.7,9.978309810116475,0.1,0.31622776601683794,4.0,2.9059326290271157,9910.2,10.517709932405545,12.5,11.286668635558009,0.1,0.31622776601683794,9893.0,12.771496040445344,226.5,156.9927457630518,6.6,6.88315173287483,9647.8,187.06077443797065,105
0.0,0.0,5.6,4.4522154285504,9900.9,8.198238293140246,0.0,0.0,7.2,3.7653389990514508,9903.7,9.978309810116475,0.1,0.31622776601683794,4.0,2.9059326290271157,9910.2,10.517709932405545,10.6,10.490207073477835,0.1,0.31622776601683794,9894.9,12.022663783223935,201.0,142.8021163864333,4.7,3.772709017845577,9678.8,166.81713208047773,106
0.0,0.0,5.6,4.4522154285504,9900.9,8.198238293140246,0.0,0.0,7.2,3.7653389990514508,9903.7,9.978309810116475,0.1,0.31622776601683794,4.0,2.9059326290271157,9910.2,10.517709932405545,8.1,8.90006242175363,0.1,0.31622776601683794,9897.3,11.116054455905957,178.4,129.53180647581848,4.1,2.8460498941515415,9705.7,148.4759988086365,107
0.0,0.0,5.6,4.4522154285504,9900.9,8.198238293140246,0.0,0.0,7.2,3.7653389990514508,9903.7,9.978309810116475,0.1,0.31622776601683794,4.0,2.9059326290271157,9910.2,10.517709932405545,6.7,7.616502551113019,0.1,0.31622776601683794,9898.7,10.435516278555653,159.3,118.4455336618669,3.9,2.685351208149711,9728.9,132.6754184717978,108
0.0,0.0,5.6,4.4522154285504,9900.9,8.198238293140246,0.0,0.0,7.2,3.7653389990514508,9903.7,9.978309810116475,0.0,0.0,4.0,2.9059326290271157,9910.3,10.424863441684874,5.0,5.57773351022717,0.1,0.31622776601683794,9900.3,9.95601437434791,141.0,109.57392228283355,3.8,2.5298221281347035,9750.4,119.78425049507413,109
0.0,0.0,5.6,4.4522154285504,9900.9,8.198238293140246,0.0,0.0,7.2,3.7653389990514508,9903.7,9.978309810116475,0.0,0.0,4.0,2.9059326290271157,9910.3,10.424863441684874,4.0,4.2946995755750415,0.1,0.31622776601683794,9901.3,9.569047322835575,125.4,100.41713001276227,3.8,2.5298221281347035,9769.0,107.77961052279065,110
0.0,0.0,5.6,4.4522154285504,9900.9,8.198238293140246,0.0,0.0,7.2,3.7653389990514508,9903.7,9.978309810116475,0.0,0.0,4.0,2.9059326290271157,9910.3,10.424863441684874,3.3,3.622460796505909,0.1,0.31622776601683794,9902.0,9.006170724070865,111.8,88.42799958786307,3.8,2.5298221281347035,9785.1,92.8995275672714,111
0.0,0.0,5.6,4.4522154285504,9900.9,8.198238293140246,0.0,0.0,7.2,3.7653389990514508,9903.7,9.978309810116475,0.0,0.0,4.0,2.9059326290271157,9910.3,10.424863441684874,2.3,2.5407785333546005,0.1,0.31622776601683794,9903.0,9.237604307034012,97.7,77.97727589211844,3.8,2.5298221281347035,9799.3,81.92822061617922,112
0.0,0.0,5.6,4.4522154285504,9900.9,8.198238293140246,0.0,0.0,7.2,3.7653389990514508,9903.7,9.978309810116475,0.0,0.0,4.0,2.9059326290271157,9910.3,10.424863441684874,1.6,1.837873166945363,0.1,0.31622776601683794,9903.7,8.794569031194449,85.5,70.10032493188285,3.6,2.590581230363393,9812.7,72.67285906337003,113
0.0,0.0,5.6,4.4522154285504,9900.9,8.198238293140246,0.0,0.0,7.2,3.7653389990514508,9903.7,9.978309810116475,0.0,0.0,4.0,2.9059326290271157,9910.3,10.424863441684874,1.2,1.6193277068654823,0.1,0.31622776601683794,9904.1,8.962266578395347,74.6,62.741444746585884,3.6,2.590581230363393,9824.8,63.79446161958994,114
0.0,0.0,5.6,4.4522154285504,9900.9,8.198238293140246,0.0,0.0,7.2,3.7653389990514508,9903.7,9.978309810116475,0.0,0.0,4.0,2.9059326290271157,9910.3,10.424863441684874,0.8,1.0327955589886446,0.1,0.31622776601683794,9904.5,8.771798244627178,64.5,54.72608559402403,3.6,2.590581230363393,9835.6,54.60606396932691,115
0.0,0.0,5.6,4.4522154285504,9900.9,8.198238293140246,0.0,0.0,7.2,3.7653389990514508,9903.7,9.978309810116475,0.0,0.0,4.0,2.9059326290271157,9910.3,10.424863441684874,0.6,0.8432740427115678,0.1,0.31622776601683794,9904.7,8.80719402912566,54.1,47.26156531004402,3.6,2.590581230363393,9846.7,46.34424331984383,116
0.0,0.0,5.6,4.4522154285504,9900.9,8.198238293140246,0.0,0.0,7.2,3.7653389990514508,9903.7,9.978309810116475,0.0,0.0,4.0,2.9059326290271157,9910.3,10.424863441684874,0.4,0.6992058987801011,0.1,0.31622776601683794,9904.9,9.036346360977737,47.1,41.040494907130714,3.6,2.590581230363393,9854.3,39.58128064853104,117
0.0,0.0,5.6,4.4522154285504,9900.9,8.198238293140246,0.0,0.0,7.2,3.7653389990514508,9903.7,9.978309810116475,0.0,0.0,4.0,2.9059326290271157,9910.3,10.424863441684874,0.3,0.4830458915396479,0.1,0.31622776601683794,9905.0,8.96908269804914,40.7,37.01065912529644,3.6,2.590581230363393,9861.0,35.156791662493895,118
0.0,0.0,5.6,4.4522154285504,9900.9,8.198238293140246,0.0,0.0,7.2,3.7653389990514508,9903.7,9.978309810116475,0.0,0.0,4.0,2.9059326290271157,9910.3,10.424863441684874,0.2,0.42163702135578396,0.1,0.31622776601683794,9905.1,8.912537984958794,34.5,31.5638682321698,3.6,2.590581230363393,9867.3,29.833054002416695,119
0.0,0.0,5.6,4.4522154285504,9900.9,8.198238293140246,0.0,0.0,7.2,3.7653389990514508,9903.7,9.978309810116475,0.0,0.0,4.0,2.9059326290271157,9910.3,10.424863441684874,0.2,0.42163702135578396,0.1,0.31622776601683794,9905.1,8.912537984958794,28.9,27.481104619558348,3.6,2.590581230363393,9872.8,26.084478143140984,120
0.0,0.0,5.6,4.4522154285504,9900.9,8.198238293140246,0.0,0.0,7.2,3.7653389990514508,9903.7,9.978309810116475,0.0,0.0,4.0,2.9059326290271157,9910.3,10.424863441684874,0.2,0.42163702135578396,0.1,0.31622776601683794,9905.1,8.912537984958794,24.3,23.12310052258948,3.6,2.590581230363393,9877.4,21.731697279933446,121
0.0,0.0,5.6,4.4522154285504,9900.9,8.198238293140246,0.0,0.0,7.2,3.7653389990514508,9903.7,9.978309810116475,0.0,0.0,4.0,2.9059326290271157,9910.3,10.424863441684874,0.1,0.31622776601683794,0.1,0.31622776601683794,9905.2,8.891943919451284,20.5,19.517798145396537,3.6,2.590581230363393,9881.3,18.08037610228283,122
0.0,0.0,5.6,4.4522154285504,9900.9,8.198238293140246,0.0,0.0,7.2,3.7653389990514508,9903.7,9.978309810116475,0.0,0.0,4.0,2.9059326290271157,9910.3,10.424863441684874,0.1,0.31622776601683794,0.1,0.31622776601683794,9905.2,8.891943919451284,17.0,15.81841402360623,3.6,2.590581230363393,9884.8,14.459137825841022,123
0.0,0.0,5.6,4.4522154285504,9900.9,8.198238293140246,0.0,0.0,7.2,3.7653389990514508,9903.7,9.978309810116475,0.0,0.0,4.0,2.9059326290271157,9910.3,10.424863441684874,0.0,0.0,0.1,0.31622776601683794,9905.3,9.153627089241123,13.5,12.877629181387906,3.6,2.590581230363393,9888.3,12.54370138533457,124
0.0,0.0,5.6,4.4522154285504,9900.9,8.198238293140246,0.0,0.0,7.2,3.7653389990514508,9903.7,9.978309810116475,0.0,0.0,4.0,2.9059326290271157,9910.3,10.424863441684874,0.0,0.0,0.1,0.31622776601683794,9905.3,9.153627089241123,11.4,10.595596569644707,3.6,2.590581230363393,9890.3,11.26499001331115,125
0.0,0.0,5.6,4.4522154285504,9900.9,8.198238293140246,0.0,0.0,7.2,3.7653389990514508,9903.7,9.978309810116475,0.0,0.0,4.0,2.9059326290271157,9910.3,10.424863441684874,0.0,0.0,0.1,0.31622776601683794,9905.3,9.153627089241123,10.0,9.333333333333334,3.6,2.590581230363393,9891.7,10.708771067577166,126
0.0,0.0,5.6,4.4522154285504,9900.9,8.198238293140246,0.0,0.0,7.2,3.7653389990514508,9903.7,9.978309810116475,0.0,0.0,4.0,2.9059326290271157,9910.3,10.424863441684874,0.0,0.0,0.1,0.31622776601683794,9905.3,9.153627089241123,8.8,9.077444574328174,3.6,2.590581230363393,9892.9,10.969148655306949,127
0.0,0.0,5.6,4.4522154285504,9900.9,8.198238293140246,0.0,0.0,7.2,3.7653389990514508,9903.7,9.978309810116475,0.0,0.0,4.0,2.9059326290271157,9910.3,10.424863441684874,0.0,0.0,0.1,0.31622776601683794,9905.3,9.153627089241123,8.1,8.530338015967871,3.6,2.590581230363393,9893.6,10.68955876856789,128
0.0,0.0,5.6,4.4522154285504,9900.9,8.198238293140246,0.0,0.0,7.2,3.7653389990514508,9903.7,9.978309810116475,0.0,0.0,4.0,2.9059326290271157,9910.3,10.424863441684874,0.0,0.0,0.1,0.31622776601683794,9905.3,9.153627089241123,7.6,8.0718991294215,3.6,2.590581230363393,9894.1,10.587728746053141,129
0.0,0.0,5.6,4.4522154285504,9900.9,8.198238293140246,0.0,0.0,7.2,3.7653389990514508,9903.7,9.978309810116475,0.0,0.0,4.0,2.9059326290271157,9910.3,10.424863441684874,0.0,0.0,0.1,0.31622776601683794,9905.3,9.153627089241123,6.2,6.7461923416925424,3.6,2.590581230363393,9895.5,9.969397619158787,130
0.0,0.0,5.6,4.4522154285504,9900.9,8.198238293140246,0.0,0.0,7.2,3.7653389990514508,9903.7,9.978309810116475,0.0,0.0,4.0,2.9059326290271157,9910.3,10.424863441684874,0.0,0.0,0.1,0.31622776601683794,9905.3,9.153627089241123,5.0,5.830951894845301,3.6,2.590581230363393,9896.7,9.661492868312044,131
0.0,0.0,5.6,4.4522154285504,9900.9,8.198238293140246,0.0,0.0,7.2,3.7653389990514508,9903.7,9.978309810116475,0.0,0.0,4.0,2.9059326290271157,9910.3,10.424863441684874,0.0,0.0,0.1,0.31622776601683794,9905.3,9.153627089241123,3.8,4.391911757866828,3.6,2.590581230363393,9897.9,9.109823757290199,132
0.0,0.0,5.6,4.4522154285504,9900.9,8.198238293140246,0.0,0.0,7.2,3.7653389990514508,9903.7,9.978309810116475,0.0,0.0,4.0,2.9059326290271157,9910.3,10.424863441684874,0.0,0.0,0.1,0.31622776601683794,9905.3,9.153627089241123,3.3,4.164666186436128,3.6,2.590581230363393,9898.4,9.465727652959387,133
0.0,0.0,5.6,4.4522154285504,9900.9,8.198238293140246,0.0,0.0,7.2,3.7653389990514508,9903.7,9.978309810116475,0.0,0.0,4.0,2.9059326290271157,9910.3,10.424863441684874,0.0,0.0,0.1,0.31622776601683794,9905.3,9.153627089241123,2.4,2.9514591494904874,3.6,2.590581230363393,9899.3,9.286190463981091,134
0.0,0.0,5.6,4.4522154285504,9900.9,8.198238293140246,0.0,0.0,7.2,3.7653389990514508,9903.7,9.978309810116475,0.0,0.0,4.0,2.9059326290271157,9910.3,10.424863441684874,0.0,0.0,0.1,0.31622776601683794,9905.3,9.153627089241123,2.0,2.6246692913372702,3.6,2.590581230363393,9899.7,9.381423725166192,135
0.0,0.0,5.6,4.4522154285504,9900.9,8.198238293140246,0.0,0.0,7.2,3.7653389990514508,9903.7,9.978309810116475,0.0,0.0,4.0,2.9059326290271157,9910.3,10.424863441684874,0.0,0.0,0.1,0.31622776601683794,9905.3,9.153627089241123,1.6,2.221110833194358,3.6,2.590581230363393,9900.1,9.194805296712078,136
0.0,0.0,5.6,4.4522154285504,9900.9,8.198238293140246,0.0,0.0,7.2,3.7653389990514508,9903.7,9.978309810116475,0.0,0.0,4.0,2.9059326290271157,9910.3,10.424863441684874,0.0,0.0,0.1,0.31622776601683794,9905.3,9.153627089241123,1.5,2.1213203435596424,3.6,2.590581230363393,9900.2,9.174844836714014,137
0.0,0.0,5.6,4.4522154285504,9900.9,8.198238293140246,0.0,0.0,7.2,3.7653389990514508,9903.7,9.978309810116475,0.0,0.0,4.0,2.9059326290271157,9910.3,10.424863441684874,0.0,0.0,0.1,0.31622776601683794,9905.3,9.153627089241123,0.9,1.5951314818673865,3.6,2.590581230363393,9900.8,9.199033765685515,138
0.0,0.0,5.6,4.4522154285504,9900.9,8.198238293140246,0.0,0.0,7.2,3.7653389990514508,9903.7,9.978309810116475,0.0,0.0,4.0,2.9059326290271157,9910.3,10.424863441684874,0.0,0.0,0.1,0.31622776601683794,9905.3,9.153627089241123,0.8,1.3165611772087666,3.6,2.590581230363393,9900.9,9.20688148433913,139
0.0,0.0,5.6,4.4522154285504,9900.9,8.198238293140246,0.0,0.0,7.2,3.7653389990514508,9903.7,9.978309810116475,0.0,0.0,4.0,2.9059326290271157,9910.3,10.424863441684874,0.0,0.0,0.1,0.31622776601683794,9905.3,9.153627089241123,0.6,0.8432740427115679,3.6,2.590581230363393,9901.1,9.255028663140681,140
0.0,0.0,5.6,4.4522154285504,9900.9,8.198238293140246,0.0,0.0,7.2,3.7653389990514508,9903.7,9.978309810116475,0.0,0.0,4.0,2.9059326290271157,9910.3,10.424863441684874,0.0,0.0,0.1,0.31622776601683794,9905.3,9.153627089241123,0.5,0.7071067811865476,3.6,2.590581230363393,9901.2,9.162726425881958,141
0.0,0.0,5.6,4.4522154285504,9900.9,8.198238293140246,0.0,0.0,7.2,3.7653389990514508,9903.7,9.978309810116475,0.0,0.0,4.0,2.9059326290271157,9910.3,10.424863441684874,0.0,0.0,0.1,0.31622776601683794,9905.3,9.153627089241123,0.3,0.48304589153964794,3.6,2.590581230363393,9901.4,9.118966803073448,142
0.0,0.0,5.6,4.4522154285504,9900.9,8.198238293140246,0.0,0.0,7.2,3.7653389990514508,9903.7,9.978309810116475,0.0,0.0,4.0,2.9059326290271157,9910.3,10.424863441684874,0.0,0.0,0.1,0.31622776601683794,9905.3,9.153627089241123,0.3,0.48304589153964794,3.6,2.590581230363393,9901.4,9.118966803073448,143
0.0,0.0,5.6,4.4522154285504,9900.9,8.198238293140246,0.0,0.0,7.2,3.7653389990514508,9903.7,9.978309810116475,0.0,0.0,4.0,2.9059326290271157,9910.3,10.424863441684874,0.0,0.0,0.1,0.31622776601683794,9905.3,9.153627089241123,0.3,0.48304589153964794,3.6,2.590581230363393,9901.4,9.118966803073448,144
0.0,0.0,5.6,4.4522154285504,9900.9,8.198238293140246,0.0,0.0,7.2,3.7653389990514508,9903.7,9.978309810116475,0.0,0.0,4.0,2.9059326290271157,9910.3,10.424863441684874,0.0,0.0,0.1,0.31622776601683794,9905.3,9.153627089241123,0.3,0.48304589153964794,3.6,2.590581230363393,9901.4,9.118966803073448,145
0.0,0.0,5.6,4.4522154285504,9900.9,8.198238293140246,0.0,0.0,7.2,3.7653389990514508,9903.7,9.978309810116475,0.0,0.0,4.0,2.9059326290271157,9910.3,10.424863441684874,0.0,0.0,0.1,0.31622776601683794,9905.3,9.153627089241123,0.2,0.42163702135578396,3.6,2.590581230363393,9901.5,9.192388155425117,146
0.0,0.0,5.6,4.4522154285504,9900.9,8.198238293140246,0.0,0.0,7.2,3.7653389990514508,9903.7,9.978309810116475,0.0,0.0,4.0,2.9059326290271157,9910.3,10.424863441684874,0.0,0.0,0.1,0.31622776601683794,9905.3,9.153627089241123,0.1,0.31622776601683794,3.6,2.590581230363393,9901.6,9.240009620004614,147
0.0,0.0,5.6,4.4522154285504,9900.9,8.198238293140246,0.0,0.0,7.2,3.7653389990514508,9903.7,9.978309810116475,0.0,0.0,4.0,2.9059326290271157,9910.3,10.424863441684874,0.0,0.0,0.1,0.31622776601683794,9905.3,9.153627089241123,0.0,0.0,3.6,2.590581230363393,9901.7,9.238205693988657,148
0.0,0.0,5.6,4.4522154285504,9900.9,8.198238293140246,0.0,0.0,7.2,3.7653389990514508,9903.7,9.978309810116475,0.0,0.0,4.0,2.9059326290271157,9910.3,10.424863441684874,0.0,0.0,0.1,0.31622776601683794,9905.3,9.153627089241123,0.0,0.0,3.6,2.590581230363393,9901.7,9.238205693988657,149
0.0,0.0,5.6,4.4522154285504,9900.9,8.198238293140246,0.0,0.0,7.2,3.7653389990514508,9903.7,9.978309810116475,0.0,0.0,4.0,2.9059326290271157,9910.3,10.424863441684874,0.0,0.0,0.1,0.31622776601683794,9905.3,9.153627089241123,0.0,0.0,3.6,2.590581230363393,9901.7,9.238205693988657,150
