time,age_group,InfectionStatus.Susceptible,InfectionStatus.Exposed,InfectionStatus.InfectASympt,InfectionStatus.InfectMild,InfectionStatus.InfectGP,InfectionStatus.InfectHosp,InfectionStatus.InfectICU,InfectionStatus.InfectICURecov,InfectionStatus.Recovered,InfectionStatus.Dead
0,1,5,0,0,0,0,0,0,0,0,0
0,2,13,0,0,2,0,0,0,0,0,0
0,3,20,0,0,2,0,0,0,0,0,0
0,4,25,0,0,3,0,0,0,0,0,0
0,5,29,0,0,3,0,0,0,0,0,0
0,6,33,0,0,3,0,0,0,0,0,0
0,7,36,0,0,3,0,0,0,0,0,0
0,8,45,0,0,4,0,0,0,0,0,0
0,9,50,0,0,7,0,0,0,0,0,0
0,10,58,0,0,8,0,0,0,0,0,0
0,11,60,0,0,8,0,0,0,0,0,0
0,12,71,0,0,8,0,0,0,0,0,0
0,13,78,0,0,9,0,0,0,0,0,0
0,14,80,0,0,9,0,0,0,0,0,0
0,15,82,0,0,9,0,0,0,0,0,0
0,16,84,0,0,9,0,0,0,0,0,0
0,17,90,0,0,10,0,0,0,0,0,0
1.0,1,5,0,0,0,0,0,0,0,0,0
1.0,2,13,0,0,2,0,0,0,0,0,0
1.0,3,20,0,0,2,0,0,0,0,0,0
1.0,4,25,0,0,3,0,0,0,0,0,0
1.0,5,29,0,0,3,0,0,0,0,0,0
1.0,6,33,0,0,3,0,0,0,0,0,0
1.0,7,36,0,0,3,0,0,0,0,0,0
1.0,8,45,0,0,4,0,0,0,0,0,0
1.0,9,50,0,0,7,0,0,0,0,0,0
1.0,10,58,0,0,8,0,0,0,0,0,0
1.0,11,60,0,0,8,0,0,0,0,0,0
1.0,12,71,0,0,8,0,0,0,0,0,0
1.0,13,78,0,0,9,0,0,0,0,0,0
1.0,14,80,0,0,9,0,0,0,0,0,0
1.0,15,82,0,0,9,0,0,0,0,0,0
1.0,16,84,0,0,9,0,0,0,0,0,0
1.0,17,90,0,0,10,0,0,0,0,0,0
2.0,1,4,1,0,0,0,0,0,0,0,0
2.0,2,11,2,0,2,0,0,0,0,0,0
2.0,3,17,3,0,2,0,0,0,0,0,0
2.0,4,22,3,0,3,0,0,0,0,0,0
2.0,5,25,4,0,3,0,0,0,0,0,0
2.0,6,29,4,0,3,0,0,0,0,0,0
2.0,7,31,5,0,3,0,0,0,0,0,0
2.0,8,31,14,0,4,0,0,0,0,0,0
2.0,9,31,19,0,7,0,0,0,0,0,0
2.0,10,34,24,0,8,0,0,0,0,0,0
2.0,11,36,24,0,8,0,0,0,0,0,0
2.0,12,38,32,1,8,0,0,0,0,0,0
2.0,13,42,35,1,9,0,0,0,0,0,0
2.0,14,42,37,1,9,0,0,0,0,0,0
2.0,15,42,39,1,9,0,0,0,0,0,0
2.0,16,43,40,1,9,0,0,0,0,0,0
2.0,17,45,44,1,10,0,0,0,0,0,0
3.0,1,4,1,0,0,0,0,0,0,0,0
3.0,2,9,3,0,1,1,0,0,0,1,0
3.0,3,13,6,0,1,1,0,0,0,1,0
3.0,4,18,6,0,2,1,0,0,0,1,0
3.0,5,21,7,0,2,1,0,0,0,1,0
3.0,6,25,7,0,2,1,0,0,0,1,0
3.0,7,27,8,0,2,1,0,0,0,1,0
3.0,8,27,14,0,5,2,0,0,0,1,0
3.0,9,27,19,0,8,2,0,0,0,1,0
3.0,10,28,26,0,9,2,0,0,0,1,0
3.0,11,28,28,0,9,2,0,0,0,1,0
3.0,12,29,36,2,9,2,0,0,0,1,0
3.0,13,32,39,2,10,3,0,0,0,1,0
3.0,14,32,41,2,10,3,0,0,0,1,0
3.0,15,32,43,2,10,3,0,0,0,1,0
3.0,16,33,43,3,10,3,0,0,0,1,0
3.0,17,35,46,3,11,4,0,0,0,1,0
4.0,1,4,1,0,0,0,0,0,0,0,0
4.0,2,9,3,0,1,1,0,0,0,1,0
4.0,3,13,5,1,1,1,0,0,0,1,0
4.0,4,18,5,1,2,1,0,0,0,1,0
4.0,5,21,6,1,2,1,0,0,0,1,0
4.0,6,25,6,1,2,1,0,0,0,1,0
4.0,7,27,7,1,2,1,0,0,0,1,0
4.0,8,27,13,1,5,2,0,0,0,1,0
4.0,9,27,17,1,7,3,0,0,0,2,0
4.0,10,28,22,2,8,3,0,0,0,3,0
4.0,11,28,24,2,8,3,0,0,0,3,0
4.0,12,28,32,4,8,4,0,0,0,3,0
4.0,13,31,35,4,9,5,0,0,0,3,0
4.0,14,31,37,4,9,5,0,0,0,3,0
4.0,15,31,38,5,9,5,0,0,0,3,0
4.0,16,32,38,6,9,5,0,0,0,3,0
4.0,17,33,42,6,10,6,0,0,0,3,0
5.0,1,3,2,0,0,0,0,0,0,0,0
5.0,2,7,4,0,2,1,0,0,0,1,0
5.0,3,11,6,1,2,1,0,0,0,1,0
5.0,4,16,6,1,3,1,0,0,0,1,0
5.0,5,19,7,1,3,1,0,0,0,1,0
5.0,6,23,7,1,3,1,0,0,0,1,0
5.0,7,25,8,1,3,1,0,0,0,1,0
5.0,8,25,13,1,6,2,0,0,0,2,0
5.0,9,25,17,1,7,3,0,0,0,4,0
5.0,10,25,21,3,9,3,0,0,0,5,0
5.0,11,25,23,3,9,3,0,0,0,5,0
5.0,12,25,28,4,12,4,0,0,0,6,0
5.0,13,25,34,4,13,5,0,0,0,6,0
5.0,14,25,36,4,13,5,0,0,0,6,0
5.0,15,25,37,5,13,5,0,0,0,6,0
5.0,16,25,38,6,13,5,0,0,0,6,0
5.0,17,25,42,7,14,6,0,0,0,6,0
6.0,1,1,4,0,0,0,0,0,0,0,0
6.0,2,3,7,0,1,2,0,0,0,2,0
6.0,3,6,10,1,1,2,0,0,0,2,0
6.0,4,11,10,1,2,2,0,0,0,2,0
6.0,5,14,11,1,2,2,0,0,0,2,0
6.0,6,18,11,1,2,2,0,0,0,2,0
6.0,7,20,12,1,2,2,0,0,0,2,0
6.0,8,20,16,1,6,3,0,0,0,3,0
6.0,9,20,19,1,7,5,0,0,0,5,0
6.0,10,20,23,3,8,5,0,0,0,7,0
6.0,11,20,25,3,8,5,0,0,0,7,0
6.0,12,20,29,4,11,7,0,0,0,8,0
6.0,13,20,33,5,11,9,0,0,0,9,0
6.0,14,20,34,5,12,9,0,0,0,9,0
6.0,15,20,35,6,12,9,0,0,0,9,0
6.0,16,20,36,7,12,9,0,0,0,9,0
6.0,17,20,39,9,12,10,0,0,0,10,0
7.0,1,1,3,0,1,0,0,0,0,0,0
7.0,2,1,7,0,2,2,0,0,0,3,0
7.0,3,4,10,1,2,2,0,0,0,3,0
7.0,4,9,10,1,3,2,0,0,0,3,0
7.0,5,12,11,1,3,2,0,0,0,3,0
7.0,6,16,11,1,3,2,0,0,0,3,0
7.0,7,18,12,1,3,2,0,0,0,3,0
7.0,8,18,15,2,7,3,0,0,0,4,0
7.0,9,18,17,2,8,6,0,0,0,6,0
7.0,10,18,21,4,9,6,0,0,0,8,0
7.0,11,18,23,4,9,6,0,0,0,8,0
7.0,12,18,25,4,12,10,0,0,0,10,0
7.0,13,18,26,8,12,12,0,0,0,11,0
7.0,14,18,27,8,12,12,0,0,0,12,0
7.0,15,18,28,9,12,12,0,0,0,12,0
7.0,16,18,29,10,12,12,0,0,0,12,0
7.0,17,18,32,12,12,12,1,0,0,13,0
8.0,1,0,3,0,2,0,0,0,0,0,0
8.0,2,0,7,0,3,2,0,0,0,3,0
8.0,3,3,9,2,3,2,0,0,0,3,0
8.0,4,8,9,2,4,2,0,0,0,3,0
8.0,5,11,10,2,4,2,0,0,0,3,0
8.0,6,15,10,2,4,2,0,0,0,3,0
8.0,7,17,10,2,5,2,0,0,0,3,0
8.0,8,17,13,3,9,2,0,0,0,5,0
8.0,9,17,13,3,10,5,0,0,0,9,0
8.0,10,17,17,5,11,5,0,0,0,11,0
8.0,11,17,18,5,11,6,0,0,0,11,0
8.0,12,17,19,5,14,11,0,0,0,13,0
8.0,13,17,20,9,14,13,0,0,0,14,0
8.0,14,17,20,9,15,13,0,0,0,15,0
8.0,15,17,20,11,15,13,0,0,0,15,0
8.0,16,17,21,12,15,13,0,0,0,15,0
8.0,17,17,23,15,15,13,1,0,0,16,0
9.0,1,0,2,0,3,0,0,0,0,0,0
9.0,2,0,5,1,4,2,0,0,0,3,0
9.0,3,3,7,3,4,2,0,0,0,3,0
9.0,4,8,7,3,5,2,0,0,0,3,0
9.0,5,11,8,3,5,2,0,0,0,3,0
9.0,6,15,8,3,5,2,0,0,0,3,0
9.0,7,17,8,3,6,2,0,0,0,3,0
9.0,8,17,10,4,9,3,0,0,0,6,0
9.0,9,17,10,4,10,6,0,0,0,10,0
9.0,10,17,14,6,11,6,0,0,0,12,0
9.0,11,17,15,6,11,7,0,0,0,12,0
9.0,12,17,16,6,14,11,0,0,0,15,0
9.0,13,17,16,11,14,13,0,0,0,16,0
9.0,14,17,16,11,15,13,0,0,0,17,0
9.0,15,17,16,13,15,13,0,0,0,17,0
9.0,16,17,16,14,15,14,0,0,0,17,0
9.0,17,17,18,17,15,14,1,0,0,18,0
10.0,1,0,1,1,2,0,0,0,0,1,0
10.0,2,0,4,2,3,2,0,0,0,4,0
10.0,3,3,6,4,3,2,0,0,0,4,0
10.0,4,8,6,4,4,2,0,0,0,4,0
10.0,5,11,7,4,4,2,0,0,0,4,0
10.0,6,15,7,4,4,2,0,0,0,4,0
10.0,7,17,7,4,5,2,0,0,0,4,0
10.0,8,17,7,5,9,4,0,0,0,7,0
10.0,9,17,7,5,10,7,0,0,0,11,0
10.0,10,17,9,7,12,8,0,0,0,13,0
10.0,11,17,10,7,12,9,0,0,0,13,0
10.0,12,17,10,8,15,13,0,0,0,16,0
10.0,13,17,10,13,15,15,0,0,0,17,0
10.0,14,17,10,13,16,15,0,0,0,18,0
10.0,15,17,10,15,16,15,0,0,0,18,0
10.0,16,17,10,16,16,16,0,0,0,18,0
10.0,17,17,12,19,16,16,1,0,0,19,0
11.0,1,0,1,1,1,0,0,0,0,2,0
11.0,2,0,3,2,2,3,0,0,0,5,0
11.0,3,3,4,5,2,3,0,0,0,5,0
11.0,4,8,4,5,3,3,0,0,0,5,0
11.0,5,11,5,5,3,3,0,0,0,5,0
11.0,6,15,5,5,3,3,0,0,0,5,0
11.0,7,17,5,5,4,3,0,0,0,5,0
11.0,8,17,5,6,7,5,0,0,0,9,0
11.0,9,17,5,6,8,7,1,0,0,13,0
11.0,10,17,5,9,10,9,1,0,0,15,0
11.0,11,17,6,9,10,10,1,0,0,15,0
11.0,12,17,6,10,12,14,1,0,0,19,0
11.0,13,17,6,14,12,16,1,0,0,21,0
11.0,14,17,6,14,13,16,1,0,0,22,0
11.0,15,17,6,16,13,16,1,0,0,22,0
11.0,16,17,6,17,13,17,1,0,0,22,0
11.0,17,17,8,20,13,17,2,0,0,23,0
12.0,1,0,1,1,0,0,0,0,0,3,0
12.0,2,0,3,2,0,2,0,0,0,8,0
12.0,3,3,4,5,0,2,0,0,0,8,0
12.0,4,8,4,5,1,2,0,0,0,8,0
12.0,5,11,5,5,1,2,0,0,0,8,0
12.0,6,15,5,5,1,2,0,0,0,8,0
12.0,7,17,5,5,2,2,0,0,0,8,0
12.0,8,17,5,6,5,4,0,0,0,12,0
12.0,9,17,5,6,6,5,1,0,0,17,0
12.0,10,17,5,9,8,7,1,0,0,19,0
12.0,11,17,6,9,8,8,1,0,0,19,0
12.0,12,17,6,10,10,12,1,0,0,23,0
12.0,13,17,6,13,10,13,1,0,0,27,0
12.0,14,17,6,13,11,13,1,0,0,28,0
12.0,15,17,6,15,11,13,1,0,0,28,0
12.0,16,17,6,16,11,14,1,0,0,28,0
12.0,17,17,8,19,11,14,1,0,0,29,1
13.0,1,0,1,1,0,0,0,0,0,3,0
13.0,2,0,3,2,0,2,0,0,0,8,0
13.0,3,3,4,5,0,2,0,0,0,8,0
13.0,4,8,4,5,1,2,0,0,0,8,0
13.0,5,11,5,5,1,2,0,0,0,8,0
13.0,6,15,5,5,1,2,0,0,0,8,0
13.0,7,17,5,5,2,2,0,0,0,8,0
13.0,8,17,5,6,4,4,0,0,0,13,0
13.0,9,17,5,6,4,4,1,0,0,20,0
13.0,10,17,5,9,5,6,1,0,0,23,0
13.0,11,17,6,9,5,7,1,0,0,23,0
13.0,12,17,6,10,6,11,1,0,0,28,0
13.0,13,17,6,13,6,12,1,0,0,32,0
13.0,14,17,6,13,7,12,1,0,0,33,0
13.0,15,17,6,15,7,12,1,0,0,33,0
13.0,16,17,6,16,7,13,1,0,0,33,0
13.0,17,17,7,19,7,14,1,0,0,34,1
14.0,1,0,1,1,0,0,0,0,0,3,0
14.0,2,0,1,3,0,3,0,0,0,8,0
14.0,3,3,2,5,0,3,0,0,0,9,0
14.0,4,8,2,5,1,3,0,0,0,9,0
14.0,5,11,3,5,1,3,0,0,0,9,0
14.0,6,15,3,5,1,3,0,0,0,9,0
14.0,7,17,3,5,2,3,0,0,0,9,0
14.0,8,17,3,6,4,4,1,0,0,14,0
14.0,9,17,3,6,4,4,2,0,0,21,0
14.0,10,17,3,8,5,5,2,0,0,26,0
14.0,11,17,4,8,5,6,2,0,0,26,0
14.0,12,17,4,9,5,9,2,0,0,33,0
14.0,13,17,4,12,5,10,2,0,0,37,0
14.0,14,17,4,12,6,10,2,0,0,38,0
14.0,15,17,4,14,6,10,2,0,0,38,0
14.0,16,17,4,15,6,11,2,0,0,38,0
14.0,17,17,5,17,6,12,2,0,0,40,1
15.0,1,0,1,1,0,0,0,0,0,3,0
15.0,2,0,1,3,0,3,0,0,0,8,0
15.0,3,3,1,5,1,3,0,0,0,9,0
15.0,4,8,1,5,2,3,0,0,0,9,0
15.0,5,11,1,5,3,3,0,0,0,9,0
15.0,6,15,1,5,3,3,0,0,0,9,0
15.0,7,17,1,5,3,3,0,0,0,10,0
15.0,8,17,1,6,5,4,1,0,0,15,0
15.0,9,17,1,6,5,4,1,0,0,23,0
15.0,10,17,1,8,6,5,1,0,0,28,0
15.0,11,17,1,8,7,6,1,0,0,28,0
15.0,12,17,1,9,7,8,1,0,0,36,0
15.0,13,17,1,12,7,8,1,0,0,41,0
15.0,14,17,1,12,7,8,1,0,0,43,0
15.0,15,17,1,14,7,8,1,0,0,43,0
15.0,16,17,1,14,7,8,1,0,0,45,0
15.0,17,17,2,16,7,8,2,0,0,47,1
16.0,1,0,0,1,0,0,0,0,0,4,0
16.0,2,0,0,2,0,2,0,0,0,11,0
16.0,3,3,0,4,1,2,0,0,0,12,0
16.0,4,8,0,4,1,2,0,0,0,13,0
16.0,5,11,0,4,2,2,0,0,0,13,0
16.0,6,15,0,4,2,2,0,0,0,13,0
16.0,7,17,0,4,2,2,0,0,0,14,0
16.0,8,17,0,5,4,3,1,0,0,19,0
16.0,9,17,0,5,4,3,1,0,0,27,0
16.0,10,17,0,7,5,4,1,0,0,32,0
16.0,11,17,0,7,6,5,1,0,0,32,0
16.0,12,17,0,8,6,7,1,0,0,40,0
16.0,13,17,0,11,6,7,1,0,0,45,0
16.0,14,17,0,11,6,7,1,0,0,47,0
16.0,15,17,0,12,6,7,1,0,0,48,0
16.0,16,17,0,12,6,7,1,0,0,50,0
16.0,17,17,1,14,6,7,2,0,0,52,1
17.0,1,0,0,1,0,0,0,0,0,4,0
17.0,2,0,0,2,0,2,0,0,0,11,0
17.0,3,3,0,4,1,2,0,0,0,12,0
17.0,4,8,0,4,1,2,0,0,0,13,0
17.0,5,10,1,4,2,2,0,0,0,13,0
17.0,6,14,1,4,2,2,0,0,0,13,0
17.0,7,16,1,4,2,2,0,0,0,14,0
17.0,8,16,1,5,3,2,0,0,0,22,0
17.0,9,16,1,5,3,2,0,0,0,30,0
17.0,10,16,1,7,4,3,0,0,0,35,0
17.0,11,16,1,7,5,3,0,0,0,36,0
17.0,12,16,1,8,5,4,0,0,0,45,0
17.0,13,16,1,11,5,4,0,0,0,50,0
17.0,14,16,1,11,5,4,0,0,0,52,0
17.0,15,16,1,12,5,4,0,0,0,53,0
17.0,16,16,1,12,5,4,0,0,0,55,0
17.0,17,16,1,14,5,5,1,0,0,57,1
18.0,1,0,0,1,0,0,0,0,0,4,0
18.0,2,0,0,2,0,2,0,0,0,11,0
18.0,3,3,0,4,0,2,0,0,0,13,0
18.0,4,8,0,4,0,2,0,0,0,14,0
18.0,5,10,1,4,1,2,0,0,0,14,0
18.0,6,14,1,4,1,2,0,0,0,14,0
18.0,7,16,1,4,1,2,0,0,0,15,0
18.0,8,16,1,5,2,2,0,0,0,23,0
18.0,9,16,1,5,2,2,0,0,0,31,0
18.0,10,16,1,7,3,3,0,0,0,36,0
18.0,11,16,1,7,4,3,0,0,0,37,0
18.0,12,16,1,8,4,4,0,0,0,46,0
18.0,13,16,1,11,4,4,0,0,0,51,0
18.0,14,16,1,11,4,4,0,0,0,53,0
18.0,15,16,1,12,4,4,0,0,0,54,0
18.0,16,16,1,12,4,4,0,0,0,56,0
18.0,17,16,1,14,4,5,0,0,0,58,2
19.0,1,0,0,1,0,0,0,0,0,4,0
19.0,2,0,0,2,0,2,0,0,0,11,0
19.0,3,3,0,4,0,2,0,0,0,13,0
19.0,4,8,0,4,0,2,0,0,0,14,0
19.0,5,10,1,4,1,2,0,0,0,14,0
19.0,6,14,1,4,1,2,0,0,0,14,0
19.0,7,16,1,4,1,2,0,0,0,15,0
19.0,8,16,1,5,2,2,0,0,0,23,0
19.0,9,16,1,5,2,2,0,0,0,31,0
19.0,10,16,1,7,3,3,0,0,0,36,0
19.0,11,16,1,7,4,3,0,0,0,37,0
19.0,12,16,1,8,4,3,0,0,0,47,0
19.0,13,16,1,11,4,3,0,0,0,52,0
19.0,14,16,1,11,4,3,0,0,0,54,0
19.0,15,16,1,12,4,3,0,0,0,55,0
19.0,16,16,1,12,4,3,0,0,0,57,0
19.0,17,16,1,14,4,3,0,0,0,60,2
20.0,1,0,0,1,0,0,0,0,0,4,0
20.0,2,0,0,2,0,1,0,0,0,12,0
20.0,3,3,0,4,0,1,0,0,0,14,0
20.0,4,8,0,4,0,1,0,0,0,15,0
20.0,5,10,1,4,1,1,0,0,0,15,0
20.0,6,14,1,4,1,1,0,0,0,15,0
20.0,7,16,1,4,1,1,0,0,0,16,0
20.0,8,16,1,5,2,1,0,0,0,24,0
20.0,9,16,1,5,2,1,0,0,0,32,0
20.0,10,16,1,6,2,2,0,0,0,39,0
20.0,11,16,1,6,3,2,0,0,0,40,0
20.0,12,16,1,7,3,2,0,0,0,50,0
20.0,13,16,1,10,3,2,0,0,0,55,0
20.0,14,16,1,10,3,2,0,0,0,57,0
20.0,15,16,1,11,3,2,0,0,0,58,0
20.0,16,16,1,11,3,2,0,0,0,60,0
20.0,17,16,1,13,3,2,0,0,0,63,2
21.0,1,0,0,1,0,0,0,0,0,4,0
21.0,2,0,0,2,0,1,0,0,0,12,0
21.0,3,3,0,3,0,1,0,0,0,15,0
21.0,4,8,0,3,0,1,0,0,0,16,0
21.0,5,10,1,3,1,1,0,0,0,16,0
21.0,6,14,1,3,1,1,0,0,0,16,0
21.0,7,16,1,3,1,1,0,0,0,17,0
21.0,8,16,1,4,2,1,0,0,0,25,0
21.0,9,16,1,4,2,1,0,0,0,33,0
21.0,10,16,1,4,2,2,0,0,0,41,0
21.0,11,16,1,4,3,2,0,0,0,42,0
21.0,12,16,1,5,3,2,0,0,0,52,0
21.0,13,16,1,7,3,2,0,0,0,58,0
21.0,14,16,1,7,3,2,0,0,0,60,0
21.0,15,16,1,8,3,2,0,0,0,61,0
21.0,16,16,1,8,3,2,0,0,0,63,0
21.0,17,16,1,10,3,2,0,0,0,66,2
22.0,1,0,0,1,0,0,0,0,0,4,0
22.0,2,0,0,2,0,1,0,0,0,12,0
22.0,3,3,0,3,0,1,0,0,0,15,0
22.0,4,8,0,3,0,1,0,0,0,16,0
22.0,5,10,0,3,2,1,0,0,0,16,0
22.0,6,14,0,3,2,1,0,0,0,16,0
22.0,7,16,0,3,2,1,0,0,0,17,0
22.0,8,16,0,4,2,1,0,0,0,26,0
22.0,9,16,0,4,2,1,0,0,0,34,0
22.0,10,16,0,4,2,1,0,0,0,43,0
22.0,11,16,0,4,3,1,0,0,0,44,0
22.0,12,16,0,5,3,1,0,0,0,54,0
22.0,13,16,0,6,3,1,0,0,0,61,0
22.0,14,16,0,6,3,1,0,0,0,63,0
22.0,15,16,0,6,3,1,0,0,0,65,0
22.0,16,16,0,6,3,1,0,0,0,67,0
22.0,17,16,0,8,3,1,0,0,0,70,2
23.0,1,0,0,0,0,0,0,0,0,5,0
23.0,2,0,0,1,0,1,0,0,0,13,0
23.0,3,3,0,2,0,1,0,0,0,16,0
23.0,4,6,2,2,0,1,0,0,0,17,0
23.0,5,8,2,2,2,1,0,0,0,17,0
23.0,6,12,2,2,2,1,0,0,0,17,0
23.0,7,14,2,2,2,1,0,0,0,18,0
23.0,8,14,2,3,2,1,0,0,0,27,0
23.0,9,14,2,3,2,1,0,0,0,35,0
23.0,10,14,2,3,2,1,0,0,0,44,0
23.0,11,14,2,3,3,1,0,0,0,45,0
23.0,12,14,2,4,3,1,0,0,0,55,0
23.0,13,14,2,5,3,1,0,0,0,62,0
23.0,14,14,2,5,3,1,0,0,0,64,0
23.0,15,14,2,5,3,1,0,0,0,66,0
23.0,16,14,2,5,3,1,0,0,0,68,0
23.0,17,14,2,7,3,1,0,0,0,71,2
24.0,1,0,0,0,0,0,0,0,0,5,0
24.0,2,0,0,1,0,0,0,0,0,14,0
24.0,3,0,2,3,0,0,0,0,0,17,0
24.0,4,0,6,3,1,0,0,0,0,18,0
24.0,5,1,7,3,3,0,0,0,0,18,0
24.0,6,2,10,3,3,0,0,0,0,18,0
24.0,7,3,11,3,3,0,0,0,0,19,0
24.0,8,3,11,4,3,0,0,0,0,28,0
24.0,9,3,11,4,3,0,0,0,0,36,0
24.0,10,3,11,4,3,0,0,0,0,45,0
24.0,11,3,11,4,3,0,0,0,0,47,0
24.0,12,3,11,4,3,0,0,0,0,58,0
24.0,13,3,11,5,3,0,0,0,0,65,0
24.0,14,3,11,5,3,0,0,0,0,67,0
24.0,15,3,11,5,3,0,0,0,0,69,0
24.0,16,3,11,5,3,0,0,0,0,71,0
24.0,17,3,11,6,3,0,0,0,0,75,2
25.0,1,0,0,0,0,0,0,0,0,5,0
25.0,2,0,0,1,0,0,0,0,0,14,0
25.0,3,0,2,3,0,0,0,0,0,17,0
25.0,4,0,5,3,2,0,0,0,0,18,0
25.0,5,1,6,3,3,0,0,0,0,19,0
25.0,6,1,10,3,3,0,0,0,0,19,0
25.0,7,1,10,3,5,0,0,0,0,20,0
25.0,8,1,10,4,5,0,0,0,0,29,0
25.0,9,1,10,4,5,0,0,0,0,37,0
25.0,10,1,10,4,5,0,0,0,0,46,0
25.0,11,1,10,4,5,0,0,0,0,48,0
25.0,12,1,10,4,5,0,0,0,0,59,0
25.0,13,1,10,4,5,0,0,0,0,67,0
25.0,14,1,10,4,5,0,0,0,0,69,0
25.0,15,1,10,4,5,0,0,0,0,71,0
25.0,16,1,10,4,5,0,0,0,0,73,0
25.0,17,1,10,5,5,0,0,0,0,77,2
26.0,1,0,0,0,0,0,0,0,0,5,0
26.0,2,0,0,1,0,0,0,0,0,14,0
26.0,3,0,2,3,0,0,0,0,0,17,0
26.0,4,0,4,3,2,1,0,0,0,18,0
26.0,5,0,6,3,3,1,0,0,0,19,0
26.0,6,0,10,3,3,1,0,0,0,19,0
26.0,7,0,10,3,5,1,0,0,0,20,0
26.0,8,0,10,4,5,1,0,0,0,29,0
26.0,9,0,10,4,5,1,0,0,0,37,0
26.0,10,0,10,4,5,1,0,0,0,46,0
26.0,11,0,10,4,5,1,0,0,0,48,0
26.0,12,0,10,4,5,1,0,0,0,59,0
26.0,13,0,10,4,5,1,0,0,0,67,0
26.0,14,0,10,4,5,1,0,0,0,69,0
26.0,15,0,10,4,5,1,0,0,0,71,0
26.0,16,0,10,4,5,1,0,0,0,73,0
26.0,17,0,10,5,5,1,0,0,0,77,2
27.0,1,0,0,0,0,0,0,0,0,5,0
27.0,2,0,0,1,0,0,0,0,0,14,0
27.0,3,0,2,3,0,0,0,0,0,17,0
27.0,4,0,3,3,3,1,0,0,0,18,0
27.0,5,0,5,3,4,1,0,0,0,19,0
27.0,6,0,8,3,5,1,0,0,0,19,0
27.0,7,0,8,3,7,1,0,0,0,20,0
27.0,8,0,8,4,7,1,0,0,0,29,0
27.0,9,0,8,4,7,1,0,0,0,37,0
27.0,10,0,8,4,7,1,0,0,0,46,0
27.0,11,0,8,4,7,1,0,0,0,48,0
27.0,12,0,8,4,7,1,0,0,0,59,0
27.0,13,0,8,4,7,1,0,0,0,67,0
27.0,14,0,8,4,7,1,0,0,0,69,0
27.0,15,0,8,4,7,1,0,0,0,71,0
27.0,16,0,8,4,7,1,0,0,0,73,0
27.0,17,0,8,4,7,1,0,0,0,78,2
28.0,1,0,0,0,0,0,0,0,0,5,0
28.0,2,0,0,1,0,0,0,0,0,14,0
28.0,3,0,0,3,2,0,0,0,0,17,0
28.0,4,0,1,3,5,1,0,0,0,18,0
28.0,5,0,3,3,6,1,0,0,0,19,0
28.0,6,0,6,3,7,1,0,0,0,19,0
28.0,7,0,6,3,9,1,0,0,0,20,0
28.0,8,0,6,4,9,1,0,0,0,29,0
28.0,9,0,6,4,9,1,0,0,0,37,0
28.0,10,0,6,4,9,1,0,0,0,46,0
28.0,11,0,6,4,9,1,0,0,0,48,0
28.0,12,0,6,4,9,1,0,0,0,59,0
28.0,13,0,6,4,9,1,0,0,0,67,0
28.0,14,0,6,4,9,1,0,0,0,69,0
28.0,15,0,6,4,9,1,0,0,0,71,0
28.0,16,0,6,4,9,1,0,0,0,73,0
28.0,17,0,6,4,9,1,0,0,0,78,2
29.0,1,0,0,0,0,0,0,0,0,5,0
29.0,2,0,0,1,0,0,0,0,0,14,0
29.0,3,0,0,3,2,0,0,0,0,17,0
29.0,4,0,1,3,5,1,0,0,0,18,0
29.0,5,0,3,3,6,1,0,0,0,19,0
29.0,6,0,5,4,7,1,0,0,0,19,0
29.0,7,0,5,4,9,1,0,0,0,20,0
29.0,8,0,5,5,9,1,0,0,0,29,0
29.0,9,0,5,5,9,1,0,0,0,37,0
29.0,10,0,5,5,9,1,0,0,0,46,0
29.0,11,0,5,5,9,1,0,0,0,48,0
29.0,12,0,5,5,9,1,0,0,0,59,0
29.0,13,0,5,5,9,1,0,0,0,67,0
29.0,14,0,5,5,9,1,0,0,0,69,0
29.0,15,0,5,5,9,1,0,0,0,71,0
29.0,16,0,5,5,9,1,0,0,0,73,0
29.0,17,0,5,5,9,1,0,0,0,78,2
30.0,1,0,0,0,0,0,0,0,0,5,0
30.0,2,0,0,1,0,0,0,0,0,14,0
30.0,3,0,0,2,2,0,0,0,0,18,0
30.0,4,0,0,2,6,1,0,0,0,19,0
30.0,5,0,2,2,6,1,0,0,0,21,0
30.0,6,0,4,3,7,1,0,0,0,21,0
30.0,7,0,4,3,8,1,0,0,0,23,0
30.0,8,0,4,4,8,1,0,0,0,32,0
30.0,9,0,4,4,8,1,0,0,0,40,0
30.0,10,0,4,4,8,1,0,0,0,49,0
30.0,11,0,4,4,8,1,0,0,0,51,0
30.0,12,0,4,4,8,1,0,0,0,62,0
30.0,13,0,4,4,8,1,0,0,0,70,0
30.0,14,0,4,4,8,1,0,0,0,72,0
30.0,15,0,4,4,8,1,0,0,0,74,0
30.0,16,0,4,4,8,1,0,0,0,76,0
30.0,17,0,4,4,8,1,0,0,0,81,2
31.0,1,0,0,0,0,0,0,0,0,5,0
31.0,2,0,0,1,0,0,0,0,0,14,0
31.0,3,0,0,2,2,0,0,0,0,18,0
31.0,4,0,0,2,5,0,0,0,0,21,0
31.0,5,0,2,2,5,0,0,0,0,23,0
31.0,6,0,3,3,7,0,0,0,0,23,0
31.0,7,0,3,3,7,0,0,0,0,26,0
31.0,8,0,3,4,7,0,0,0,0,35,0
31.0,9,0,3,4,7,0,0,0,0,43,0
31.0,10,0,3,4,7,0,0,0,0,52,0
31.0,11,0,3,4,7,0,0,0,0,54,0
31.0,12,0,3,4,7,0,0,0,0,65,0
31.0,13,0,3,4,7,0,0,0,0,73,0
31.0,14,0,3,4,7,0,0,0,0,75,0
31.0,15,0,3,4,7,0,0,0,0,77,0
31.0,16,0,3,4,7,0,0,0,0,79,0
31.0,17,0,3,4,7,0,0,0,0,84,2
32.0,1,0,0,0,0,0,0,0,0,5,0
32.0,2,0,0,1,0,0,0,0,0,14,0
32.0,3,0,0,2,2,0,0,0,0,18,0
32.0,4,0,0,2,5,0,0,0,0,21,0
32.0,5,0,1,2,6,0,0,0,0,23,0
32.0,6,0,2,3,8,0,0,0,0,23,0
32.0,7,0,2,3,8,0,0,0,0,26,0
32.0,8,0,2,4,8,0,0,0,0,35,0
32.0,9,0,2,4,8,0,0,0,0,43,0
32.0,10,0,2,4,8,0,0,0,0,52,0
32.0,11,0,2,4,8,0,0,0,0,54,0
32.0,12,0,2,4,8,0,0,0,0,65,0
32.0,13,0,2,4,8,0,0,0,0,73,0
32.0,14,0,2,4,8,0,0,0,0,75,0
32.0,15,0,2,4,8,0,0,0,0,77,0
32.0,16,0,2,4,8,0,0,0,0,79,0
32.0,17,0,2,4,8,0,0,0,0,84,2
33.0,1,0,0,0,0,0,0,0,0,5,0
33.0,2,0,0,1,0,0,0,0,0,14,0
33.0,3,0,0,2,2,0,0,0,0,18,0
33.0,4,0,0,2,5,0,0,0,0,21,0
33.0,5,0,1,2,6,0,0,0,0,23,0
33.0,6,0,1,3,9,0,0,0,0,23,0
33.0,7,0,1,3,9,0,0,0,0,26,0
33.0,8,0,1,4,9,0,0,0,0,35,0
33.0,9,0,1,4,9,0,0,0,0,43,0
33.0,10,0,1,4,9,0,0,0,0,52,0
33.0,11,0,1,4,9,0,0,0,0,54,0
33.0,12,0,1,4,9,0,0,0,0,65,0
33.0,13,0,1,4,9,0,0,0,0,73,0
33.0,14,0,1,4,9,0,0,0,0,75,0
33.0,15,0,1,4,9,0,0,0,0,77,0
33.0,16,0,1,4,9,0,0,0,0,79,0
33.0,17,0,1,4,9,0,0,0,0,84,2
34.0,1,0,0,0,0,0,0,0,0,5,0
34.0,2,0,0,1,0,0,0,0,0,14,0
34.0,3,0,0,2,2,0,0,0,0,18,0
34.0,4,0,0,2,4,0,0,0,0,22,0
34.0,5,0,0,3,5,0,0,0,0,24,0
34.0,6,0,0,4,8,0,0,0,0,24,0
34.0,7,0,0,4,8,0,0,0,0,27,0
34.0,8,0,0,5,8,0,0,0,0,36,0
34.0,9,0,0,5,8,0,0,0,0,44,0
34.0,10,0,0,5,8,0,0,0,0,53,0
34.0,11,0,0,5,8,0,0,0,0,55,0
34.0,12,0,0,5,8,0,0,0,0,66,0
34.0,13,0,0,5,8,0,0,0,0,74,0
34.0,14,0,0,5,8,0,0,0,0,76,0
34.0,15,0,0,5,8,0,0,0,0,78,0
34.0,16,0,0,5,8,0,0,0,0,80,0
34.0,17,0,0,5,8,0,0,0,0,85,2
35.0,1,0,0,0,0,0,0,0,0,5,0
35.0,2,0,0,1,0,0,0,0,0,14,0
35.0,3,0,0,2,1,0,0,0,0,19,0
35.0,4,0,0,2,1,0,0,0,0,25,0
35.0,5,0,0,3,2,0,0,0,0,27,0
35.0,6,0,0,4,5,0,0,0,0,27,0
35.0,7,0,0,4,5,0,0,0,0,30,0
35.0,8,0,0,5,5,0,0,0,0,39,0
35.0,9,0,0,5,5,0,0,0,0,47,0
35.0,10,0,0,5,5,0,0,0,0,56,0
35.0,11,0,0,5,5,0,0,0,0,58,0
35.0,12,0,0,5,5,0,0,0,0,69,0
35.0,13,0,0,5,5,0,0,0,0,77,0
35.0,14,0,0,5,5,0,0,0,0,79,0
35.0,15,0,0,5,5,0,0,0,0,81,0
35.0,16,0,0,5,5,0,0,0,0,83,0
35.0,17,0,0,5,5,0,0,0,0,88,2
36.0,1,0,0,0,0,0,0,0,0,5,0
36.0,2,0,0,1,0,0,0,0,0,14,0
36.0,3,0,0,2,0,0,0,0,0,20,0
36.0,4,0,0,2,0,0,0,0,0,26,0
36.0,5,0,0,3,1,0,0,0,0,28,0
36.0,6,0,0,4,4,0,0,0,0,28,0
36.0,7,0,0,4,4,0,0,0,0,31,0
36.0,8,0,0,5,4,0,0,0,0,40,0
36.0,9,0,0,5,4,0,0,0,0,48,0
36.0,10,0,0,5,4,0,0,0,0,57,0
36.0,11,0,0,5,4,0,0,0,0,59,0
36.0,12,0,0,5,4,0,0,0,0,70,0
36.0,13,0,0,5,4,0,0,0,0,78,0
36.0,14,0,0,5,4,0,0,0,0,80,0
36.0,15,0,0,5,4,0,0,0,0,82,0
36.0,16,0,0,5,4,0,0,0,0,84,0
36.0,17,0,0,5,4,0,0,0,0,89,2
37.0,1,0,0,0,0,0,0,0,0,5,0
37.0,2,0,0,1,0,0,0,0,0,14,0
37.0,3,0,0,1,0,0,0,0,0,21,0
37.0,4,0,0,1,0,0,0,0,0,27,0
37.0,5,0,0,2,1,0,0,0,0,29,0
37.0,6,0,0,3,3,0,0,0,0,30,0
37.0,7,0,0,3,3,0,0,0,0,33,0
37.0,8,0,0,4,3,0,0,0,0,42,0
37.0,9,0,0,4,3,0,0,0,0,50,0
37.0,10,0,0,4,3,0,0,0,0,59,0
37.0,11,0,0,4,3,0,0,0,0,61,0
37.0,12,0,0,4,3,0,0,0,0,72,0
37.0,13,0,0,4,3,0,0,0,0,80,0
37.0,14,0,0,4,3,0,0,0,0,82,0
37.0,15,0,0,4,3,0,0,0,0,84,0
37.0,16,0,0,4,3,0,0,0,0,86,0
37.0,17,0,0,4,3,0,0,0,0,91,2
38.0,1,0,0,0,0,0,0,0,0,5,0
38.0,2,0,0,1,0,0,0,0,0,14,0
38.0,3,0,0,1,0,0,0,0,0,21,0
38.0,4,0,0,1,0,0,0,0,0,27,0
38.0,5,0,0,2,1,0,0,0,0,29,0
38.0,6,0,0,3,3,0,0,0,0,30,0
38.0,7,0,0,3,3,0,0,0,0,33,0
38.0,8,0,0,3,3,0,0,0,0,43,0
38.0,9,0,0,3,3,0,0,0,0,51,0
38.0,10,0,0,3,3,0,0,0,0,60,0
38.0,11,0,0,3,3,0,0,0,0,62,0
38.0,12,0,0,3,3,0,0,0,0,73,0
38.0,13,0,0,3,3,0,0,0,0,81,0
38.0,14,0,0,3,3,0,0,0,0,83,0
38.0,15,0,0,3,3,0,0,0,0,85,0
38.0,16,0,0,3,3,0,0,0,0,87,0
38.0,17,0,0,3,3,0,0,0,0,92,2
39.0,1,0,0,0,0,0,0,0,0,5,0
39.0,2,0,0,1,0,0,0,0,0,14,0
39.0,3,0,0,1,0,0,0,0,0,21,0
39.0,4,0,0,1,0,0,0,0,0,27,0
39.0,5,0,0,2,1,0,0,0,0,29,0
39.0,6,0,0,3,3,0,0,0,0,30,0
39.0,7,0,0,3,3,0,0,0,0,33,0
39.0,8,0,0,3,3,0,0,0,0,43,0
39.0,9,0,0,3,3,0,0,0,0,51,0
39.0,10,0,0,3,3,0,0,0,0,60,0
39.0,11,0,0,3,3,0,0,0,0,62,0
39.0,12,0,0,3,3,0,0,0,0,73,0
39.0,13,0,0,3,3,0,0,0,0,81,0
39.0,14,0,0,3,3,0,0,0,0,83,0
39.0,15,0,0,3,3,0,0,0,0,85,0
39.0,16,0,0,3,3,0,0,0,0,87,0
39.0,17,0,0,3,3,0,0,0,0,92,2
40.0,1,0,0,0,0,0,0,0,0,5,0
40.0,2,0,0,1,0,0,0,0,0,14,0
40.0,3,0,0,1,0,0,0,0,0,21,0
40.0,4,0,0,1,0,0,0,0,0,27,0
40.0,5,0,0,2,1,0,0,0,0,29,0
40.0,6,0,0,3,3,0,0,0,0,30,0
40.0,7,0,0,3,3,0,0,0,0,33,0
40.0,8,0,0,3,3,0,0,0,0,43,0
40.0,9,0,0,3,3,0,0,0,0,51,0
40.0,10,0,0,3,3,0,0,0,0,60,0
40.0,11,0,0,3,3,0,0,0,0,62,0
40.0,12,0,0,3,3,0,0,0,0,73,0
40.0,13,0,0,3,3,0,0,0,0,81,0
40.0,14,0,0,3,3,0,0,0,0,83,0
40.0,15,0,0,3,3,0,0,0,0,85,0
40.0,16,0,0,3,3,0,0,0,0,87,0
40.0,17,0,0,3,3,0,0,0,0,92,2
41.0,1,0,0,0,0,0,0,0,0,5,0
41.0,2,0,0,1,0,0,0,0,0,14,0
41.0,3,0,0,1,0,0,0,0,0,21,0
41.0,4,0,0,1,0,0,0,0,0,27,0
41.0,5,0,0,1,0,0,0,0,0,31,0
41.0,6,0,0,2,2,0,0,0,0,32,0
41.0,7,0,0,2,2,0,0,0,0,35,0
41.0,8,0,0,2,2,0,0,0,0,45,0
41.0,9,0,0,2,2,0,0,0,0,53,0
41.0,10,0,0,2,2,0,0,0,0,62,0
41.0,11,0,0,2,2,0,0,0,0,64,0
41.0,12,0,0,2,2,0,0,0,0,75,0
41.0,13,0,0,2,2,0,0,0,0,83,0
41.0,14,0,0,2,2,0,0,0,0,85,0
41.0,15,0,0,2,2,0,0,0,0,87,0
41.0,16,0,0,2,2,0,0,0,0,89,0
41.0,17,0,0,2,2,0,0,0,0,94,2
42.0,1,0,0,0,0,0,0,0,0,5,0
42.0,2,0,0,1,0,0,0,0,0,14,0
42.0,3,0,0,1,0,0,0,0,0,21,0
42.0,4,0,0,1,0,0,0,0,0,27,0
42.0,5,0,0,1,0,0,0,0,0,31,0
42.0,6,0,0,2,1,0,0,0,0,33,0
42.0,7,0,0,2,1,0,0,0,0,36,0
42.0,8,0,0,2,1,0,0,0,0,46,0
42.0,9,0,0,2,1,0,0,0,0,54,0
42.0,10,0,0,2,1,0,0,0,0,63,0
42.0,11,0,0,2,1,0,0,0,0,65,0
42.0,12,0,0,2,1,0,0,0,0,76,0
42.0,13,0,0,2,1,0,0,0,0,84,0
42.0,14,0,0,2,1,0,0,0,0,86,0
42.0,15,0,0,2,1,0,0,0,0,88,0
42.0,16,0,0,2,1,0,0,0,0,90,0
42.0,17,0,0,2,1,0,0,0,0,95,2
43.0,1,0,0,0,0,0,0,0,0,5,0
43.0,2,0,0,1,0,0,0,0,0,14,0
43.0,3,0,0,1,0,0,0,0,0,21,0
43.0,4,0,0,1,0,0,0,0,0,27,0
43.0,5,0,0,1,0,0,0,0,0,31,0
43.0,6,0,0,2,1,0,0,0,0,33,0
43.0,7,0,0,2,1,0,0,0,0,36,0
43.0,8,0,0,2,1,0,0,0,0,46,0
43.0,9,0,0,2,1,0,0,0,0,54,0
43.0,10,0,0,2,1,0,0,0,0,63,0
43.0,11,0,0,2,1,0,0,0,0,65,0
43.0,12,0,0,2,1,0,0,0,0,76,0
43.0,13,0,0,2,1,0,0,0,0,84,0
43.0,14,0,0,2,1,0,0,0,0,86,0
43.0,15,0,0,2,1,0,0,0,0,88,0
43.0,16,0,0,2,1,0,0,0,0,90,0
43.0,17,0,0,2,1,0,0,0,0,95,2
44.0,1,0,0,0,0,0,0,0,0,5,0
44.0,2,0,0,1,0,0,0,0,0,14,0
44.0,3,0,0,1,0,0,0,0,0,21,0
44.0,4,0,0,1,0,0,0,0,0,27,0
44.0,5,0,0,1,0,0,0,0,0,31,0
44.0,6,0,0,2,1,0,0,0,0,33,0
44.0,7,0,0,2,1,0,0,0,0,36,0
44.0,8,0,0,2,1,0,0,0,0,46,0
44.0,9,0,0,2,1,0,0,0,0,54,0
44.0,10,0,0,2,1,0,0,0,0,63,0
44.0,11,0,0,2,1,0,0,0,0,65,0
44.0,12,0,0,2,1,0,0,0,0,76,0
44.0,13,0,0,2,1,0,0,0,0,84,0
44.0,14,0,0,2,1,0,0,0,0,86,0
44.0,15,0,0,2,1,0,0,0,0,88,0
44.0,16,0,0,2,1,0,0,0,0,90,0
44.0,17,0,0,2,1,0,0,0,0,95,2
45.0,1,0,0,0,0,0,0,0,0,5,0
45.0,2,0,0,1,0,0,0,0,0,14,0
45.0,3,0,0,1,0,0,0,0,0,21,0
45.0,4,0,0,1,0,0,0,0,0,27,0
45.0,5,0,0,1,0,0,0,0,0,31,0
45.0,6,0,0,2,1,0,0,0,0,33,0
45.0,7,0,0,2,1,0,0,0,0,36,0
45.0,8,0,0,2,1,0,0,0,0,46,0
45.0,9,0,0,2,1,0,0,0,0,54,0
45.0,10,0,0,2,1,0,0,0,0,63,0
45.0,11,0,0,2,1,0,0,0,0,65,0
45.0,12,0,0,2,1,0,0,0,0,76,0
45.0,13,0,0,2,1,0,0,0,0,84,0
45.0,14,0,0,2,1,0,0,0,0,86,0
45.0,15,0,0,2,1,0,0,0,0,88,0
45.0,16,0,0,2,1,0,0,0,0,90,0
45.0,17,0,0,2,1,0,0,0,0,95,2
46.0,1,0,0,0,0,0,0,0,0,5,0
46.0,2,0,0,0,0,0,0,0,0,15,0
46.0,3,0,0,0,0,0,0,0,0,22,0
46.0,4,0,0,0,0,0,0,0,0,28,0
46.0,5,0,0,0,0,0,0,0,0,32,0
46.0,6,0,0,1,0,0,0,0,0,35,0
46.0,7,0,0,1,0,0,0,0,0,38,0
46.0,8,0,0,1,0,0,0,0,0,48,0
46.0,9,0,0,1,0,0,0,0,0,56,0
46.0,10,0,0,1,0,0,0,0,0,65,0
46.0,11,0,0,1,0,0,0,0,0,67,0
46.0,12,0,0,1,0,0,0,0,0,78,0
46.0,13,0,0,1,0,0,0,0,0,86,0
46.0,14,0,0,1,0,0,0,0,0,88,0
46.0,15,0,0,1,0,0,0,0,0,90,0
46.0,16,0,0,1,0,0,0,0,0,92,0
46.0,17,0,0,1,0,0,0,0,0,97,2
47.0,1,0,0,0,0,0,0,0,0,5,0
47.0,2,0,0,0,0,0,0,0,0,15,0
47.0,3,0,0,0,0,0,0,0,0,22,0
47.0,4,0,0,0,0,0,0,0,0,28,0
47.0,5,0,0,0,0,0,0,0,0,32,0
47.0,6,0,0,0,0,0,0,0,0,36,0
47.0,7,0,0,0,0,0,0,0,0,39,0
47.0,8,0,0,0,0,0,0,0,0,49,0
47.0,9,0,0,0,0,0,0,0,0,57,0
47.0,10,0,0,0,0,0,0,0,0,66,0
47.0,11,0,0,0,0,0,0,0,0,68,0
47.0,12,0,0,0,0,0,0,0,0,79,0
47.0,13,0,0,0,0,0,0,0,0,87,0
47.0,14,0,0,0,0,0,0,0,0,89,0
47.0,15,0,0,0,0,0,0,0,0,91,0
47.0,16,0,0,0,0,0,0,0,0,93,0
47.0,17,0,0,0,0,0,0,0,0,98,2
48.0,1,0,0,0,0,0,0,0,0,5,0
48.0,2,0,0,0,0,0,0,0,0,15,0
48.0,3,0,0,0,0,0,0,0,0,22,0
48.0,4,0,0,0,0,0,0,0,0,28,0
48.0,5,0,0,0,0,0,0,0,0,32,0
48.0,6,0,0,0,0,0,0,0,0,36,0
48.0,7,0,0,0,0,0,0,0,0,39,0
48.0,8,0,0,0,0,0,0,0,0,49,0
48.0,9,0,0,0,0,0,0,0,0,57,0
48.0,10,0,0,0,0,0,0,0,0,66,0
48.0,11,0,0,0,0,0,0,0,0,68,0
48.0,12,0,0,0,0,0,0,0,0,79,0
48.0,13,0,0,0,0,0,0,0,0,87,0
48.0,14,0,0,0,0,0,0,0,0,89,0
48.0,15,0,0,0,0,0,0,0,0,91,0
48.0,16,0,0,0,0,0,0,0,0,93,0
48.0,17,0,0,0,0,0,0,0,0,98,2
49.0,1,0,0,0,0,0,0,0,0,5,0
49.0,2,0,0,0,0,0,0,0,0,15,0
49.0,3,0,0,0,0,0,0,0,0,22,0
49.0,4,0,0,0,0,0,0,0,0,28,0
49.0,5,0,0,0,0,0,0,0,0,32,0
49.0,6,0,0,0,0,0,0,0,0,36,0
49.0,7,0,0,0,0,0,0,0,0,39,0
49.0,8,0,0,0,0,0,0,0,0,49,0
49.0,9,0,0,0,0,0,0,0,0,57,0
49.0,10,0,0,0,0,0,0,0,0,66,0
49.0,11,0,0,0,0,0,0,0,0,68,0
49.0,12,0,0,0,0,0,0,0,0,79,0
49.0,13,0,0,0,0,0,0,0,0,87,0
49.0,14,0,0,0,0,0,0,0,0,89,0
49.0,15,0,0,0,0,0,0,0,0,91,0
49.0,16,0,0,0,0,0,0,0,0,93,0
49.0,17,0,0,0,0,0,0,0,0,98,2
50.0,1,0,0,0,0,0,0,0,0,5,0
50.0,2,0,0,0,0,0,0,0,0,15,0
50.0,3,0,0,0,0,0,0,0,0,22,0
50.0,4,0,0,0,0,0,0,0,0,28,0
50.0,5,0,0,0,0,0,0,0,0,32,0
50.0,6,0,0,0,0,0,0,0,0,36,0
50.0,7,0,0,0,0,0,0,0,0,39,0
50.0,8,0,0,0,0,0,0,0,0,49,0
50.0,9,0,0,0,0,0,0,0,0,57,0
50.0,10,0,0,0,0,0,0,0,0,66,0
50.0,11,0,0,0,0,0,0,0,0,68,0
50.0,12,0,0,0,0,0,0,0,0,79,0
50.0,13,0,0,0,0,0,0,0,0,87,0
50.0,14,0,0,0,0,0,0,0,0,89,0
50.0,15,0,0,0,0,0,0,0,0,91,0
50.0,16,0,0,0,0,0,0,0,0,93,0
50.0,17,0,0,0,0,0,0,0,0,98,2
51.0,1,0,0,0,0,0,0,0,0,5,0
51.0,2,0,0,0,0,0,0,0,0,15,0
51.0,3,0,0,0,0,0,0,0,0,22,0
51.0,4,0,0,0,0,0,0,0,0,28,0
51.0,5,0,0,0,0,0,0,0,0,32,0
51.0,6,0,0,0,0,0,0,0,0,36,0
51.0,7,0,0,0,0,0,0,0,0,39,0
51.0,8,0,0,0,0,0,0,0,0,49,0
51.0,9,0,0,0,0,0,0,0,0,57,0
51.0,10,0,0,0,0,0,0,0,0,66,0
51.0,11,0,0,0,0,0,0,0,0,68,0
51.0,12,0,0,0,0,0,0,0,0,79,0
51.0,13,0,0,0,0,0,0,0,0,87,0
51.0,14,0,0,0,0,0,0,0,0,89,0
51.0,15,0,0,0,0,0,0,0,0,91,0
51.0,16,0,0,0,0,0,0,0,0,93,0
51.0,17,0,0,0,0,0,0,0,0,98,2
52.0,1,0,0,0,0,0,0,0,0,5,0
52.0,2,0,0,0,0,0,0,0,0,15,0
52.0,3,0,0,0,0,0,0,0,0,22,0
52.0,4,0,0,0,0,0,0,0,0,28,0
52.0,5,0,0,0,0,0,0,0,0,32,0
52.0,6,0,0,0,0,0,0,0,0,36,0
52.0,7,0,0,0,0,0,0,0,0,39,0
52.0,8,0,0,0,0,0,0,0,0,49,0
52.0,9,0,0,0,0,0,0,0,0,57,0
52.0,10,0,0,0,0,0,0,0,0,66,0
52.0,11,0,0,0,0,0,0,0,0,68,0
52.0,12,0,0,0,0,0,0,0,0,79,0
52.0,13,0,0,0,0,0,0,0,0,87,0
52.0,14,0,0,0,0,0,0,0,0,89,0
52.0,15,0,0,0,0,0,0,0,0,91,0
52.0,16,0,0,0,0,0,0,0,0,93,0
52.0,17,0,0,0,0,0,0,0,0,98,2
53.0,1,0,0,0,0,0,0,0,0,5,0
53.0,2,0,0,0,0,0,0,0,0,15,0
53.0,3,0,0,0,0,0,0,0,0,22,0
53.0,4,0,0,0,0,0,0,0,0,28,0
53.0,5,0,0,0,0,0,0,0,0,32,0
53.0,6,0,0,0,0,0,0,0,0,36,0
53.0,7,0,0,0,0,0,0,0,0,39,0
53.0,8,0,0,0,0,0,0,0,0,49,0
53.0,9,0,0,0,0,0,0,0,0,57,0
53.0,10,0,0,0,0,0,0,0,0,66,0
53.0,11,0,0,0,0,0,0,0,0,68,0
53.0,12,0,0,0,0,0,0,0,0,79,0
53.0,13,0,0,0,0,0,0,0,0,87,0
53.0,14,0,0,0,0,0,0,0,0,89,0
53.0,15,0,0,0,0,0,0,0,0,91,0
53.0,16,0,0,0,0,0,0,0,0,93,0
53.0,17,0,0,0,0,0,0,0,0,98,2
54.0,1,0,0,0,0,0,0,0,0,5,0
54.0,2,0,0,0,0,0,0,0,0,15,0
54.0,3,0,0,0,0,0,0,0,0,22,0
54.0,4,0,0,0,0,0,0,0,0,28,0
54.0,5,0,0,0,0,0,0,0,0,32,0
54.0,6,0,0,0,0,0,0,0,0,36,0
54.0,7,0,0,0,0,0,0,0,0,39,0
54.0,8,0,0,0,0,0,0,0,0,49,0
54.0,9,0,0,0,0,0,0,0,0,57,0
54.0,10,0,0,0,0,0,0,0,0,66,0
54.0,11,0,0,0,0,0,0,0,0,68,0
54.0,12,0,0,0,0,0,0,0,0,79,0
54.0,13,0,0,0,0,0,0,0,0,87,0
54.0,14,0,0,0,0,0,0,0,0,89,0
54.0,15,0,0,0,0,0,0,0,0,91,0
54.0,16,0,0,0,0,0,0,0,0,93,0
54.0,17,0,0,0,0,0,0,0,0,98,2
55.0,1,0,0,0,0,0,0,0,0,5,0
55.0,2,0,0,0,0,0,0,0,0,15,0
55.0,3,0,0,0,0,0,0,0,0,22,0
55.0,4,0,0,0,0,0,0,0,0,28,0
55.0,5,0,0,0,0,0,0,0,0,32,0
55.0,6,0,0,0,0,0,0,0,0,36,0
55.0,7,0,0,0,0,0,0,0,0,39,0
55.0,8,0,0,0,0,0,0,0,0,49,0
55.0,9,0,0,0,0,0,0,0,0,57,0
55.0,10,0,0,0,0,0,0,0,0,66,0
55.0,11,0,0,0,0,0,0,0,0,68,0
55.0,12,0,0,0,0,0,0,0,0,79,0
55.0,13,0,0,0,0,0,0,0,0,87,0
55.0,14,0,0,0,0,0,0,0,0,89,0
55.0,15,0,0,0,0,0,0,0,0,91,0
55.0,16,0,0,0,0,0,0,0,0,93,0
55.0,17,0,0,0,0,0,0,0,0,98,2
56.0,1,0,0,0,0,0,0,0,0,5,0
56.0,2,0,0,0,0,0,0,0,0,15,0
56.0,3,0,0,0,0,0,0,0,0,22,0
56.0,4,0,0,0,0,0,0,0,0,28,0
56.0,5,0,0,0,0,0,0,0,0,32,0
56.0,6,0,0,0,0,0,0,0,0,36,0
56.0,7,0,0,0,0,0,0,0,0,39,0
56.0,8,0,0,0,0,0,0,0,0,49,0
56.0,9,0,0,0,0,0,0,0,0,57,0
56.0,10,0,0,0,0,0,0,0,0,66,0
56.0,11,0,0,0,0,0,0,0,0,68,0
56.0,12,0,0,0,0,0,0,0,0,79,0
56.0,13,0,0,0,0,0,0,0,0,87,0
56.0,14,0,0,0,0,0,0,0,0,89,0
56.0,15,0,0,0,0,0,0,0,0,91,0
56.0,16,0,0,0,0,0,0,0,0,93,0
56.0,17,0,0,0,0,0,0,0,0,98,2
57.0,1,0,0,0,0,0,0,0,0,5,0
57.0,2,0,0,0,0,0,0,0,0,15,0
57.0,3,0,0,0,0,0,0,0,0,22,0
57.0,4,0,0,0,0,0,0,0,0,28,0
57.0,5,0,0,0,0,0,0,0,0,32,0
57.0,6,0,0,0,0,0,0,0,0,36,0
57.0,7,0,0,0,0,0,0,0,0,39,0
57.0,8,0,0,0,0,0,0,0,0,49,0
57.0,9,0,0,0,0,0,0,0,0,57,0
57.0,10,0,0,0,0,0,0,0,0,66,0
57.0,11,0,0,0,0,0,0,0,0,68,0
57.0,12,0,0,0,0,0,0,0,0,79,0
57.0,13,0,0,0,0,0,0,0,0,87,0
57.0,14,0,0,0,0,0,0,0,0,89,0
57.0,15,0,0,0,0,0,0,0,0,91,0
57.0,16,0,0,0,0,0,0,0,0,93,0
57.0,17,0,0,0,0,0,0,0,0,98,2
58.0,1,0,0,0,0,0,0,0,0,5,0
58.0,2,0,0,0,0,0,0,0,0,15,0
58.0,3,0,0,0,0,0,0,0,0,22,0
58.0,4,0,0,0,0,0,0,0,0,28,0
58.0,5,0,0,0,0,0,0,0,0,32,0
58.0,6,0,0,0,0,0,0,0,0,36,0
58.0,7,0,0,0,0,0,0,0,0,39,0
58.0,8,0,0,0,0,0,0,0,0,49,0
58.0,9,0,0,0,0,0,0,0,0,57,0
58.0,10,0,0,0,0,0,0,0,0,66,0
58.0,11,0,0,0,0,0,0,0,0,68,0
58.0,12,0,0,0,0,0,0,0,0,79,0
58.0,13,0,0,0,0,0,0,0,0,87,0
58.0,14,0,0,0,0,0,0,0,0,89,0
58.0,15,0,0,0,0,0,0,0,0,91,0
58.0,16,0,0,0,0,0,0,0,0,93,0
58.0,17,0,0,0,0,0,0,0,0,98,2
59.0,1,0,0,0,0,0,0,0,0,5,0
59.0,2,0,0,0,0,0,0,0,0,15,0
59.0,3,0,0,0,0,0,0,0,0,22,0
59.0,4,0,0,0,0,0,0,0,0,28,0
59.0,5,0,0,0,0,0,0,0,0,32,0
59.0,6,0,0,0,0,0,0,0,0,36,0
59.0,7,0,0,0,0,0,0,0,0,39,0
59.0,8,0,0,0,0,0,0,0,0,49,0
59.0,9,0,0,0,0,0,0,0,0,57,0
59.0,10,0,0,0,0,0,0,0,0,66,0
59.0,11,0,0,0,0,0,0,0,0,68,0
59.0,12,0,0,0,0,0,0,0,0,79,0
59.0,13,0,0,0,0,0,0,0,0,87,0
59.0,14,0,0,0,0,0,0,0,0,89,0
59.0,15,0,0,0,0,0,0,0,0,91,0
59.0,16,0,0,0,0,0,0,0,0,93,0
59.0,17,0,0,0,0,0,0,0,0,98,2
60.0,1,0,0,0,0,0,0,0,0,5,0
60.0,2,0,0,0,0,0,0,0,0,15,0
60.0,3,0,0,0,0,0,0,0,0,22,0
60.0,4,0,0,0,0,0,0,0,0,28,0
60.0,5,0,0,0,0,0,0,0,0,32,0
60.0,6,0,0,0,0,0,0,0,0,36,0
60.0,7,0,0,0,0,0,0,0,0,39,0
60.0,8,0,0,0,0,0,0,0,0,49,0
60.0,9,0,0,0,0,0,0,0,0,57,0
60.0,10,0,0,0,0,0,0,0,0,66,0
60.0,11,0,0,0,0,0,0,0,0,68,0
60.0,12,0,0,0,0,0,0,0,0,79,0
60.0,13,0,0,0,0,0,0,0,0,87,0
60.0,14,0,0,0,0,0,0,0,0,89,0
60.0,15,0,0,0,0,0,0,0,0,91,0
60.0,16,0,0,0,0,0,0,0,0,93,0
60.0,17,0,0,0,0,0,0,0,0,98,2
