cell,microcell,location_x,location_y,household_number,place_number,Susceptible
134568395798,134568396167,0.9791511617091211,0.37666313900256576,13,1,34
134568395798,134568396170,0.9791511617091211,0.37666313900256576,13,0,36
134568395798,134568396182,0.9791511617091211,0.37666313900256576,13,0,28
134568395798,134568396797,0.9791511617091211,0.37666313900256576,13,1,26
134568395798,134568396773,0.9791511617091211,0.37666313900256576,11,0,20
134568395798,134568396764,0.9791511617091211,0.37666313900256576,13,0,36
134568395798,134568396755,0.9791511617091211,0.37666313900256576,12,1,36
134568395798,134568396746,0.9791511617091211,0.37666313900256576,13,0,28
134568395798,134568396737,0.9791511617091211,0.37666313900256576,14,0,37
134568395798,134568396728,0.9791511617091211,0.37666313900256576,12,0,34
134568395798,134568396719,0.9791511617091211,0.37666313900256576,12,0,27
134568395798,134568396710,0.9791511617091211,0.37666313900256576,14,1,40
134568395798,134568396701,0.9791511617091211,0.37666313900256576,13,1,33
134568395798,134568396692,0.9791511617091211,0.37666313900256576,13,1,27
134568395798,134568396683,0.9791511617091211,0.37666313900256576,13,0,34
134568395798,134568396674,0.9791511617091211,0.37666313900256576,12,0,37
134568395798,134568396665,0.9791511617091211,0.37666313900256576,13,0,32
134568395798,134568396656,0.9791511617091211,0.37666313900256576,14,1,43
134568395798,134568396647,0.9791511617091211,0.37666313900256576,12,0,34
134568395798,134568396638,0.9791511617091211,0.37666313900256576,11,0,32
134568395798,134568396629,0.9791511617091211,0.37666313900256576,13,0,26
134568395798,134568396620,0.9791511617091211,0.37666313900256576,11,0,22
134568395798,134568396611,0.9791511617091211,0.37666313900256576,13,0,36
134568395798,134568396602,0.9791511617091211,0.37666313900256576,14,0,30
134568395798,134568396593,0.9791511617091211,0.37666313900256576,11,1,27
134568395798,134568396584,0.9791511617091211,0.37666313900256576,13,0,41
134568395798,134568396575,0.9791511617091211,0.37666313900256576,12,0,27
134568395798,134568396566,0.9791511617091211,0.37666313900256576,13,0,41
134568395798,134568396557,0.9791511617091211,0.37666313900256576,12,0,41
134568395798,134568396548,0.9791511617091211,0.37666313900256576,13,0,41
134568395798,134568396539,0.9791511617091211,0.37666313900256576,12,0,38
134568395798,134568396530,0.9791511617091211,0.37666313900256576,11,0,31
134568395798,134568396521,0.9791511617091211,0.37666313900256576,14,0,41
134568395798,134568396512,0.9791511617091211,0.37666313900256576,11,0,34
134568395798,134568396503,0.9791511617091211,0.37666313900256576,12,0,29
134568395798,134568396494,0.9791511617091211,0.37666313900256576,12,0,37
134568395798,134568396485,0.9791511617091211,0.37666313900256576,14,0,49
134568395798,134568396476,0.9791511617091211,0.37666313900256576,14,0,38
134568395798,134568396467,0.9791511617091211,0.37666313900256576,13,0,39
134568395798,134568396458,0.9791511617091211,0.37666313900256576,13,0,43
134568395798,134568396449,0.9791511617091211,0.37666313900256576,11,0,19
134568395798,134568396440,0.9791511617091211,0.37666313900256576,11,0,25
134568395798,134568396431,0.9791511617091211,0.37666313900256576,13,0,40
134568395798,134568396422,0.9791511617091211,0.37666313900256576,13,0,35
134568395798,134568396413,0.9791511617091211,0.37666313900256576,11,0,25
134568395798,134568396404,0.9791511617091211,0.37666313900256576,12,1,30
134568395798,134568396395,0.9791511617091211,0.37666313900256576,12,0,27
134568395798,134568396386,0.9791511617091211,0.37666313900256576,12,0,34
134568395798,134568396377,0.9791511617091211,0.37666313900256576,14,0,47
134568395798,134568396368,0.9791511617091211,0.37666313900256576,14,0,34
134568395798,134568396359,0.9791511617091211,0.37666313900256576,13,1,30
134568395798,134568396350,0.9791511617091211,0.37666313900256576,13,0,40
134568395798,134568396341,0.9791511617091211,0.37666313900256576,13,0,33
134568395798,134568396332,0.9791511617091211,0.37666313900256576,13,0,49
134568395798,134568396323,0.9791511617091211,0.37666313900256576,11,0,33
134568395798,134568396314,0.9791511617091211,0.37666313900256576,13,0,33
134568395798,134568396305,0.9791511617091211,0.37666313900256576,11,0,37
134568395798,134568396296,0.9791511617091211,0.37666313900256576,13,0,29
134568395798,134568396287,0.9791511617091211,0.37666313900256576,14,0,40
134568395798,134568396278,0.9791511617091211,0.37666313900256576,10,0,30
134568395798,134568396269,0.9791511617091211,0.37666313900256576,13,0,38
134568395798,134568396260,0.9791511617091211,0.37666313900256576,12,0,31
134568395798,134568396251,0.9791511617091211,0.37666313900256576,13,0,36
134568395798,134568396242,0.9791511617091211,0.37666313900256576,12,0,38
134568395798,134568396233,0.9791511617091211,0.37666313900256576,14,0,41
134568395798,134568396224,0.9791511617091211,0.37666313900256576,11,0,43
134568395798,134568396215,0.9791511617091211,0.37666313900256576,13,0,34
134568395798,134568396206,0.9791511617091211,0.37666313900256576,9,1,23
134568395798,134568396197,0.9791511617091211,0.37666313900256576,12,0,32
134568395798,134568358750,0.9791511617091211,0.37666313900256576,12,0,28
134568395798,134568358771,0.9791511617091211,0.37666313900256576,13,0,44
134568395798,134568358783,0.9791511617091211,0.37666313900256576,14,0,39
134568395798,134568358801,0.9791511617091211,0.37666313900256576,14,0,36
134568395798,134568358810,0.9791511617091211,0.37666313900256576,12,0,30
134568395798,134568358819,0.9791511617091211,0.37666313900256576,13,0,35
134568395798,134568358846,0.9791511617091211,0.37666313900256576,14,0,31
134568395798,134568358855,0.9791511617091211,0.37666313900256576,13,0,33
134568395798,134568358864,0.9791511617091211,0.37666313900256576,14,0,36
134568395798,134568358873,0.9791511617091211,0.37666313900256576,14,0,39
134568395798,134568358882,0.9791511617091211,0.37666313900256576,12,0,35
134568395798,134568358906,0.9791511617091211,0.37666313900256576,13,1,33
134568395813,134568358897,0.9120200041479699,0.534781725086886,13,0,38
134568395813,134568481267,0.9120200041479699,0.534781725086886,14,0,42
134568395813,134568480775,0.9120200041479699,0.534781725086886,12,0,32
134568395813,134568480784,0.9120200041479699,0.534781725086886,14,0,40
134568395813,134568481273,0.9120200041479699,0.534781725086886,13,0,35
134568395813,134568481282,0.9120200041479699,0.534781725086886,14,0,42
134568395813,134568481291,0.9120200041479699,0.534781725086886,13,0,46
134568395813,134568481300,0.9120200041479699,0.534781725086886,13,0,25
134568395813,134568481309,0.9120200041479699,0.534781725086886,14,0,42
134568395813,134568481318,0.9120200041479699,0.534781725086886,14,0,36
134568395813,134568481327,0.9120200041479699,0.534781725086886,12,0,32
134568395813,134568481336,0.9120200041479699,0.534781725086886,14,0,43
134568395813,134568481345,0.9120200041479699,0.534781725086886,12,0,32
134568395813,134568481354,0.9120200041479699,0.534781725086886,12,0,32
134568395813,134568481363,0.9120200041479699,0.534781725086886,13,0,39
134568395813,134568481372,0.9120200041479699,0.534781725086886,11,0,24
134568395813,134568481381,0.9120200041479699,0.534781725086886,14,0,41
134568395813,134568481390,0.9120200041479699,0.534781725086886,13,0,47
134568395813,134568481399,0.9120200041479699,0.534781725086886,14,0,41
134568395813,134568481408,0.9120200041479699,0.534781725086886,13,0,33
134568395813,134568481417,0.9120200041479699,0.534781725086886,13,0,34
134568395813,134568481426,0.9120200041479699,0.534781725086886,12,0,33
134568395813,134568481435,0.9120200041479699,0.534781725086886,10,0,21
134568395813,134568481444,0.9120200041479699,0.534781725086886,13,0,31
134568395813,134568481453,0.9120200041479699,0.534781725086886,13,0,40
134568395813,134568481462,0.9120200041479699,0.534781725086886,11,0,34
134568395813,134568481471,0.9120200041479699,0.534781725086886,13,0,30
134568395813,134568481480,0.9120200041479699,0.534781725086886,14,0,41
134568395813,134568481489,0.9120200041479699,0.534781725086886,11,0,27
134568395813,134568481498,0.9120200041479699,0.534781725086886,12,0,25
134568395813,134568481507,0.9120200041479699,0.534781725086886,12,0,26
134568395813,134568481516,0.9120200041479699,0.534781725086886,13,0,34
134568395813,134568481525,0.9120200041479699,0.534781725086886,14,0,36
134568395813,134568481534,0.9120200041479699,0.534781725086886,14,1,43
134568395813,134568481543,0.9120200041479699,0.534781725086886,12,1,26
134568395813,134568481552,0.9120200041479699,0.534781725086886,14,0,35
134568395813,134568481561,0.9120200041479699,0.534781725086886,12,0,32
134568395813,134568481570,0.9120200041479699,0.534781725086886,13,0,34
134568395813,134568481579,0.9120200041479699,0.534781725086886,13,0,28
134568395813,134568481588,0.9120200041479699,0.534781725086886,12,1,33
134568395813,134568481597,0.9120200041479699,0.534781725086886,12,0,35
134568395813,134568481606,0.9120200041479699,0.534781725086886,14,0,36
134568395813,134568481615,0.9120200041479699,0.534781725086886,14,0,36
134568395813,134568481624,0.9120200041479699,0.534781725086886,12,0,29
134568395813,134568481633,0.9120200041479699,0.534781725086886,13,1,29
134568395813,134568481642,0.9120200041479699,0.534781725086886,14,0,44
134568395813,134568481651,0.9120200041479699,0.534781725086886,14,1,46
134568395813,134568481660,0.9120200041479699,0.534781725086886,14,0,42
134568395813,134568481669,0.9120200041479699,0.534781725086886,12,0,37
134568395813,134568481678,0.9120200041479699,0.534781725086886,13,0,35
134568395813,134568481687,0.9120200041479699,0.534781725086886,12,0,29
134568395813,134568481696,0.9120200041479699,0.534781725086886,13,1,32
134568395813,134568481705,0.9120200041479699,0.534781725086886,11,0,20
134568395813,134568481714,0.9120200041479699,0.534781725086886,12,0,30
134568395813,134568481723,0.9120200041479699,0.534781725086886,13,0,38
134568395813,134568481732,0.9120200041479699,0.534781725086886,14,1,35
134568395813,134568481741,0.9120200041479699,0.534781725086886,13,1,33
134568395813,134568481750,0.9120200041479699,0.534781725086886,11,0,28
134568395813,134568481759,0.9120200041479699,0.534781725086886,13,1,33
134568395813,134568481768,0.9120200041479699,0.534781725086886,12,1,25
134568395813,134568481777,0.9120200041479699,0.534781725086886,13,0,32
134568395813,134568481786,0.9120200041479699,0.534781725086886,13,0,44
134568395813,134568493063,0.9120200041479699,0.534781725086886,12,1,37
134568395813,134568493072,0.9120200041479699,0.534781725086886,13,0,31
134568395813,134568493081,0.9120200041479699,0.534781725086886,12,0,30
134568395813,134568493090,0.9120200041479699,0.534781725086886,13,0,40
134568395813,134568493099,0.9120200041479699,0.534781725086886,12,1,30
134568395813,134568493108,0.9120200041479699,0.534781725086886,13,0,34
134568395813,134568493117,0.9120200041479699,0.534781725086886,13,0,29
134568395813,134568493126,0.9120200041479699,0.534781725086886,11,0,28
134568395813,134568493135,0.9120200041479699,0.534781725086886,13,0,39
134568395813,134568493144,0.9120200041479699,0.534781725086886,12,0,27
134568395813,134568493153,0.9120200041479699,0.534781725086886,14,1,39
134568395813,134568493162,0.9120200041479699,0.534781725086886,11,0,24
134568395813,134568493171,0.9120200041479699,0.534781725086886,14,0,42
134568395813,134568493180,0.9120200041479699,0.534781725086886,13,0,32
134568395813,134568493189,0.9120200041479699,0.534781725086886,13,0,30
134568395813,134568493198,0.9120200041479699,0.534781725086886,14,0,34
134568395813,134568493207,0.9120200041479699,0.534781725086886,9,0,31
134568395813,134568493216,0.9120200041479699,0.534781725086886,13,0,33
134568395813,134568493225,0.9120200041479699,0.534781725086886,13,0,31
134568395861,134568493234,0.2670930121081643,0.3930282582830137,14,0,26
134568395861,134568568118,0.2670930121081643,0.3930282582830137,12,0,27
134568395861,134568567818,0.2670930121081643,0.3930282582830137,13,0,31
134568395861,134568567821,0.2670930121081643,0.3930282582830137,13,0,33
134568395861,134568568124,0.2670930121081643,0.3930282582830137,13,0,43
134568395861,134568568133,0.2670930121081643,0.3930282582830137,12,0,29
134568395861,134568568142,0.2670930121081643,0.3930282582830137,14,0,39
134568395861,134568568151,0.2670930121081643,0.3930282582830137,13,1,29
134568395861,134568568160,0.2670930121081643,0.3930282582830137,13,1,34
134568395861,134568568169,0.2670930121081643,0.3930282582830137,13,0,38
134568395861,134568568178,0.2670930121081643,0.3930282582830137,14,0,43
134568395861,134568568187,0.2670930121081643,0.3930282582830137,12,0,44
134568395861,134568568196,0.2670930121081643,0.3930282582830137,14,0,43
134568395861,134568568205,0.2670930121081643,0.3930282582830137,14,0,34
134568395861,134568568214,0.2670930121081643,0.3930282582830137,13,1,35
134568395861,134568568223,0.2670930121081643,0.3930282582830137,13,0,42
134568395861,134568568232,0.2670930121081643,0.3930282582830137,12,0,26
134568395861,134568568241,0.2670930121081643,0.3930282582830137,13,1,27
134568395861,134568568250,0.2670930121081643,0.3930282582830137,12,0,25
134568395861,134568568259,0.2670930121081643,0.3930282582830137,11,0,28
134568395861,134568568268,0.2670930121081643,0.3930282582830137,12,0,33
134568395861,134568568277,0.2670930121081643,0.3930282582830137,13,0,31
134568395861,134568568286,0.2670930121081643,0.3930282582830137,14,0,37
134568395861,134568568295,0.2670930121081643,0.3930282582830137,13,0,39
134568395861,134568568304,0.2670930121081643,0.3930282582830137,13,0,37
134568395861,134568568313,0.2670930121081643,0.3930282582830137,14,0,37
134568395861,134568568322,0.2670930121081643,0.3930282582830137,12,0,26
134568395861,134568568331,0.2670930121081643,0.3930282582830137,12,0,47
134568395861,134568568340,0.2670930121081643,0.3930282582830137,12,0,29
134568395861,134568568349,0.2670930121081643,0.3930282582830137,11,0,30
134568395861,134568568358,0.2670930121081643,0.3930282582830137,13,0,30
134568395861,134568568367,0.2670930121081643,0.3930282582830137,13,0,35
134568395861,134568568376,0.2670930121081643,0.3930282582830137,12,0,36
134568395861,134568568385,0.2670930121081643,0.3930282582830137,11,1,32
134568395861,134568568394,0.2670930121081643,0.3930282582830137,14,1,35
134568395861,134568568403,0.2670930121081643,0.3930282582830137,13,0,46
134568395861,134568568412,0.2670930121081643,0.3930282582830137,13,0,37
134568395861,134568568421,0.2670930121081643,0.3930282582830137,14,1,37
134568395861,134568568430,0.2670930121081643,0.3930282582830137,12,0,34
134568395861,134568568439,0.2670930121081643,0.3930282582830137,13,0,36
134568395861,134568568448,0.2670930121081643,0.3930282582830137,11,0,32
134568395861,134568568457,0.2670930121081643,0.3930282582830137,12,0,35
134568395861,134568568466,0.2670930121081643,0.3930282582830137,13,0,27
134568395861,134568568475,0.2670930121081643,0.3930282582830137,13,1,36
134568395861,134568568484,0.2670930121081643,0.3930282582830137,14,0,33
134568395861,134568568493,0.2670930121081643,0.3930282582830137,9,1,24
134568395861,134568568502,0.2670930121081643,0.3930282582830137,13,0,36
134568395861,134568568511,0.2670930121081643,0.3930282582830137,13,0,38
134568395861,134568568520,0.2670930121081643,0.3930282582830137,12,0,33
134568395861,134568568529,0.2670930121081643,0.3930282582830137,12,0,33
134568395861,134568568538,0.2670930121081643,0.3930282582830137,14,1,32
134568395861,134568568547,0.2670930121081643,0.3930282582830137,12,0,37
134568395861,134568568556,0.2670930121081643,0.3930282582830137,13,0,32
134568395861,134568568565,0.2670930121081643,0.3930282582830137,13,0,36
134568395861,134568568574,0.2670930121081643,0.3930282582830137,13,0,29
134568395861,134568568583,0.2670930121081643,0.3930282582830137,14,0,42
134568395861,134568568592,0.2670930121081643,0.3930282582830137,11,0,31
134568395861,134568568601,0.2670930121081643,0.3930282582830137,14,0,28
134568395861,134568568610,0.2670930121081643,0.3930282582830137,13,0,37
134568395861,134568568619,0.2670930121081643,0.3930282582830137,13,0,34
134568395861,134568568628,0.2670930121081643,0.3930282582830137,14,0,35
134568395861,134568568637,0.2670930121081643,0.3930282582830137,13,0,38
134568395861,134568568646,0.2670930121081643,0.3930282582830137,13,0,36
134568395861,134568568655,0.2670930121081643,0.3930282582830137,11,1,30
134568395861,134568568664,0.2670930121081643,0.3930282582830137,12,0,31
134568395861,134568568673,0.2670930121081643,0.3930282582830137,13,0,33
134568395861,134568568682,0.2670930121081643,0.3930282582830137,11,1,20
134568395861,134568568691,0.2670930121081643,0.3930282582830137,12,0,32
134568395861,134568568700,0.2670930121081643,0.3930282582830137,13,0,45
134568395861,134568568709,0.2670930121081643,0.3930282582830137,12,0,41
134568395861,134568568718,0.2670930121081643,0.3930282582830137,13,0,38
134568395861,134568568727,0.2670930121081643,0.3930282582830137,13,1,31
134568395861,134568568736,0.2670930121081643,0.3930282582830137,13,0,31
134568395861,134568568745,0.2670930121081643,0.3930282582830137,13,0,35
134568395861,134568568754,0.2670930121081643,0.3930282582830137,13,1,33
134568395861,134568568763,0.2670930121081643,0.3930282582830137,14,0,32
134568395861,134568568772,0.2670930121081643,0.3930282582830137,14,1,40
134568395861,134568568781,0.2670930121081643,0.3930282582830137,11,0,27
134568395861,134568568790,0.2670930121081643,0.3930282582830137,12,0,34
134568395861,134568568799,0.2670930121081643,0.3930282582830137,12,1,34
134568395861,134568568808,0.2670930121081643,0.3930282582830137,11,0,29
134568395891,134568568817,0.6555997692260189,0.100202534837314,11,0,34
134568395891,134568651885,0.6555997692260189,0.100202534837314,12,0,25
134568395891,134568651783,0.6555997692260189,0.100202534837314,12,0,31
134568395891,134568651792,0.6555997692260189,0.100202534837314,12,0,29
134568395891,134568651891,0.6555997692260189,0.100202534837314,12,0,30
134568395891,134568651900,0.6555997692260189,0.100202534837314,12,0,37
134568395891,134568651909,0.6555997692260189,0.100202534837314,13,0,31
134568395891,134568651918,0.6555997692260189,0.100202534837314,14,0,35
134568395891,134568651927,0.6555997692260189,0.100202534837314,11,0,28
134568395891,134568651936,0.6555997692260189,0.100202534837314,12,0,29
134568395891,134568651945,0.6555997692260189,0.100202534837314,12,1,40
134568395891,134568651954,0.6555997692260189,0.100202534837314,12,0,32
134568395891,134568651963,0.6555997692260189,0.100202534837314,13,0,26
134568395891,134568651972,0.6555997692260189,0.100202534837314,12,1,45
134568395891,134568651981,0.6555997692260189,0.100202534837314,11,0,29
134568395891,134568651990,0.6555997692260189,0.100202534837314,12,0,30
134568395891,134568651999,0.6555997692260189,0.100202534837314,14,0,44
134568395891,134568652008,0.6555997692260189,0.100202534837314,11,0,35
134568395891,134568652017,0.6555997692260189,0.100202534837314,13,0,33
134568395891,134568652026,0.6555997692260189,0.100202534837314,12,0,30
134568395891,134568652035,0.6555997692260189,0.100202534837314,11,0,35
134568395891,134568652044,0.6555997692260189,0.100202534837314,12,0,29
134568395891,134568652053,0.6555997692260189,0.100202534837314,13,0,33
134568395891,134568652062,0.6555997692260189,0.100202534837314,13,0,42
134568395891,134568652071,0.6555997692260189,0.100202534837314,13,1,33
134568395891,134568652080,0.6555997692260189,0.100202534837314,13,0,37
134568395891,134568652089,0.6555997692260189,0.100202534837314,11,1,30
134568395891,134568652098,0.6555997692260189,0.100202534837314,13,0,32
134568395891,134568652107,0.6555997692260189,0.100202534837314,14,0,27
134568395891,134568652116,0.6555997692260189,0.100202534837314,13,1,45
134568395891,134568652125,0.6555997692260189,0.100202534837314,13,0,39
134568395891,134568652134,0.6555997692260189,0.100202534837314,13,0,43
134568395891,134568652143,0.6555997692260189,0.100202534837314,12,0,28
134568395891,134568652152,0.6555997692260189,0.100202534837314,14,0,29
134568395891,134568652161,0.6555997692260189,0.100202534837314,13,0,32
134568395891,134568652170,0.6555997692260189,0.100202534837314,14,1,38
134568395891,134568652179,0.6555997692260189,0.100202534837314,13,0,39
134568395891,134568652188,0.6555997692260189,0.100202534837314,13,0,40
134568395891,134568652197,0.6555997692260189,0.100202534837314,12,0,35
134568395891,134568652206,0.6555997692260189,0.100202534837314,14,0,36
134568395891,134568652215,0.6555997692260189,0.100202534837314,11,0,30
134568395891,134568652224,0.6555997692260189,0.100202534837314,14,0,47
134568395891,134568652233,0.6555997692260189,0.100202534837314,12,0,29
134568395891,134568652242,0.6555997692260189,0.100202534837314,14,0,30
134568395891,134568652251,0.6555997692260189,0.100202534837314,14,0,34
134568395891,134568652260,0.6555997692260189,0.100202534837314,12,0,27
134568395891,134568652269,0.6555997692260189,0.100202534837314,13,0,29
134568395891,134568652278,0.6555997692260189,0.100202534837314,12,0,31
134568395891,134568652287,0.6555997692260189,0.100202534837314,12,0,37
134568395891,134568652296,0.6555997692260189,0.100202534837314,13,0,31
134568395891,134568652305,0.6555997692260189,0.100202534837314,13,0,33
134568395891,134568652314,0.6555997692260189,0.100202534837314,14,0,42
134568395891,134568652323,0.6555997692260189,0.100202534837314,13,0,26
134568395891,134568652332,0.6555997692260189,0.100202534837314,14,0,36
134568395891,134568652341,0.6555997692260189,0.100202534837314,12,1,40
134568395891,134568652350,0.6555997692260189,0.100202534837314,13,0,33
134568395891,134568652359,0.6555997692260189,0.100202534837314,12,0,33
134568395891,134568652368,0.6555997692260189,0.100202534837314,11,0,33
134568395891,134568652377,0.6555997692260189,0.100202534837314,13,0,34
134568395891,134568652386,0.6555997692260189,0.100202534837314,8,0,19
134568395891,134568652395,0.6555997692260189,0.100202534837314,14,0,37
134568395891,134568652404,0.6555997692260189,0.100202534837314,11,0,34
134568395891,134568652413,0.6555997692260189,0.100202534837314,11,0,22
134568395891,134568652422,0.6555997692260189,0.100202534837314,14,0,37
134568395891,134568652431,0.6555997692260189,0.100202534837314,12,0,33
134568395891,134568652440,0.6555997692260189,0.100202534837314,14,0,34
134568395891,134568652449,0.6555997692260189,0.100202534837314,13,0,38
134568395891,134568652458,0.6555997692260189,0.100202534837314,13,1,33
134568395891,134568652467,0.6555997692260189,0.100202534837314,12,0,21
134568395891,134568652476,0.6555997692260189,0.100202534837314,14,0,37
134568395891,134568652485,0.6555997692260189,0.100202534837314,13,0,33
134568395891,134568652494,0.6555997692260189,0.100202534837314,13,0,41
134568395891,134568652503,0.6555997692260189,0.100202534837314,12,0,43
134568395891,134568652512,0.6555997692260189,0.100202534837314,13,0,27
134568395891,134568652521,0.6555997692260189,0.100202534837314,13,0,35
134568395891,134568652530,0.6555997692260189,0.100202534837314,11,0,30
134568395891,134568652539,0.6555997692260189,0.100202534837314,13,0,36
134568395891,134568652548,0.6555997692260189,0.100202534837314,10,0,27
134568395891,134568652557,0.6555997692260189,0.100202534837314,13,0,32
134568395891,134568652566,0.6555997692260189,0.100202534837314,13,0,35
134568395891,134568652575,0.6555997692260189,0.100202534837314,14,0,39
134568395921,134568652584,0.8199581207255803,0.6836542844635749,14,0,29
134568395921,134568729393,0.8199581207255803,0.6836542844635749,12,1,30
134568395921,134568728589,0.8199581207255803,0.6836542844635749,12,0,27
134568395921,134568728598,0.8199581207255803,0.6836542844635749,12,0,31
134568395921,134568729399,0.8199581207255803,0.6836542844635749,12,0,31
134568395921,134568729408,0.8199581207255803,0.6836542844635749,12,0,31
134568395921,134568729417,0.8199581207255803,0.6836542844635749,12,0,36
134568395921,134568729426,0.8199581207255803,0.6836542844635749,12,0,37
134568395921,134568729435,0.8199581207255803,0.6836542844635749,14,0,39
134568395921,134568729444,0.8199581207255803,0.6836542844635749,12,0,40
134568395921,134568729453,0.8199581207255803,0.6836542844635749,14,0,32
134568395921,134568729462,0.8199581207255803,0.6836542844635749,14,0,35
134568395921,134568729471,0.8199581207255803,0.6836542844635749,13,0,36
134568395921,134568729480,0.8199581207255803,0.6836542844635749,13,0,33
134568395921,134568729489,0.8199581207255803,0.6836542844635749,14,0,42
134568395921,134568729498,0.8199581207255803,0.6836542844635749,13,0,35
134568395921,134568729507,0.8199581207255803,0.6836542844635749,12,0,41
134568395921,134568729516,0.8199581207255803,0.6836542844635749,13,0,51
134568395921,134568729525,0.8199581207255803,0.6836542844635749,13,0,34
134568395921,134568729534,0.8199581207255803,0.6836542844635749,12,1,24
134568395921,134568729543,0.8199581207255803,0.6836542844635749,14,0,35
134568395921,134568729552,0.8199581207255803,0.6836542844635749,14,1,31
134568395921,134568729561,0.8199581207255803,0.6836542844635749,13,0,33
134568395921,134568729570,0.8199581207255803,0.6836542844635749,13,0,38
134568395921,134568729579,0.8199581207255803,0.6836542844635749,13,0,43
134568395921,134568729588,0.8199581207255803,0.6836542844635749,13,0,46
134568395921,134568729597,0.8199581207255803,0.6836542844635749,12,0,25
134568395921,134568737802,0.8199581207255803,0.6836542844635749,13,1,34
134568395921,134568737811,0.8199581207255803,0.6836542844635749,13,0,30
134568395921,134568737820,0.8199581207255803,0.6836542844635749,14,0,38
134568395921,134568737829,0.8199581207255803,0.6836542844635749,12,0,30
134568395921,134568737838,0.8199581207255803,0.6836542844635749,13,1,35
134568395921,134568737847,0.8199581207255803,0.6836542844635749,12,0,33
134568395921,134568737856,0.8199581207255803,0.6836542844635749,13,0,36
134568395921,134568737865,0.8199581207255803,0.6836542844635749,13,0,39
134568395921,134568737874,0.8199581207255803,0.6836542844635749,14,1,43
134568395921,134568737883,0.8199581207255803,0.6836542844635749,14,0,41
134568395921,134568737892,0.8199581207255803,0.6836542844635749,13,0,30
134568395921,134568737901,0.8199581207255803,0.6836542844635749,14,0,41
134568395921,134568737910,0.8199581207255803,0.6836542844635749,13,0,38
134568395921,134568737919,0.8199581207255803,0.6836542844635749,14,0,39
134568395921,134568737928,0.8199581207255803,0.6836542844635749,13,0,39
134568395921,134568737937,0.8199581207255803,0.6836542844635749,13,0,34
134568395921,134568737946,0.8199581207255803,0.6836542844635749,14,0,30
134568395921,134568737955,0.8199581207255803,0.6836542844635749,14,0,42
134568395921,134568737964,0.8199581207255803,0.6836542844635749,14,0,45
134568395921,134568737973,0.8199581207255803,0.6836542844635749,13,0,34
134568395921,134568737982,0.8199581207255803,0.6836542844635749,14,0,44
134568395921,134568737991,0.8199581207255803,0.6836542844635749,13,0,37
134568395921,134568738000,0.8199581207255803,0.6836542844635749,13,0,36
134568395921,134568738009,0.8199581207255803,0.6836542844635749,13,0,41
134568395921,134568738018,0.8199581207255803,0.6836542844635749,12,1,26
134568395921,134568738027,0.8199581207255803,0.6836542844635749,11,1,42
134568395921,134568738036,0.8199581207255803,0.6836542844635749,11,0,37
134568395921,134568738045,0.8199581207255803,0.6836542844635749,9,0,19
134568395921,134568738054,0.8199581207255803,0.6836542844635749,14,0,33
134568395921,134568738063,0.8199581207255803,0.6836542844635749,13,0,28
134568395921,134568738072,0.8199581207255803,0.6836542844635749,12,0,38
134568395921,134568738081,0.8199581207255803,0.6836542844635749,14,0,42
134568395921,134568738090,0.8199581207255803,0.6836542844635749,11,0,31
134568395921,134568738099,0.8199581207255803,0.6836542844635749,13,0,39
134568395921,134568738108,0.8199581207255803,0.6836542844635749,14,1,38
134568395921,134568738117,0.8199581207255803,0.6836542844635749,13,0,33
134568395921,134568738126,0.8199581207255803,0.6836542844635749,13,0,37
134568395921,134568738135,0.8199581207255803,0.6836542844635749,12,1,21
134568395921,134568738144,0.8199581207255803,0.6836542844635749,11,0,32
134568395921,134568738153,0.8199581207255803,0.6836542844635749,12,0,41
134568395921,134568738162,0.8199581207255803,0.6836542844635749,13,1,29
134568395921,134568738171,0.8199581207255803,0.6836542844635749,14,0,34
134568395921,134568738180,0.8199581207255803,0.6836542844635749,12,0,30
134568395921,134568738189,0.8199581207255803,0.6836542844635749,12,0,31
134568395921,134568738198,0.8199581207255803,0.6836542844635749,13,0,35
134568395921,134568738207,0.8199581207255803,0.6836542844635749,13,0,41
134568395921,134568738216,0.8199581207255803,0.6836542844635749,14,0,40
134568395921,134568738225,0.8199581207255803,0.6836542844635749,12,0,27
134568395921,134568738234,0.8199581207255803,0.6836542844635749,14,0,37
134568395921,134568738243,0.8199581207255803,0.6836542844635749,11,0,34
134568395921,134568738252,0.8199581207255803,0.6836542844635749,12,0,30
134568395921,134568738261,0.8199581207255803,0.6836542844635749,13,0,36
134568395921,134568738270,0.8199581207255803,0.6836542844635749,10,0,27
134568395921,134568738279,0.8199581207255803,0.6836542844635749,14,0,40
134568395951,134568738288,0.8843972763852587,0.8643496270606393,14,0,40
134568395951,134568814460,0.8843972763852587,0.8643496270606393,14,0,31
134568395951,134568813578,0.8843972763852587,0.8643496270606393,13,0,37
134568395951,134568813581,0.8843972763852587,0.8643496270606393,14,0,31
134568395951,134568814466,0.8843972763852587,0.8643496270606393,13,0,30
134568395951,134568814475,0.8843972763852587,0.8643496270606393,14,0,37
134568395951,134568814484,0.8843972763852587,0.8643496270606393,14,0,29
134568395951,134568814493,0.8843972763852587,0.8643496270606393,12,0,36
134568395951,134568814502,0.8843972763852587,0.8643496270606393,11,0,25
134568395951,134568814511,0.8843972763852587,0.8643496270606393,14,0,49
134568395951,134568814520,0.8843972763852587,0.8643496270606393,13,0,38
134568395951,134568814529,0.8843972763852587,0.8643496270606393,14,0,36
134568395951,134568814538,0.8843972763852587,0.8643496270606393,14,0,40
134568395951,134568814547,0.8843972763852587,0.8643496270606393,12,0,36
134568395951,134568814556,0.8843972763852587,0.8643496270606393,14,0,44
134568395951,134568814565,0.8843972763852587,0.8643496270606393,13,0,41
134568395951,134568814574,0.8843972763852587,0.8643496270606393,12,0,35
134568395951,134568814583,0.8843972763852587,0.8643496270606393,14,0,37
134568395951,134568823812,0.8843972763852587,0.8643496270606393,13,0,33
134568395951,134568823821,0.8843972763852587,0.8643496270606393,13,0,29
134568395951,134568823830,0.8843972763852587,0.8643496270606393,14,0,32
134568395951,134568823839,0.8843972763852587,0.8643496270606393,13,0,36
134568395951,134568823848,0.8843972763852587,0.8643496270606393,13,0,33
134568395951,134568823857,0.8843972763852587,0.8643496270606393,14,1,41
134568395951,134568823866,0.8843972763852587,0.8643496270606393,14,0,29
134568395951,134568823875,0.8843972763852587,0.8643496270606393,12,0,30
134568395951,134568823884,0.8843972763852587,0.8643496270606393,11,1,32
134568395951,134568823893,0.8843972763852587,0.8643496270606393,13,0,32
134568395951,134568823902,0.8843972763852587,0.8643496270606393,14,0,36
134568395951,134568823911,0.8843972763852587,0.8643496270606393,13,0,32
134568395951,134568823920,0.8843972763852587,0.8643496270606393,13,0,33
134568395951,134568823929,0.8843972763852587,0.8643496270606393,11,0,25
134568395951,134568823938,0.8843972763852587,0.8643496270606393,10,0,19
134568395951,134568823947,0.8843972763852587,0.8643496270606393,12,0,36
134568395951,134568823956,0.8843972763852587,0.8643496270606393,13,1,26
134568395951,134568823965,0.8843972763852587,0.8643496270606393,12,0,30
134568395951,134568823974,0.8843972763852587,0.8643496270606393,12,0,34
134568395951,134568823983,0.8843972763852587,0.8643496270606393,11,0,27
134568395951,134568823992,0.8843972763852587,0.8643496270606393,13,0,34
134568395951,134568824001,0.8843972763852587,0.8643496270606393,14,0,37
134568395951,134568824010,0.8843972763852587,0.8643496270606393,12,0,30
134568395951,134568824019,0.8843972763852587,0.8643496270606393,11,0,30
134568395951,134568824028,0.8843972763852587,0.8643496270606393,14,0,32
134568395951,134568824037,0.8843972763852587,0.8643496270606393,14,0,34
134568395951,134568824046,0.8843972763852587,0.8643496270606393,13,0,35
134568395951,134568824055,0.8843972763852587,0.8643496270606393,14,0,39
134568395951,134568824064,0.8843972763852587,0.8643496270606393,13,0,38
134568395951,134568824073,0.8843972763852587,0.8643496270606393,14,0,46
134568395951,134568824082,0.8843972763852587,0.8643496270606393,13,1,34
134568395951,134568824091,0.8843972763852587,0.8643496270606393,14,0,49
134568395951,134568824100,0.8843972763852587,0.8643496270606393,12,0,39
134568395951,134568824109,0.8843972763852587,0.8643496270606393,12,0,35
134568395951,134568824118,0.8843972763852587,0.8643496270606393,12,0,31
134568395951,134568824127,0.8843972763852587,0.8643496270606393,14,1,36
134568395951,134568824136,0.8843972763852587,0.8643496270606393,14,0,33
134568395951,134568824145,0.8843972763852587,0.8643496270606393,13,0,36
134568395951,134568824154,0.8843972763852587,0.8643496270606393,12,1,40
134568395951,134568824163,0.8843972763852587,0.8643496270606393,14,0,38
134568395951,134568824172,0.8843972763852587,0.8643496270606393,12,0,32
134568395951,134568824181,0.8843972763852587,0.8643496270606393,13,1,34
134568395951,134568824190,0.8843972763852587,0.8643496270606393,13,0,27
134568395951,134568824199,0.8843972763852587,0.8643496270606393,13,0,35
134568395951,134568824208,0.8843972763852587,0.8643496270606393,12,0,28
134568395951,134568824217,0.8843972763852587,0.8643496270606393,11,0,36
134568395951,134568824226,0.8843972763852587,0.8643496270606393,12,0,37
134568395951,134568824235,0.8843972763852587,0.8643496270606393,13,1,39
134568395951,134568824244,0.8843972763852587,0.8643496270606393,13,1,33
134568395951,134568824253,0.8843972763852587,0.8643496270606393,14,0,36
134568395951,134568824262,0.8843972763852587,0.8643496270606393,13,0,33
134568395951,134568824271,0.8843972763852587,0.8643496270606393,10,0,25
134568395951,134568824280,0.8843972763852587,0.8643496270606393,13,1,36
134568395951,134568824289,0.8843972763852587,0.8643496270606393,14,0,34
134568395951,134568824298,0.8843972763852587,0.8643496270606393,13,0,32
134568395951,134568824307,0.8843972763852587,0.8643496270606393,14,0,36
134568395951,134568824316,0.8843972763852587,0.8643496270606393,14,0,43
134568395951,134568824325,0.8843972763852587,0.8643496270606393,13,0,26
134568395951,134568824334,0.8843972763852587,0.8643496270606393,11,0,32
134568395951,134568824343,0.8843972763852587,0.8643496270606393,13,0,30
134568395951,134568824352,0.8843972763852587,0.8643496270606393,13,0,35
134568395951,134568824361,0.8843972763852587,0.8643496270606393,13,0,24
134568395951,134568824370,0.8843972763852587,0.8643496270606393,13,0,41
134568395981,134568824379,0.718242345253535,0.7464408330220916,14,0,31
134568395981,134568898278,0.718242345253535,0.7464408330220916,12,0,37
134568395981,134568897555,0.718242345253535,0.7464408330220916,13,0,25
134568395981,134568897546,0.718242345253535,0.7464408330220916,14,0,35
134568395981,134568898284,0.718242345253535,0.7464408330220916,13,0,37
134568395981,134568898293,0.718242345253535,0.7464408330220916,11,0,31
134568395981,134568898302,0.718242345253535,0.7464408330220916,11,0,25
134568395981,134568898311,0.718242345253535,0.7464408330220916,10,0,23
134568395981,134568898320,0.718242345253535,0.7464408330220916,13,0,37
134568395981,134568898329,0.718242345253535,0.7464408330220916,12,0,31
134568395981,134568898338,0.718242345253535,0.7464408330220916,11,1,26
134568395981,134568898347,0.718242345253535,0.7464408330220916,13,0,40
134568395981,134568898356,0.718242345253535,0.7464408330220916,12,0,29
134568395981,134568898365,0.718242345253535,0.7464408330220916,13,0,37
134568395981,134568898374,0.718242345253535,0.7464408330220916,13,0,22
134568395981,134568898383,0.718242345253535,0.7464408330220916,13,0,36
134568395981,134568898392,0.718242345253535,0.7464408330220916,13,0,39
134568395981,134568898401,0.718242345253535,0.7464408330220916,10,0,26
134568395981,134568898410,0.718242345253535,0.7464408330220916,11,0,32
134568395981,134568898419,0.718242345253535,0.7464408330220916,14,0,34
134568395981,134568898428,0.718242345253535,0.7464408330220916,13,1,39
134568395981,134568898437,0.718242345253535,0.7464408330220916,11,0,23
134568395981,134568898446,0.718242345253535,0.7464408330220916,13,0,30
134568395981,134568898455,0.718242345253535,0.7464408330220916,14,0,25
134568395981,134568898464,0.718242345253535,0.7464408330220916,14,0,37
134568395981,134568898473,0.718242345253535,0.7464408330220916,10,0,25
134568395981,134568898482,0.718242345253535,0.7464408330220916,13,0,40
134568395981,134568898491,0.718242345253535,0.7464408330220916,14,0,42
134568395981,134568898500,0.718242345253535,0.7464408330220916,10,1,22
134568395981,134568898509,0.718242345253535,0.7464408330220916,14,0,37
134568395981,134568898518,0.718242345253535,0.7464408330220916,12,0,38
134568395981,134568898527,0.718242345253535,0.7464408330220916,12,0,29
134568395981,134568898536,0.718242345253535,0.7464408330220916,12,0,36
134568395981,134568898545,0.718242345253535,0.7464408330220916,13,0,38
134568395981,134568898554,0.718242345253535,0.7464408330220916,13,0,36
134568395981,134568906759,0.718242345253535,0.7464408330220916,14,0,39
134568395981,134568906768,0.718242345253535,0.7464408330220916,13,0,28
134568395981,134568906777,0.718242345253535,0.7464408330220916,13,1,36
134568395981,134568906786,0.718242345253535,0.7464408330220916,13,0,36
134568395981,134568906795,0.718242345253535,0.7464408330220916,13,0,31
134568395981,134568906804,0.718242345253535,0.7464408330220916,14,0,29
134568395981,134568906813,0.718242345253535,0.7464408330220916,14,0,35
134568395981,134568906822,0.718242345253535,0.7464408330220916,12,0,32
134568395981,134568906831,0.718242345253535,0.7464408330220916,14,1,36
134568395981,134568906840,0.718242345253535,0.7464408330220916,12,1,29
134568395981,134568906849,0.718242345253535,0.7464408330220916,12,0,32
134568395981,134568906858,0.718242345253535,0.7464408330220916,13,0,34
134568395981,134568906867,0.718242345253535,0.7464408330220916,14,0,32
134568395981,134568906876,0.718242345253535,0.7464408330220916,13,0,41
134568395981,134568906885,0.718242345253535,0.7464408330220916,12,0,49
134568395981,134568906894,0.718242345253535,0.7464408330220916,13,0,26
134568395981,134568906903,0.718242345253535,0.7464408330220916,13,0,30
134568395981,134568906912,0.718242345253535,0.7464408330220916,12,0,30
134568395981,134568906921,0.718242345253535,0.7464408330220916,13,0,32
134568395981,134568906930,0.718242345253535,0.7464408330220916,14,0,37
134568395981,134568906939,0.718242345253535,0.7464408330220916,13,0,28
134568395981,134568906948,0.718242345253535,0.7464408330220916,12,0,33
134568395981,134568906957,0.718242345253535,0.7464408330220916,13,0,26
134568395981,134568906966,0.718242345253535,0.7464408330220916,14,0,46
134568395981,134568906975,0.718242345253535,0.7464408330220916,13,0,31
134568395981,134568906984,0.718242345253535,0.7464408330220916,13,1,30
134568395981,134568906993,0.718242345253535,0.7464408330220916,13,1,35
134568395981,134568907002,0.718242345253535,0.7464408330220916,14,0,42
134568395981,134568907011,0.718242345253535,0.7464408330220916,13,0,32
134568395981,134568907020,0.718242345253535,0.7464408330220916,13,1,32
134568395981,134568907029,0.718242345253535,0.7464408330220916,14,0,33
134568395981,134568907038,0.718242345253535,0.7464408330220916,11,0,30
134568395981,134568907047,0.718242345253535,0.7464408330220916,13,0,46
134568395981,134568907056,0.718242345253535,0.7464408330220916,13,0,34
134568395981,134568907065,0.718242345253535,0.7464408330220916,12,0,26
134568395981,134568907074,0.718242345253535,0.7464408330220916,14,0,42
134568395981,134568907083,0.718242345253535,0.7464408330220916,13,1,33
134568395981,134568907092,0.718242345253535,0.7464408330220916,13,0,37
134568395981,134568907101,0.718242345253535,0.7464408330220916,14,0,28
134568395981,134568907110,0.718242345253535,0.7464408330220916,13,0,36
134568395981,134568907119,0.718242345253535,0.7464408330220916,13,0,37
134568395981,134568907128,0.718242345253535,0.7464408330220916,13,0,42
134568395981,134568907137,0.718242345253535,0.7464408330220916,12,1,27
134568395981,134568907146,0.718242345253535,0.7464408330220916,14,0,29
134568395981,134568907155,0.718242345253535,0.7464408330220916,14,0,36
134568395981,134568907164,0.718242345253535,0.7464408330220916,13,1,40
134568396011,134568907173,0.46744249908265123,0.017225327367926035,13,0,38
134568396011,134568980799,0.46744249908265123,0.017225327367926035,13,0,24
134568396011,134568980490,0.46744249908265123,0.017225327367926035,13,0,36
134568396011,134568980805,0.46744249908265123,0.017225327367926035,14,0,29
134568396011,134568980814,0.46744249908265123,0.017225327367926035,12,0,28
134568396011,134568980823,0.46744249908265123,0.017225327367926035,12,0,39
134568396011,134568980832,0.46744249908265123,0.017225327367926035,10,0,24
134568396011,134568980841,0.46744249908265123,0.017225327367926035,14,0,41
134568396011,134568980850,0.46744249908265123,0.017225327367926035,13,0,27
134568396011,134568980859,0.46744249908265123,0.017225327367926035,13,0,32
134568396011,134568980868,0.46744249908265123,0.017225327367926035,14,0,41
134568396011,134568980877,0.46744249908265123,0.017225327367926035,13,1,32
134568396011,134568980886,0.46744249908265123,0.017225327367926035,12,0,32
134568396011,134568980895,0.46744249908265123,0.017225327367926035,11,0,32
134568396011,134568980904,0.46744249908265123,0.017225327367926035,13,0,32
134568396011,134568980913,0.46744249908265123,0.017225327367926035,14,0,35
134568396011,134568980922,0.46744249908265123,0.017225327367926035,14,0,40
134568396011,134568980931,0.46744249908265123,0.017225327367926035,14,0,39
134568396011,134568980940,0.46744249908265123,0.017225327367926035,12,0,42
134568396011,134568980949,0.46744249908265123,0.017225327367926035,11,0,33
134568396011,134568980958,0.46744249908265123,0.017225327367926035,13,0,27
134568396011,134568980967,0.46744249908265123,0.017225327367926035,11,0,31
134568396011,134568980976,0.46744249908265123,0.017225327367926035,14,0,31
134568396011,134568980985,0.46744249908265123,0.017225327367926035,13,0,34
134568396011,134568980994,0.46744249908265123,0.017225327367926035,14,0,39
134568396011,134568981003,0.46744249908265123,0.017225327367926035,13,0,35
134568396011,134568981012,0.46744249908265123,0.017225327367926035,14,0,39
134568396011,134568981021,0.46744249908265123,0.017225327367926035,13,1,35
134568396011,134568981030,0.46744249908265123,0.017225327367926035,14,0,37
134568396011,134568981039,0.46744249908265123,0.017225327367926035,13,0,37
134568396011,134568981048,0.46744249908265123,0.017225327367926035,13,1,40
134568396011,134568981057,0.46744249908265123,0.017225327367926035,11,0,28
134568396011,134568981066,0.46744249908265123,0.017225327367926035,12,0,34
134568396011,134568981075,0.46744249908265123,0.017225327367926035,14,0,38
134568396011,134568981084,0.46744249908265123,0.017225327367926035,13,0,27
134568396011,134568981093,0.46744249908265123,0.017225327367926035,14,0,42
134568396011,134568981102,0.46744249908265123,0.017225327367926035,12,0,24
134568396011,134568981111,0.46744249908265123,0.017225327367926035,13,0,34
134568396011,134568981120,0.46744249908265123,0.017225327367926035,14,1,49
134568396011,134568981129,0.46744249908265123,0.017225327367926035,13,0,39
134568396011,134568981138,0.46744249908265123,0.017225327367926035,13,0,28
134568396011,134568981147,0.46744249908265123,0.017225327367926035,13,0,35
134568396011,134568981156,0.46744249908265123,0.017225327367926035,13,0,33
134568396011,134568981165,0.46744249908265123,0.017225327367926035,13,1,25
134568396011,134568981174,0.46744249908265123,0.017225327367926035,12,0,48
134568396011,134568981183,0.46744249908265123,0.017225327367926035,12,0,24
134568396011,134568981192,0.46744249908265123,0.017225327367926035,12,0,33
134568396011,134568981201,0.46744249908265123,0.017225327367926035,13,0,34
134568396011,134568981210,0.46744249908265123,0.017225327367926035,11,0,31
134568396011,134568981219,0.46744249908265123,0.017225327367926035,12,0,20
134568396011,134568981228,0.46744249908265123,0.017225327367926035,14,0,36
134568396011,134568981237,0.46744249908265123,0.017225327367926035,13,0,34
134568396011,134568981246,0.46744249908265123,0.017225327367926035,13,0,32
134568396011,134568981255,0.46744249908265123,0.017225327367926035,11,0,33
134568396011,134568981264,0.46744249908265123,0.017225327367926035,12,0,20
134568396011,134568981273,0.46744249908265123,0.017225327367926035,11,0,35
134568396011,134568981282,0.46744249908265123,0.017225327367926035,13,0,33
134568396011,134568981291,0.46744249908265123,0.017225327367926035,14,0,41
134568396011,134568981300,0.46744249908265123,0.017225327367926035,13,1,40
134568396011,134568981309,0.46744249908265123,0.017225327367926035,13,0,40
134568396011,134568981318,0.46744249908265123,0.017225327367926035,12,0,33
134568396011,134568981327,0.46744249908265123,0.017225327367926035,12,0,26
134568396011,134568981336,0.46744249908265123,0.017225327367926035,13,0,38
134568396011,134568981345,0.46744249908265123,0.017225327367926035,13,0,42
134568396011,134568981354,0.46744249908265123,0.017225327367926035,12,0,36
134568396011,134568981363,0.46744249908265123,0.017225327367926035,13,0,33
134568396011,134568981372,0.46744249908265123,0.017225327367926035,11,1,30
134568396011,134568981381,0.46744249908265123,0.017225327367926035,13,0,32
134568396011,134568981390,0.46744249908265123,0.017225327367926035,14,0,42
134568396011,134568981399,0.46744249908265123,0.017225327367926035,14,0,28
134568396011,134568981408,0.46744249908265123,0.017225327367926035,13,0,38
134568396011,134568981417,0.46744249908265123,0.017225327367926035,14,0,34
134568396011,134568981426,0.46744249908265123,0.017225327367926035,14,1,33
134568396011,134568981435,0.46744249908265123,0.017225327367926035,12,1,22
134568396011,134568981444,0.46744249908265123,0.017225327367926035,13,0,35
134568396011,134568981453,0.46744249908265123,0.017225327367926035,13,0,41
134568396011,134568981462,0.46744249908265123,0.017225327367926035,11,1,27
134568396011,134568981471,0.46744249908265123,0.017225327367926035,13,0,36
134568396011,134568981480,0.46744249908265123,0.017225327367926035,12,0,33
134568396011,134568981489,0.46744249908265123,0.017225327367926035,13,0,36
134568396011,134568981498,0.46744249908265123,0.017225327367926035,12,0,31
134568396041,134568993799,0.8471148673025601,0.34166914004441684,13,1,29
134568396041,134569066584,0.8471148673025601,0.34166914004441684,14,0,36
134568396041,134569066506,0.8471148673025601,0.34166914004441684,14,0,41
134568396041,134569066509,0.8471148673025601,0.34166914004441684,13,1,33
134568396041,134569066590,0.8471148673025601,0.34166914004441684,14,0,38
134568396041,134569066599,0.8471148673025601,0.34166914004441684,13,0,49
134568396041,134569066608,0.8471148673025601,0.34166914004441684,14,0,34
134568396041,134569066617,0.8471148673025601,0.34166914004441684,11,0,31
134568396041,134569066626,0.8471148673025601,0.34166914004441684,13,0,34
134568396041,134569066635,0.8471148673025601,0.34166914004441684,14,0,51
134568396041,134569066644,0.8471148673025601,0.34166914004441684,13,0,33
134568396041,134569066653,0.8471148673025601,0.34166914004441684,11,1,28
134568396041,134569066662,0.8471148673025601,0.34166914004441684,12,0,27
134568396041,134569066671,0.8471148673025601,0.34166914004441684,12,0,34
134568396041,134569066680,0.8471148673025601,0.34166914004441684,13,0,34
134568396041,134569066689,0.8471148673025601,0.34166914004441684,13,0,35
134568396041,134569066698,0.8471148673025601,0.34166914004441684,14,0,37
134568396041,134569066707,0.8471148673025601,0.34166914004441684,12,0,31
134568396041,134569066716,0.8471148673025601,0.34166914004441684,14,0,29
134568396041,134569066725,0.8471148673025601,0.34166914004441684,14,0,32
134568396041,134569066734,0.8471148673025601,0.34166914004441684,12,0,29
134568396041,134569066743,0.8471148673025601,0.34166914004441684,13,1,30
134568396041,134569066752,0.8471148673025601,0.34166914004441684,10,0,24
134568396041,134569066761,0.8471148673025601,0.34166914004441684,13,1,29
134568396041,134569066770,0.8471148673025601,0.34166914004441684,12,0,31
134568396041,134569066779,0.8471148673025601,0.34166914004441684,11,0,23
134568396041,134569066788,0.8471148673025601,0.34166914004441684,10,0,28
134568396041,134569066797,0.8471148673025601,0.34166914004441684,12,0,36
134568396041,134569066806,0.8471148673025601,0.34166914004441684,13,0,35
134568396041,134569066815,0.8471148673025601,0.34166914004441684,12,0,31
134568396041,134569066824,0.8471148673025601,0.34166914004441684,12,0,35
134568396041,134569066833,0.8471148673025601,0.34166914004441684,12,0,34
134568396041,134569066842,0.8471148673025601,0.34166914004441684,12,1,31
134568396041,134569066851,0.8471148673025601,0.34166914004441684,10,1,22
134568396041,134569066860,0.8471148673025601,0.34166914004441684,12,1,34
134568396041,134569066869,0.8471148673025601,0.34166914004441684,14,0,34
134568396041,134569066878,0.8471148673025601,0.34166914004441684,13,0,42
134568396041,134569066887,0.8471148673025601,0.34166914004441684,14,0,45
134568396041,134569066896,0.8471148673025601,0.34166914004441684,13,0,32
134568396041,134569066905,0.8471148673025601,0.34166914004441684,13,0,42
134568396041,134569066914,0.8471148673025601,0.34166914004441684,11,0,32
134568396041,134569066923,0.8471148673025601,0.34166914004441684,14,0,35
134568396041,134569066932,0.8471148673025601,0.34166914004441684,12,0,31
134568396041,134569066941,0.8471148673025601,0.34166914004441684,13,0,37
134568396041,134569066950,0.8471148673025601,0.34166914004441684,13,1,28
134568396041,134569066959,0.8471148673025601,0.34166914004441684,10,0,23
134568396041,134569066968,0.8471148673025601,0.34166914004441684,14,0,36
134568396041,134569066977,0.8471148673025601,0.34166914004441684,12,1,38
134568396041,134569066986,0.8471148673025601,0.34166914004441684,13,1,30
134568396041,134569066995,0.8471148673025601,0.34166914004441684,14,1,31
134568396041,134569067004,0.8471148673025601,0.34166914004441684,12,0,23
134568396041,134569067013,0.8471148673025601,0.34166914004441684,13,0,39
134568396041,134569067022,0.8471148673025601,0.34166914004441684,12,0,29
134568396041,134569067031,0.8471148673025601,0.34166914004441684,13,1,40
134568396041,134569067040,0.8471148673025601,0.34166914004441684,11,0,34
134568396041,134569067049,0.8471148673025601,0.34166914004441684,13,0,34
134568396041,134569067058,0.8471148673025601,0.34166914004441684,13,0,35
134568396041,134569067067,0.8471148673025601,0.34166914004441684,13,0,36
134568396041,134569067076,0.8471148673025601,0.34166914004441684,14,0,37
134568396041,134569067085,0.8471148673025601,0.34166914004441684,14,0,38
134568396041,134569067094,0.8471148673025601,0.34166914004441684,12,1,31
134568396041,134569067103,0.8471148673025601,0.34166914004441684,13,0,32
134568396041,134569067112,0.8471148673025601,0.34166914004441684,13,0,35
134568396041,134569067121,0.8471148673025601,0.34166914004441684,13,0,39
134568396041,134569067130,0.8471148673025601,0.34166914004441684,12,0,32
134568396041,134569067139,0.8471148673025601,0.34166914004441684,14,0,32
134568396041,134569067148,0.8471148673025601,0.34166914004441684,13,0,33
134568396041,134569067157,0.8471148673025601,0.34166914004441684,12,1,27
134568396041,134569067166,0.8471148673025601,0.34166914004441684,12,0,33
134568396041,134569067175,0.8471148673025601,0.34166914004441684,13,0,33
134568396041,134569067184,0.8471148673025601,0.34166914004441684,12,0,26
134568396041,134569067193,0.8471148673025601,0.34166914004441684,13,1,40
134568396041,134569067202,0.8471148673025601,0.34166914004441684,10,0,21
134568396041,134569067211,0.8471148673025601,0.34166914004441684,13,0,34
134568396041,134569067220,0.8471148673025601,0.34166914004441684,12,0,30
134568396041,134569067229,0.8471148673025601,0.34166914004441684,13,0,36
134568396041,134569067238,0.8471148673025601,0.34166914004441684,13,0,38
134568396041,134569067247,0.8471148673025601,0.34166914004441684,14,0,40
134568396041,134569067256,0.8471148673025601,0.34166914004441684,14,0,43
134568396041,134569067265,0.8471148673025601,0.34166914004441684,14,0,50
134568396041,134569067274,0.8471148673025601,0.34166914004441684,14,0,34
134568396071,134569067283,0.3133747282810678,0.1160546188024082,14,0,42
134568396071,134569335625,0.3133747282810678,0.1160546188024082,14,0,28
134568396071,134569334794,0.3133747282810678,0.1160546188024082,12,0,28
134568396071,134569334800,0.3133747282810678,0.1160546188024082,14,0,31
134568396071,134569335631,0.3133747282810678,0.1160546188024082,13,0,37
134568396071,134569335640,0.3133747282810678,0.1160546188024082,13,0,41
134568396071,134569335649,0.3133747282810678,0.1160546188024082,14,1,46
134568396071,134569335658,0.3133747282810678,0.1160546188024082,12,0,35
134568396071,134569335667,0.3133747282810678,0.1160546188024082,13,0,33
134568396071,134569335676,0.3133747282810678,0.1160546188024082,14,0,45
134568396071,134569335685,0.3133747282810678,0.1160546188024082,14,0,40
134568396071,134569335694,0.3133747282810678,0.1160546188024082,13,0,36
134568396071,134569335703,0.3133747282810678,0.1160546188024082,14,1,37
134568396071,134569335712,0.3133747282810678,0.1160546188024082,13,1,29
134568396071,134569335721,0.3133747282810678,0.1160546188024082,13,0,35
134568396071,134569335730,0.3133747282810678,0.1160546188024082,11,0,30
134568396071,134569335739,0.3133747282810678,0.1160546188024082,13,0,34
134568396071,134569335748,0.3133747282810678,0.1160546188024082,13,0,34
134568396071,134569335757,0.3133747282810678,0.1160546188024082,13,0,39
134568396071,134569335766,0.3133747282810678,0.1160546188024082,13,0,34
134568396071,134569335775,0.3133747282810678,0.1160546188024082,11,1,23
134568396071,134569335784,0.3133747282810678,0.1160546188024082,13,0,31
134568396071,134569335793,0.3133747282810678,0.1160546188024082,14,0,47
134568396071,134569335802,0.3133747282810678,0.1160546188024082,11,0,31
134568396071,134569346055,0.3133747282810678,0.1160546188024082,14,0,34
134568396071,134569346064,0.3133747282810678,0.1160546188024082,14,0,37
134568396071,134569346073,0.3133747282810678,0.1160546188024082,13,0,27
134568396071,134569346082,0.3133747282810678,0.1160546188024082,14,0,44
134568396071,134569346091,0.3133747282810678,0.1160546188024082,12,0,25
134568396071,134569346100,0.3133747282810678,0.1160546188024082,12,0,36
134568396071,134569346109,0.3133747282810678,0.1160546188024082,14,1,39
134568396071,134569346118,0.3133747282810678,0.1160546188024082,12,0,33
134568396071,134569346127,0.3133747282810678,0.1160546188024082,13,0,29
134568396071,134569346136,0.3133747282810678,0.1160546188024082,13,0,33
134568396071,134569346145,0.3133747282810678,0.1160546188024082,13,0,41
134568396071,134569346154,0.3133747282810678,0.1160546188024082,13,0,33
134568396071,134569346163,0.3133747282810678,0.1160546188024082,13,0,44
134568396071,134569346172,0.3133747282810678,0.1160546188024082,14,0,34
134568396071,134569346181,0.3133747282810678,0.1160546188024082,14,0,39
134568396071,134569346190,0.3133747282810678,0.1160546188024082,14,0,54
134568396071,134569346199,0.3133747282810678,0.1160546188024082,11,0,31
134568396071,134569346208,0.3133747282810678,0.1160546188024082,13,0,30
134568396071,134569346217,0.3133747282810678,0.1160546188024082,14,0,36
134568396071,134569346226,0.3133747282810678,0.1160546188024082,14,1,33
134568396071,134569346235,0.3133747282810678,0.1160546188024082,14,0,31
134568396071,134569346244,0.3133747282810678,0.1160546188024082,13,0,35
134568396071,134569346253,0.3133747282810678,0.1160546188024082,14,0,38
134568396071,134569346262,0.3133747282810678,0.1160546188024082,13,0,36
134568396071,134569346271,0.3133747282810678,0.1160546188024082,14,0,33
134568396071,134569346280,0.3133747282810678,0.1160546188024082,13,0,24
134568396071,134569346289,0.3133747282810678,0.1160546188024082,14,0,46
134568396071,134569346298,0.3133747282810678,0.1160546188024082,13,1,35
134568396071,134569346307,0.3133747282810678,0.1160546188024082,14,1,36
134568396071,134569346316,0.3133747282810678,0.1160546188024082,14,0,40
134568396071,134569346325,0.3133747282810678,0.1160546188024082,12,0,27
134568396071,134569346334,0.3133747282810678,0.1160546188024082,14,1,47
134568396071,134569346343,0.3133747282810678,0.1160546188024082,13,0,36
134568396071,134569346352,0.3133747282810678,0.1160546188024082,14,0,40
134568396071,134569346361,0.3133747282810678,0.1160546188024082,10,0,26
134568396071,134569346370,0.3133747282810678,0.1160546188024082,14,0,39
134568396071,134569346379,0.3133747282810678,0.1160546188024082,13,0,37
134568396071,134569346388,0.3133747282810678,0.1160546188024082,13,0,29
134568396071,134569346397,0.3133747282810678,0.1160546188024082,13,1,25
134568396071,134569346406,0.3133747282810678,0.1160546188024082,14,0,30
134568396071,134569346415,0.3133747282810678,0.1160546188024082,13,0,36
134568396071,134569346424,0.3133747282810678,0.1160546188024082,14,0,40
134568396071,134569346433,0.3133747282810678,0.1160546188024082,13,0,32
134568396071,134569346442,0.3133747282810678,0.1160546188024082,12,0,27
134568396071,134569346451,0.3133747282810678,0.1160546188024082,13,1,33
134568396071,134569346460,0.3133747282810678,0.1160546188024082,12,0,25
134568396071,134569346469,0.3133747282810678,0.1160546188024082,14,0,31
134568396071,134569346478,0.3133747282810678,0.1160546188024082,12,0,28
134568396071,134569346487,0.3133747282810678,0.1160546188024082,13,1,38
134568396071,134569346496,0.3133747282810678,0.1160546188024082,14,0,32
134568396071,134569346505,0.3133747282810678,0.1160546188024082,12,0,32
134568396071,134569346514,0.3133747282810678,0.1160546188024082,13,0,30
134568396071,134569346523,0.3133747282810678,0.1160546188024082,12,0,35
134568396071,134569346532,0.3133747282810678,0.1160546188024082,13,0,26
134568396071,134569346541,0.3133747282810678,0.1160546188024082,13,0,31
134568396071,134569346550,0.3133747282810678,0.1160546188024082,13,1,44
134568396071,134569346559,0.3133747282810678,0.1160546188024082,11,0,30
134568396101,134569346568,0.17776628488864388,0.500608683720099,12,0,30
134568396101,134569420560,0.17776628488864388,0.500608683720099,12,0,33
134568396101,134569419792,0.17776628488864388,0.500608683720099,14,1,39
134568396101,134569419801,0.17776628488864388,0.500608683720099,14,0,41
134568396101,134569420566,0.17776628488864388,0.500608683720099,12,0,31
134568396101,134569420575,0.17776628488864388,0.500608683720099,13,1,24
134568396101,134569420584,0.17776628488864388,0.500608683720099,13,0,38
134568396101,134569420593,0.17776628488864388,0.500608683720099,12,0,25
134568396101,134569420602,0.17776628488864388,0.500608683720099,14,0,28
134568396101,134569420611,0.17776628488864388,0.500608683720099,12,0,30
134568396101,134569420620,0.17776628488864388,0.500608683720099,12,0,38
134568396101,134569420629,0.17776628488864388,0.500608683720099,13,0,38
134568396101,134569420638,0.17776628488864388,0.500608683720099,11,0,21
134568396101,134569420647,0.17776628488864388,0.500608683720099,13,0,31
134568396101,134569420656,0.17776628488864388,0.500608683720099,11,0,26
134568396101,134569420665,0.17776628488864388,0.500608683720099,14,0,40
134568396101,134569420674,0.17776628488864388,0.500608683720099,13,0,40
134568396101,134569420683,0.17776628488864388,0.500608683720099,11,0,24
134568396101,134569420692,0.17776628488864388,0.500608683720099,13,0,32
134568396101,134569420701,0.17776628488864388,0.500608683720099,13,0,32
134568396101,134569420710,0.17776628488864388,0.500608683720099,10,0,27
134568396101,134569420719,0.17776628488864388,0.500608683720099,11,1,41
134568396101,134569420728,0.17776628488864388,0.500608683720099,13,0,25
134568396101,134569420737,0.17776628488864388,0.500608683720099,11,0,27
134568396101,134569420746,0.17776628488864388,0.500608683720099,14,0,31
134568396101,134569420755,0.17776628488864388,0.500608683720099,12,0,31
134568396101,134569420764,0.17776628488864388,0.500608683720099,14,0,42
134568396101,134569420773,0.17776628488864388,0.500608683720099,12,1,35
134568396101,134569420782,0.17776628488864388,0.500608683720099,10,0,26
134568396101,134569420791,0.17776628488864388,0.500608683720099,13,1,37
134568396101,134569430020,0.17776628488864388,0.500608683720099,13,0,25
134568396101,134569430029,0.17776628488864388,0.500608683720099,14,0,37
134568396101,134569430038,0.17776628488864388,0.500608683720099,12,0,34
134568396101,134569430047,0.17776628488864388,0.500608683720099,12,0,36
134568396101,134569430056,0.17776628488864388,0.500608683720099,13,0,29
134568396101,134569430065,0.17776628488864388,0.500608683720099,12,1,30
134568396101,134569430074,0.17776628488864388,0.500608683720099,13,0,33
134568396101,134569430083,0.17776628488864388,0.500608683720099,13,0,25
134568396101,134569430092,0.17776628488864388,0.500608683720099,12,0,31
134568396101,134569430101,0.17776628488864388,0.500608683720099,14,0,36
134568396101,134569430110,0.17776628488864388,0.500608683720099,13,0,39
134568396101,134569430119,0.17776628488864388,0.500608683720099,14,0,36
134568396101,134569430128,0.17776628488864388,0.500608683720099,14,0,40
134568396101,134569430137,0.17776628488864388,0.500608683720099,13,0,30
134568396101,134569430146,0.17776628488864388,0.500608683720099,13,0,33
134568396101,134569430155,0.17776628488864388,0.500608683720099,13,0,39
134568396101,134569430164,0.17776628488864388,0.500608683720099,12,0,33
134568396101,134569430173,0.17776628488864388,0.500608683720099,14,0,40
134568396101,134569430182,0.17776628488864388,0.500608683720099,14,0,40
134568396101,134569430191,0.17776628488864388,0.500608683720099,13,0,34
134568396101,134569430200,0.17776628488864388,0.500608683720099,13,0,30
134568396101,134569430209,0.17776628488864388,0.500608683720099,12,1,30
134568396101,134569430218,0.17776628488864388,0.500608683720099,14,1,33
134568396101,134569430227,0.17776628488864388,0.500608683720099,14,0,44
134568396101,134569430236,0.17776628488864388,0.500608683720099,14,0,40
134568396101,134569430245,0.17776628488864388,0.500608683720099,11,0,32
134568396101,134569430254,0.17776628488864388,0.500608683720099,10,0,28
134568396101,134569430263,0.17776628488864388,0.500608683720099,14,0,36
134568396101,134569430272,0.17776628488864388,0.500608683720099,12,1,42
134568396101,134569430281,0.17776628488864388,0.500608683720099,14,0,41
134568396101,134569430290,0.17776628488864388,0.500608683720099,11,0,25
134568396101,134569430299,0.17776628488864388,0.500608683720099,13,0,33
134568396101,134569430308,0.17776628488864388,0.500608683720099,13,1,33
134568396101,134569430317,0.17776628488864388,0.500608683720099,14,0,32
134568396101,134569430326,0.17776628488864388,0.500608683720099,13,0,40
134568396101,134569430335,0.17776628488864388,0.500608683720099,14,0,36
134568396101,134569430344,0.17776628488864388,0.500608683720099,14,0,39
134568396101,134569430353,0.17776628488864388,0.500608683720099,13,1,48
134568396101,134569430362,0.17776628488864388,0.500608683720099,12,0,42
134568396101,134569430371,0.17776628488864388,0.500608683720099,13,0,32
134568396101,134569430380,0.17776628488864388,0.500608683720099,14,0,33
134568396101,134569430389,0.17776628488864388,0.500608683720099,14,0,31
134568396101,134569430398,0.17776628488864388,0.500608683720099,13,0,41
134568396101,134569430407,0.17776628488864388,0.500608683720099,11,0,33
134568396101,134569430416,0.17776628488864388,0.500608683720099,11,0,30
134568396101,134569430425,0.17776628488864388,0.500608683720099,13,0,30
134568396101,134569430434,0.17776628488864388,0.500608683720099,14,0,45
134568396101,134569430443,0.17776628488864388,0.500608683720099,13,0,38
134568396101,134569430452,0.17776628488864388,0.500608683720099,13,1,37
134568396101,134569430461,0.17776628488864388,0.500608683720099,14,1,34
134568396101,134569430470,0.17776628488864388,0.500608683720099,10,0,32
134568396131,134569430479,0.5716648021821802,0.36680353873702365,13,1,41
134568396131,134569505330,0.5716648021821802,0.36680353873702365,12,0,39
134568396131,134569504778,0.5716648021821802,0.36680353873702365,13,0,31
134568396131,134569504781,0.5716648021821802,0.36680353873702365,14,0,44
134568396131,134569505336,0.5716648021821802,0.36680353873702365,13,0,42
134568396131,134569505345,0.5716648021821802,0.36680353873702365,12,0,26
134568396131,134569505354,0.5716648021821802,0.36680353873702365,13,0,34
134568396131,134569505363,0.5716648021821802,0.36680353873702365,14,0,35
134568396131,134569505372,0.5716648021821802,0.36680353873702365,14,1,40
134568396131,134569505381,0.5716648021821802,0.36680353873702365,11,0,27
134568396131,134569505390,0.5716648021821802,0.36680353873702365,14,0,44
134568396131,134569505399,0.5716648021821802,0.36680353873702365,14,0,39
134568396131,134569505408,0.5716648021821802,0.36680353873702365,13,1,36
134568396131,134569505417,0.5716648021821802,0.36680353873702365,10,0,23
134568396131,134569505426,0.5716648021821802,0.36680353873702365,12,0,26
134568396131,134569505435,0.5716648021821802,0.36680353873702365,12,1,37
134568396131,134569505444,0.5716648021821802,0.36680353873702365,14,0,48
134568396131,134569505453,0.5716648021821802,0.36680353873702365,14,0,38
134568396131,134569505462,0.5716648021821802,0.36680353873702365,13,0,36
134568396131,134569505471,0.5716648021821802,0.36680353873702365,13,0,28
134568396131,134569505480,0.5716648021821802,0.36680353873702365,12,0,31
134568396131,134569505489,0.5716648021821802,0.36680353873702365,12,1,32
134568396131,134569505498,0.5716648021821802,0.36680353873702365,13,0,22
134568396131,134569505507,0.5716648021821802,0.36680353873702365,14,0,34
134568396131,134569505516,0.5716648021821802,0.36680353873702365,12,0,28
134568396131,134569505525,0.5716648021821802,0.36680353873702365,13,0,28
134568396131,134569505534,0.5716648021821802,0.36680353873702365,14,1,43
134568396131,134569505543,0.5716648021821802,0.36680353873702365,11,0,28
134568396131,134569505552,0.5716648021821802,0.36680353873702365,13,1,30
134568396131,134569505561,0.5716648021821802,0.36680353873702365,13,0,43
134568396131,134569505570,0.5716648021821802,0.36680353873702365,10,0,41
134568396131,134569505579,0.5716648021821802,0.36680353873702365,13,0,34
134568396131,134569505588,0.5716648021821802,0.36680353873702365,14,0,37
134568396131,134569505597,0.5716648021821802,0.36680353873702365,13,0,30
134568396131,134569505606,0.5716648021821802,0.36680353873702365,13,0,31
134568396131,134569505615,0.5716648021821802,0.36680353873702365,13,0,49
134568396131,134569505624,0.5716648021821802,0.36680353873702365,12,0,35
134568396131,134569505633,0.5716648021821802,0.36680353873702365,13,0,33
134568396131,134569505642,0.5716648021821802,0.36680353873702365,14,0,39
134568396131,134569505651,0.5716648021821802,0.36680353873702365,12,0,26
134568396131,134569505660,0.5716648021821802,0.36680353873702365,12,0,33
134568396131,134569505669,0.5716648021821802,0.36680353873702365,13,0,41
134568396131,134569505678,0.5716648021821802,0.36680353873702365,14,0,42
134568396131,134569505687,0.5716648021821802,0.36680353873702365,13,0,41
134568396131,134569505696,0.5716648021821802,0.36680353873702365,13,0,36
134568396131,134569505705,0.5716648021821802,0.36680353873702365,10,0,29
134568396131,134569505714,0.5716648021821802,0.36680353873702365,13,0,31
134568396131,134569505723,0.5716648021821802,0.36680353873702365,13,0,38
134568396131,134569505732,0.5716648021821802,0.36680353873702365,13,0,32
134568396131,134569505741,0.5716648021821802,0.36680353873702365,13,0,44
134568396131,134569505750,0.5716648021821802,0.36680353873702365,11,0,28
134568396131,134569505759,0.5716648021821802,0.36680353873702365,13,0,36
134568396131,134569505768,0.5716648021821802,0.36680353873702365,13,1,41
134568396131,134569505777,0.5716648021821802,0.36680353873702365,14,0,44
134568396131,134569505786,0.5716648021821802,0.36680353873702365,9,0,22
134568396131,134569517063,0.5716648021821802,0.36680353873702365,11,0,30
134568396131,134569517072,0.5716648021821802,0.36680353873702365,14,0,33
134568396131,134569517081,0.5716648021821802,0.36680353873702365,13,0,37
134568396131,134569517090,0.5716648021821802,0.36680353873702365,12,0,26
134568396131,134569517099,0.5716648021821802,0.36680353873702365,13,0,31
134568396131,134569517108,0.5716648021821802,0.36680353873702365,12,0,25
134568396131,134569517117,0.5716648021821802,0.36680353873702365,14,1,34
134568396131,134569517126,0.5716648021821802,0.36680353873702365,12,0,29
134568396131,134569517135,0.5716648021821802,0.36680353873702365,11,0,31
134568396131,134569517144,0.5716648021821802,0.36680353873702365,13,1,27
134568396131,134569517153,0.5716648021821802,0.36680353873702365,12,1,30
134568396131,134569517162,0.5716648021821802,0.36680353873702365,12,0,30
134568396131,134569517171,0.5716648021821802,0.36680353873702365,12,1,32
134568396131,134569517180,0.5716648021821802,0.36680353873702365,12,0,39
134568396131,134569517189,0.5716648021821802,0.36680353873702365,14,0,40
134568396131,134569517198,0.5716648021821802,0.36680353873702365,13,0,33
134568396131,134569517207,0.5716648021821802,0.36680353873702365,14,0,27
134568396131,134569517216,0.5716648021821802,0.36680353873702365,14,0,36
134568396131,134569517225,0.5716648021821802,0.36680353873702365,11,0,21
134568396131,134569517234,0.5716648021821802,0.36680353873702365,13,0,37
134568396131,134569517243,0.5716648021821802,0.36680353873702365,13,1,43
134568396131,134569517252,0.5716648021821802,0.36680353873702365,14,1,33
134568396131,134569517261,0.5716648021821802,0.36680353873702365,14,0,41
134568396131,134569517270,0.5716648021821802,0.36680353873702365,13,0,42
134568396131,134569517279,0.5716648021821802,0.36680353873702365,14,0,35
134568396131,134569517288,0.5716648021821802,0.36680353873702365,13,0,33
