timestep,age_group,Susceptible,Exposed,InfectASympt,InfectMild,InfectGP,InfectHosp,InfectICU,InfectICURecov,Recovered,Dead
0,0,1386,0,0,2,0,0,0,0,0,0
0,1,1595,0,0,8,0,0,0,0,0,0
0,2,1832,0,0,7,0,0,0,0,0,0
0,3,1571,0,0,6,0,0,0,0,0,0
0,4,1631,0,0,6,0,0,0,0,0,0
0,5,1685,0,0,3,0,0,0,0,0,0
0,6,1813,0,0,3,0,0,0,0,0,0
0,7,2320,0,0,6,0,0,0,0,0,0
0,8,2846,0,0,6,0,0,0,0,0,0
0,9,2704,0,0,7,0,0,0,0,0,0
0,10,2614,0,0,12,0,0,0,0,0,0
0,11,2320,0,0,10,0,0,0,0,0,0
0,12,2136,0,0,4,0,0,0,0,0,0
0,13,1754,0,0,9,0,0,0,0,0,0
0,14,1534,0,0,3,0,0,0,0,0,0
0,15,1236,0,0,2,0,0,0,0,0,0
0,16,2001,0,0,6,0,0,0,0,0,0
1,0,1386,0,0,2,0,0,0,0,0,0
1,1,1595,0,0,8,0,0,0,0,0,0
1,2,1832,0,0,5,0,0,0,0,2,0
1,3,1571,0,0,6,0,0,0,0,0,0
1,4,1631,0,0,6,0,0,0,0,0,0
1,5,1685,0,0,3,0,0,0,0,0,0
1,6,1813,0,0,3,0,0,0,0,0,0
1,7,2320,0,0,6,0,0,0,0,0,0
1,8,2846,0,0,6,0,0,0,0,0,0
1,9,2704,0,0,7,0,0,0,0,0,0
1,10,2614,0,0,12,0,0,0,0,0,0
1,11,2320,0,0,10,0,0,0,0,0,0
1,12,2136,0,0,4,0,0,0,0,0,0
1,13,1754,0,0,9,0,0,0,0,0,0
1,14,1534,0,0,3,0,0,0,0,0,0
1,15,1236,0,0,2,0,0,0,0,0,0
1,16,2001,0,0,6,0,0,0,0,0,0
2,0,1369,14,0,4,1,0,0,0,0,0
2,1,1550,44,0,8,1,0,0,0,0,0
2,2,1769,62,0,6,0,0,0,0,2,0
2,3,1537,30,1,6,2,0,0,0,1,0
2,4,1584,46,0,7,0,0,0,0,0,0
2,5,1632,50,0,4,2,0,0,0,0,0
2,6,1739,69,1,5,2,0,0,0,0,0
2,7,2234,78,3,7,3,0,0,0,1,0
2,8,2741,102,0,6,3,0,0,0,0,0
2,9,2614,86,0,11,0,0,0,0,0,0
2,10,2529,81,0,15,1,0,0,0,0,0
2,11,2241,78,1,10,0,0,0,0,0,0
2,12,2068,63,2,5,2,0,0,0,0,0
2,13,1754,0,0,9,0,0,0,0,0,0
2,14,1534,0,0,3,0,0,0,0,0,0
2,15,1236,0,0,2,0,0,0,0,0,0
2,16,2000,1,0,6,0,0,0,0,0,0
3,0,1368,14,0,4,2,0,0,0,0,0
3,1,1546,40,3,12,1,0,0,0,1,0
3,2,1756,61,5,12,3,0,0,0,2,0
3,3,1532,27,3,9,5,0,0,0,1,0
3,4,1580,42,3,11,1,0,0,0,0,0
3,5,1621,52,2,8,5,0,0,0,0,0
3,6,1727,69,4,9,6,0,0,0,1,0
3,7,2220,77,10,10,7,0,0,0,2,0
3,8,2727,99,7,13,6,0,0,0,0,0
3,9,2601,85,4,17,4,0,0,0,0,0
3,10,2508,86,8,19,5,0,0,0,0,0
3,11,2227,80,5,14,4,0,0,0,0,0
3,12,2054,67,6,7,5,0,0,0,1,0
3,13,1754,0,0,9,0,0,0,0,0,0
3,14,1534,0,0,3,0,0,0,0,0,0
3,15,1236,0,0,2,0,0,0,0,0,0
3,16,2000,1,0,5,0,0,0,0,1,0
4,0,1358,21,2,5,2,0,0,0,0,0
4,1,1526,47,6,20,3,0,0,0,1,0
4,2,1725,80,10,16,6,0,0,0,2,0
4,3,1522,30,5,13,6,0,0,0,1,0
4,4,1550,62,7,15,2,0,0,0,1,0
4,5,1589,72,4,12,11,0,0,0,0,0
4,6,1695,78,11,20,9,0,0,0,3,0
4,7,2170,107,16,20,11,0,0,0,2,0
4,8,2662,142,15,23,9,0,0,0,1,0
4,9,2547,119,9,26,9,0,0,0,1,0
4,10,2457,116,14,27,10,0,0,0,2,0
4,11,2170,117,8,26,9,0,0,0,0,0
4,12,1996,110,10,12,11,0,0,0,1,0
4,13,1751,3,0,9,0,0,0,0,0,0
4,14,1532,2,0,3,0,0,0,0,0,0
4,15,1235,1,0,2,0,0,0,0,0,0
4,16,1999,2,0,5,0,0,0,0,1,0
5,0,1346,28,5,5,3,0,0,0,1,0
5,1,1495,71,11,18,3,0,0,0,5,0
5,2,1690,94,16,28,7,0,0,0,4,0
5,3,1505,42,6,14,8,0,0,0,2,0
5,4,1527,76,11,17,5,0,0,0,1,0
5,5,1566,85,7,16,14,0,0,0,0,0
5,6,1649,104,16,30,11,0,0,0,6,0
5,7,2113,127,24,33,26,0,0,0,3,0
5,8,2595,178,30,35,13,0,0,0,1,0
5,9,2484,160,15,34,15,0,0,0,3,0
5,10,2399,143,22,41,18,0,0,0,3,0
5,11,2111,157,20,30,10,0,0,0,2,0
5,12,1945,139,19,21,13,0,0,0,3,0
5,13,1747,3,1,12,0,0,0,0,0,0
5,14,1530,4,0,3,0,0,0,0,0,0
5,15,1235,0,1,2,0,0,0,0,0,0
5,16,1995,6,0,5,0,0,0,0,1,0
6,0,1328,43,7,5,4,0,0,0,1,0
6,1,1460,91,17,23,4,0,0,0,8,0
6,2,1643,124,23,33,12,0,0,0,4,0
6,3,1483,55,11,16,9,0,0,0,3,0
6,4,1495,96,15,23,7,0,0,0,1,0
6,5,1513,118,16,19,21,0,0,0,1,0
6,6,1594,135,29,34,16,0,0,0,8,0
6,7,2033,174,37,46,31,0,0,0,5,0
6,8,2527,210,34,53,23,0,0,0,5,0
6,9,2413,191,27,54,23,0,0,0,3,0
6,10,2317,191,33,53,27,0,0,0,5,0
6,11,2043,196,29,44,15,0,0,0,3,0
6,12,1867,179,34,34,21,0,0,0,5,0
6,13,1739,11,1,10,0,0,0,0,2,0
6,14,1525,8,0,4,0,0,0,0,0,0
6,15,1230,5,1,1,0,0,0,0,1,0
6,16,1986,11,2,6,0,0,0,0,2,0
7,0,1313,50,12,6,5,0,0,0,2,0
7,1,1433,93,24,33,10,0,0,0,10,0
7,2,1583,162,32,38,18,0,0,0,6,0
7,3,1454,70,14,22,12,0,0,0,5,0
7,4,1455,113,25,30,12,0,0,0,2,0
7,5,1470,138,24,27,27,0,0,0,2,0
7,6,1540,154,46,46,20,0,0,0,10,0
7,7,1973,196,53,58,38,1,0,0,7,0
7,8,2425,265,53,64,36,0,0,0,9,0
7,9,2326,237,37,74,32,0,0,0,5,0
7,10,2232,238,42,70,37,1,0,0,6,0
7,11,1961,231,39,66,28,0,0,0,5,0
7,12,1797,216,42,45,27,0,0,0,13,0
7,13,1731,17,2,10,1,0,0,0,2,0
7,14,1520,12,0,5,0,0,0,0,0,0
7,15,1230,4,1,1,0,0,0,0,2,0
7,16,1976,19,2,6,1,0,0,0,3,0
8,0,1295,58,18,8,7,0,0,0,2,0
8,1,1389,110,28,48,18,0,0,0,10,0
8,2,1524,188,40,56,21,0,0,0,10,0
8,3,1415,99,20,24,13,0,0,0,6,0
8,4,1415,120,35,40,20,0,0,0,7,0
8,5,1420,154,39,36,35,0,0,0,4,0
8,6,1479,184,59,55,25,0,0,0,14,0
8,7,1897,234,61,70,51,1,0,0,12,0
8,8,2344,287,73,79,56,0,0,0,13,0
8,9,2242,269,50,91,44,0,0,0,15,0
8,10,2152,259,62,83,54,3,0,0,13,0
8,11,1896,247,53,88,39,0,0,0,7,0
8,12,1721,243,56,68,35,0,0,0,17,0
8,13,1718,25,3,10,4,0,0,0,3,0
8,14,1508,23,0,6,0,0,0,0,0,0
8,15,1226,6,2,2,0,0,0,0,2,0
8,16,1965,28,3,6,2,0,0,0,3,0
9,0,1276,64,25,10,10,0,0,0,3,0
9,1,1339,130,37,63,22,0,0,0,12,0
9,2,1474,209,46,71,27,0,0,0,12,0
9,3,1391,103,31,24,17,0,0,0,11,0
9,4,1378,144,41,42,22,0,0,0,10,0
9,5,1368,173,50,44,40,0,0,0,13,0
9,6,1421,211,67,67,30,1,0,0,19,0
9,7,1833,247,84,84,57,1,0,0,20,0
9,8,2250,319,95,97,75,0,0,0,16,0
9,9,2149,306,68,107,57,0,0,0,24,0
9,10,2076,285,80,94,65,4,0,0,22,0
9,11,1830,262,65,101,56,0,0,0,16,0
9,12,1659,247,77,82,48,3,0,0,24,0
9,13,1705,34,4,9,6,0,0,0,5,0
9,14,1500,25,3,6,2,0,0,0,1,0
9,15,1220,11,2,3,0,0,0,0,2,0
9,16,1958,31,4,7,3,0,0,0,4,0
10,0,1266,58,31,17,12,0,0,0,4,0
10,1,1312,128,46,74,28,0,0,0,15,0
10,2,1430,209,62,83,36,0,0,0,19,0
10,3,1362,118,38,25,19,0,0,0,15,0
10,4,1338,152,51,56,28,0,0,0,12,0
10,5,1321,187,59,57,43,0,0,0,21,0
10,6,1373,204,84,87,40,1,0,0,27,0
10,7,1765,252,102,109,70,1,0,0,27,0
10,8,2188,307,121,118,87,1,0,0,30,0
10,9,2077,306,96,129,67,0,0,0,36,0
10,10,1994,300,106,109,78,5,0,0,34,0
10,11,1774,258,85,117,70,0,0,0,26,0
10,12,1604,249,98,91,58,1,2,0,37,0
10,13,1699,34,5,10,8,0,0,0,7,0
10,14,1491,31,4,5,4,0,0,0,2,0
10,15,1213,16,3,2,1,0,0,0,3,0
10,16,1951,31,6,11,4,0,0,0,4,0
11,0,1250,64,32,25,12,0,0,0,5,0
11,1,1270,142,55,84,30,0,0,0,22,0
11,2,1378,218,77,95,41,0,0,0,30,0
11,3,1343,110,50,30,21,0,0,0,23,0
11,4,1295,157,61,67,32,0,0,0,25,0
11,5,1278,194,69,67,51,0,0,0,29,0
11,6,1309,212,103,98,55,1,0,0,38,0
11,7,1682,284,116,125,77,1,0,0,41,0
11,8,2100,324,141,140,101,1,0,0,45,0
11,9,1978,338,118,147,76,0,0,0,54,0
11,10,1908,332,119,125,87,7,0,0,48,0
11,11,1710,266,102,134,80,0,0,0,38,0
11,12,1541,252,118,109,75,2,2,0,41,0
11,13,1693,32,10,12,8,0,0,0,8,0
11,14,1484,33,5,7,5,1,0,0,2,0
11,15,1210,17,4,3,1,0,0,0,3,0
11,16,1946,32,7,13,4,0,0,0,5,0
12,0,1239,64,34,29,15,0,0,0,7,0
12,1,1234,147,63,89,38,0,0,0,32,0
12,2,1324,227,89,115,47,0,0,0,37,0
12,3,1303,124,57,35,31,0,0,0,27,0
12,4,1253,160,76,75,43,0,0,0,30,0
12,5,1206,225,77,86,59,0,0,0,35,0
12,6,1244,228,123,110,65,0,1,0,45,0
12,7,1614,286,139,140,78,2,0,0,67,0
12,8,2019,319,167,173,104,3,0,0,67,0
12,9,1900,343,153,151,87,1,0,0,76,0
12,10,1836,337,139,144,99,7,0,0,63,1
12,11,1630,289,118,146,86,0,0,0,61,0
12,12,1467,274,131,131,81,0,4,0,52,0
12,13,1682,38,12,12,8,0,0,0,11,0
12,14,1478,29,6,8,10,1,1,0,4,0
12,15,1209,17,4,3,1,0,0,0,4,0
12,16,1939,32,8,14,8,0,0,0,6,0
13,0,1233,52,37,35,20,0,0,0,11,0
13,1,1227,123,67,96,46,0,0,0,44,0
13,2,1287,221,103,132,51,0,0,0,45,0
13,3,1272,132,62,41,35,0,0,0,35,0
13,4,1232,145,90,79,50,0,0,0,41,0
13,5,1174,206,90,104,67,1,0,0,46,0
13,6,1207,218,135,116,72,0,1,0,67,0
13,7,1552,298,145,150,80,2,0,0,99,0
13,8,1974,298,187,179,115,5,0,0,94,0
13,9,1829,346,174,168,92,2,0,0,100,0
13,10,1768,327,161,178,102,10,0,0,79,1
13,11,1587,270,129,162,102,2,0,0,78,0
13,12,1418,267,150,143,87,1,3,0,70,1
13,13,1674,42,13,12,11,0,0,0,11,0
13,14,1473,26,10,11,11,1,1,0,4,0
13,15,1202,24,4,3,1,0,0,0,4,0
13,16,1932,37,8,14,8,0,0,0,8,0
14,0,1217,62,38,38,18,0,0,0,15,0
14,1,1200,124,77,99,51,0,0,0,52,0
14,2,1236,227,115,141,54,0,0,0,66,0
14,3,1254,114,70,59,40,0,0,0,40,0
14,4,1203,146,101,83,52,0,0,0,52,0
14,5,1138,199,102,108,73,1,0,0,67,0
14,6,1162,217,147,123,77,0,1,0,89,0
14,7,1490,297,167,165,84,1,0,0,122,0
14,8,1905,299,210,188,119,6,0,0,125,0
14,9,1759,323,200,185,102,2,1,0,139,0
14,10,1704,300,180,201,118,14,0,0,108,1
14,11,1531,272,152,160,112,2,0,0,101,0
14,12,1379,252,166,153,82,5,3,0,99,1
14,13,1666,42,17,13,11,0,0,0,14,0
14,14,1465,26,15,12,11,1,1,0,6,0
14,15,1197,20,6,6,5,0,0,0,4,0
14,16,1923,41,10,13,8,0,0,0,12,0
15,0,1211,57,36,44,16,0,0,0,24,0
15,1,1192,109,82,101,49,0,0,0,70,0
15,2,1194,218,123,152,64,0,0,0,88,0
15,3,1215,131,73,67,44,0,0,0,47,0
15,4,1179,147,106,84,54,0,0,0,67,0
15,5,1097,193,108,123,75,1,0,0,91,0
15,6,1132,202,160,137,76,0,1,0,108,0
15,7,1452,266,187,177,97,1,0,0,146,0
15,8,1857,282,226,198,120,7,0,0,162,0
15,9,1718,302,213,197,105,2,1,0,173,0
15,10,1653,291,195,209,118,14,0,0,144,2
15,11,1488,251,172,166,119,6,0,0,128,0
15,12,1338,236,179,170,88,6,4,0,118,1
15,13,1661,40,19,13,11,2,0,0,17,0
15,14,1463,20,17,15,12,2,1,0,7,0
15,15,1193,19,6,9,7,0,0,0,4,0
15,16,1919,40,11,16,8,0,0,0,13,0
16,0,1205,44,40,47,22,0,0,0,30,0
16,1,1179,105,86,96,48,0,0,0,89,0
16,2,1155,208,137,152,69,0,0,0,118,0
16,3,1185,128,84,81,45,0,0,0,54,0
16,4,1165,128,115,88,58,0,0,0,83,0
16,5,1066,185,112,132,72,2,0,0,119,0
16,6,1101,184,173,145,78,0,1,0,134,0
16,7,1412,241,208,184,99,1,0,0,181,0
16,8,1806,284,240,203,121,7,0,0,191,0
16,9,1665,287,226,211,106,5,1,0,210,0
16,10,1597,278,207,206,135,11,0,0,190,2
16,11,1440,240,186,163,121,7,0,0,173,0
16,12,1299,241,186,158,85,9,4,1,156,1
16,13,1658,32,21,20,11,2,0,0,19,0
16,14,1463,17,17,14,12,3,1,0,10,0
16,15,1191,19,6,11,7,0,0,0,4,0
16,16,1918,36,14,18,5,2,0,0,14,0
17,0,1193,40,42,52,23,0,0,0,38,0
17,1,1138,125,91,95,44,0,0,0,110,0
17,2,1109,198,156,160,78,0,0,0,138,0
17,3,1155,125,84,100,46,0,0,0,67,0
17,4,1157,105,125,90,59,0,0,0,101,0
17,5,1042,164,130,137,75,3,0,0,137,0
17,6,1076,180,178,138,74,1,1,0,168,0
17,7,1385,216,225,172,100,1,0,0,227,0
17,8,1757,279,238,210,116,7,1,0,244,0
17,9,1636,249,235,226,106,7,0,1,251,0
17,10,1566,252,216,204,133,12,0,0,241,2
17,11,1414,211,199,166,111,11,1,0,217,0
17,12,1257,231,194,163,84,12,6,0,192,1
17,13,1656,29,22,20,12,2,0,0,22,0
17,14,1462,12,17,17,14,2,1,0,12,0
17,15,1188,20,6,12,7,0,0,0,5,0
17,16,1918,28,16,17,7,2,0,0,19,0
18,0,1186,41,42,49,22,0,0,0,48,0
18,1,1122,122,93,91,44,0,0,0,131,0
18,2,1077,188,160,170,75,0,0,0,169,0
18,3,1145,104,87,108,50,0,0,0,83,0
18,4,1139,99,127,90,53,0,0,0,129,0
18,5,1012,171,140,132,67,4,0,0,162,0
18,6,1058,169,176,135,68,1,0,1,208,0
18,7,1352,210,223,166,106,1,0,0,268,0
18,8,1716,265,244,202,119,6,1,0,298,1
18,9,1600,227,245,226,106,8,0,1,298,0
18,10,1531,238,220,200,132,13,0,0,289,3
18,11,1375,206,210,173,105,9,2,0,250,0
18,12,1227,212,206,159,91,12,7,0,225,1
18,13,1654,24,24,19,13,2,0,0,27,0
18,14,1461,11,18,17,14,2,1,0,13,0
18,15,1187,16,7,12,8,1,0,0,7,0
18,16,1915,26,18,15,10,2,0,0,21,0
19,0,1183,38,43,42,20,0,0,0,62,0
19,1,1110,101,96,95,45,0,0,0,156,0
19,2,1056,163,167,168,77,0,0,0,208,0
19,3,1126,97,93,115,53,0,0,0,93,0
19,4,1128,85,129,86,56,0,0,0,153,0
19,5,995,149,150,128,66,4,0,0,196,0
19,6,1040,150,178,140,68,1,0,1,238,0
19,7,1331,189,225,158,115,2,0,0,306,0
19,8,1690,237,251,194,122,7,1,0,349,1
19,9,1571,213,252,225,100,11,0,0,339,0
19,10,1503,211,226,205,122,15,0,0,340,4
19,11,1354,176,220,167,101,14,2,0,296,0
19,12,1208,184,215,155,89,14,10,0,264,1
19,13,1651,23,26,20,12,1,1,0,29,0
19,14,1459,10,17,15,13,1,1,0,20,1
19,15,1186,11,9,13,9,1,0,0,9,0
19,16,1915,19,21,15,10,2,0,0,25,0
20,0,1178,35,43,38,22,0,0,0,72,0
20,1,1086,101,96,88,40,0,0,0,192,0
20,2,1026,161,172,158,75,0,0,0,247,0
20,3,1116,87,95,110,51,0,0,0,118,0
20,4,1117,68,135,90,60,0,0,0,167,0
20,5,983,136,148,118,62,4,0,0,237,0
20,6,1031,129,187,134,57,1,0,0,277,0
20,7,1314,173,232,156,103,3,0,0,345,0
20,8,1673,204,253,192,115,7,1,0,406,1
20,9,1548,195,250,215,104,10,0,0,388,1
20,10,1480,178,229,208,118,16,0,0,391,6
20,11,1333,163,223,156,95,14,2,1,343,0
20,12,1193,158,217,151,94,19,9,1,297,1
20,13,1651,18,28,19,12,2,1,0,32,0
20,14,1459,8,16,14,12,1,1,0,25,1
20,15,1185,10,11,12,9,1,0,0,10,0
20,16,1915,12,23,14,11,2,0,0,30,0
21,0,1168,35,42,41,18,0,0,0,84,0
21,1,1059,106,91,93,39,0,0,0,215,0
21,2,1005,147,171,149,74,0,0,0,293,0
21,3,1100,81,99,107,54,0,0,0,136,0
21,4,1106,64,135,88,53,0,0,0,191,0
21,5,969,125,151,110,62,4,0,0,267,0
21,6,1016,120,186,126,52,1,0,0,315,0
21,7,1296,159,240,148,92,3,0,0,388,0
21,8,1651,178,263,193,109,7,1,0,448,2
21,9,1532,159,259,200,105,11,0,0,444,1
21,10,1460,156,237,199,109,16,0,0,443,6
21,11,1312,151,227,154,91,16,4,1,374,0
21,12,1174,147,218,145,87,19,9,1,338,2
21,13,1651,14,29,16,10,2,1,0,40,0
21,14,1459,7,16,13,11,1,1,0,28,1
21,15,1183,10,12,10,8,1,0,0,14,0
21,16,1915,8,21,16,11,3,0,0,33,0
22,0,1159,35,41,39,21,0,0,0,93,0
22,1,1036,107,94,90,41,0,0,0,235,0
22,2,978,143,170,138,71,0,0,0,339,0
22,3,1093,66,102,109,53,0,0,0,154,0
22,4,1095,64,136,81,48,0,0,0,213,0
22,5,952,106,153,108,60,3,0,0,306,0
22,6,1003,101,183,125,47,2,0,0,355,0
22,7,1281,145,234,135,85,4,0,0,442,0
22,8,1632,155,264,188,99,8,1,0,503,2
22,9,1513,137,263,193,97,9,0,0,497,2
22,10,1439,139,238,187,111,17,0,0,489,6
22,11,1297,134,226,139,86,16,5,1,425,1
22,12,1159,131,211,134,92,17,9,1,383,3
22,13,1649,9,30,17,10,1,3,0,44,0
22,14,1459,7,15,10,9,1,1,0,34,1
22,15,1183,5,15,10,7,0,0,0,18,0
22,16,1913,9,20,16,7,6,0,0,36,0
23,0,1155,34,40,39,21,0,0,0,99,0
23,1,1025,99,95,97,39,0,0,0,248,0
23,2,963,117,171,142,65,0,0,0,381,0
23,3,1083,57,98,104,45,0,0,0,190,0
23,4,1087,60,133,78,42,0,0,0,237,0
23,5,944,90,152,105,62,3,0,0,332,0
23,6,1000,82,173,112,46,1,1,0,401,0
23,7,1269,124,228,122,78,4,0,0,501,0
23,8,1618,132,256,180,88,8,2,0,566,2
23,9,1501,120,270,175,89,10,0,0,544,2
23,10,1430,116,236,176,100,15,0,0,547,6
23,11,1288,109,230,134,79,16,3,1,468,2
23,12,1152,108,210,126,91,13,10,1,425,4
23,13,1647,8,29,16,10,1,3,0,49,0
23,14,1458,7,14,10,6,1,1,0,39,1
23,15,1182,3,15,12,7,0,0,0,19,0
23,16,1913,9,18,15,7,6,0,0,39,0
24,0,1150,32,45,38,19,0,0,0,104,0
24,1,1013,93,98,93,40,0,0,0,266,0
24,2,950,97,171,135,62,0,0,0,424,0
24,3,1076,47,98,94,39,0,0,0,223,0
24,4,1081,55,128,77,39,0,0,0,257,0
24,5,942,73,149,100,57,2,1,0,364,0
24,6,997,61,178,104,46,1,1,0,428,0
24,7,1260,102,220,116,72,4,0,0,552,0
24,8,1609,111,252,173,84,7,2,0,612,2
24,9,1494,100,263,160,79,10,0,0,602,3
24,10,1423,97,239,158,93,15,0,0,594,7
24,11,1283,91,215,131,72,13,4,2,517,2
24,12,1143,100,201,111,86,12,11,1,470,5
24,13,1647,6,29,12,9,2,3,0,55,0
24,14,1458,4,12,9,6,1,1,0,45,1
24,15,1182,3,15,11,4,1,0,0,22,0
24,16,1913,6,19,12,8,6,0,0,43,0
25,0,1148,26,44,36,20,0,0,0,114,0
25,1,1004,85,99,87,37,0,0,0,291,0
25,2,928,97,169,123,54,0,0,0,468,0
25,3,1066,45,94,88,36,1,0,0,247,0
25,4,1073,45,123,71,41,0,0,0,284,0
25,5,932,63,144,95,51,2,1,0,400,0
25,6,990,48,183,88,46,1,1,0,459,0
25,7,1250,92,213,111,70,1,0,0,589,0
25,8,1603,103,247,147,80,7,2,0,661,2
25,9,1476,103,252,141,71,10,0,0,655,3
25,10,1415,85,233,140,76,21,0,0,648,8
25,11,1270,90,205,118,65,14,4,2,560,2
25,12,1134,88,187,97,81,14,10,2,522,5
25,13,1645,8,25,8,8,1,4,0,64,0
25,14,1458,4,12,7,5,1,1,0,48,1
25,15,1182,3,15,9,3,2,0,0,24,0
25,16,1912,5,20,10,7,4,0,0,48,1
26,0,1148,20,45,30,17,0,0,0,128,0
26,1,1003,67,94,77,36,0,0,0,326,0
26,2,924,81,171,123,50,0,0,0,490,0
26,3,1061,39,96,77,32,1,0,0,271,0
26,4,1072,39,116,65,38,0,0,0,307,0
26,5,928,49,141,94,41,1,1,0,433,0
26,6,984,42,173,77,49,1,1,0,489,0
26,7,1244,83,207,98,64,2,0,0,628,0
26,8,1596,87,236,132,71,7,2,0,719,2
26,9,1468,87,247,123,63,11,0,0,709,3
26,10,1406,76,219,118,62,20,1,0,715,9
26,11,1266,75,192,105,59,16,4,2,608,3
26,12,1129,76,179,89,75,13,11,2,558,8
26,13,1644,8,25,8,7,1,5,0,65,0
26,14,1457,5,12,4,5,1,1,0,51,1
26,15,1182,2,14,8,4,2,0,0,26,0
26,16,1911,6,20,9,5,3,0,0,51,2
27,0,1148,17,44,23,16,0,0,0,140,0
27,1,1003,54,88,67,38,0,0,0,353,0
27,2,914,76,164,120,42,0,0,0,523,0
27,3,1053,34,88,72,30,1,0,0,299,0
27,4,1068,35,114,56,27,0,0,0,337,0
27,5,919,44,133,83,38,1,1,0,469,0
27,6,975,35,165,68,48,1,1,0,523,0
27,7,1241,66,192,91,58,3,0,0,675,0
27,8,1586,78,224,117,65,6,2,0,772,2
27,9,1460,78,240,110,49,7,1,0,762,4
27,10,1399,64,215,104,53,16,2,0,763,10
27,11,1257,66,186,92,59,15,4,1,646,4
27,12,1118,67,164,88,70,11,13,2,599,8
27,13,1644,7,25,8,5,2,4,0,67,1
27,14,1457,3,11,2,6,1,0,1,55,1
27,15,1182,1,13,4,4,2,0,0,32,0
27,16,1911,4,20,9,5,3,0,0,53,2
28,0,1136,22,44,21,14,0,0,0,151,0
28,1,979,63,86,65,35,0,0,0,375,0
28,2,894,81,163,105,33,0,0,0,563,0
28,3,1042,37,90,65,30,1,0,0,312,0
28,4,1063,30,104,54,23,0,0,0,363,0
28,5,913,43,122,76,35,1,1,0,497,0
28,6,967,33,161,62,46,1,0,0,545,1
28,7,1231,60,186,87,54,2,0,0,706,0
28,8,1579,66,220,105,62,7,2,0,809,2
28,9,1445,72,229,101,46,8,2,0,804,4
28,10,1391,56,205,97,43,15,2,0,806,11
28,11,1248,60,177,92,49,13,5,1,681,4
28,12,1113,56,157,83,60,11,14,1,637,8
28,13,1643,5,22,9,4,1,6,0,72,1
28,14,1457,2,11,1,5,1,0,1,58,1
28,15,1181,2,13,3,4,2,0,0,33,0
28,16,1911,4,19,9,5,3,0,0,54,2
29,0,1136,19,42,19,11,0,0,0,161,0
29,1,976,57,86,59,34,0,0,0,391,0
29,2,890,70,158,92,30,0,0,0,599,0
29,3,1041,31,86,56,28,1,0,0,334,0
29,4,1063,23,96,48,21,0,0,0,386,0
29,5,912,36,116,70,28,1,1,0,524,0
29,6,967,28,147,51,37,1,0,0,584,1
29,7,1228,48,179,83,51,2,0,0,735,0
29,8,1577,52,208,97,56,7,2,0,851,2
29,9,1443,58,214,92,43,7,2,0,848,4
29,10,1390,41,205,83,38,11,3,0,844,11
29,11,1247,49,168,81,42,13,4,1,720,5
29,12,1112,44,148,81,47,10,15,1,673,9
29,13,1643,4,21,9,4,1,6,0,74,1
29,14,1456,3,8,1,3,2,0,1,62,1
29,15,1181,1,13,0,5,2,0,0,36,0
29,16,1910,5,17,7,4,2,0,0,58,4
30,0,1132,21,40,14,8,0,0,0,173,0
30,1,972,50,88,49,29,0,0,0,415,0
30,2,885,64,147,86,25,0,0,0,632,0
30,3,1041,24,78,48,25,1,0,0,360,0
30,4,1059,20,91,42,20,0,0,0,405,0
30,5,911,29,103,63,22,0,1,0,558,1
30,6,967,20,141,45,33,0,0,0,609,1
30,7,1225,40,168,71,40,3,0,0,779,0
30,8,1577,40,194,86,54,8,2,0,889,2
30,9,1440,46,197,78,38,8,2,0,898,4
30,10,1388,29,194,67,31,11,4,0,891,11
30,11,1246,38,153,79,40,15,3,0,749,7
30,12,1112,30,143,77,41,7,15,2,703,10
30,13,1643,4,19,8,4,1,5,0,77,2
30,14,1456,3,8,1,3,2,0,1,62,1
30,15,1181,1,12,0,4,2,0,0,38,0
30,16,1910,4,18,3,3,2,0,0,63,4
31,0,1131,18,40,15,8,0,0,0,176,0
31,1,970,39,86,47,25,0,0,0,436,0
31,2,879,59,136,77,24,0,0,0,664,0
31,3,1037,21,81,37,24,1,0,0,376,0
31,4,1059,16,90,38,17,0,0,0,417,0
31,5,910,28,96,55,16,0,1,0,581,1
31,6,964,17,131,42,29,0,0,0,632,1
31,7,1224,34,161,61,31,3,0,0,812,0
31,8,1570,38,186,76,40,8,0,0,930,4
31,9,1439,35,183,63,36,8,1,1,941,4
31,10,1385,27,181,50,26,11,4,0,931,11
31,11,1244,31,144,60,35,14,1,0,791,10
31,12,1111,22,136,71,38,6,15,2,729,10
31,13,1643,1,18,4,6,1,4,0,83,3
31,14,1456,3,6,0,2,2,0,1,66,1
31,15,1181,1,11,0,4,2,0,0,39,0
31,16,1909,5,18,3,2,1,0,0,65,4
32,0,1129,17,37,13,9,0,0,0,183,0
32,1,965,33,85,41,28,0,0,0,451,0
32,2,876,46,128,71,26,0,0,0,692,0
32,3,1036,14,80,37,23,0,0,0,387,0
32,4,1058,13,82,38,16,0,0,0,430,0
32,5,908,25,92,48,14,0,1,0,599,1
32,6,962,17,120,34,23,1,0,0,658,1
32,7,1222,28,145,49,28,3,0,0,851,0
32,8,1568,31,177,70,35,7,0,0,959,5
32,9,1439,29,174,53,28,8,2,1,973,4
32,10,1385,21,168,46,25,10,4,0,956,11
32,11,1242,27,129,60,28,13,2,0,817,12
32,12,1108,17,122,60,32,4,14,3,768,12
32,13,1643,0,18,5,5,1,3,0,84,4
32,14,1456,2,6,0,3,2,0,0,67,1
32,15,1181,1,10,0,3,2,0,0,40,1
32,16,1909,4,18,3,2,1,0,0,66,4
33,0,1129,9,39,15,11,0,0,0,185,0
33,1,965,27,83,37,23,0,0,0,468,0
33,2,872,37,124,61,25,0,0,0,720,0
33,3,1034,13,75,28,23,0,0,0,404,0
33,4,1057,13,73,35,15,0,0,0,444,0
33,5,907,22,92,39,15,0,1,0,611,1
33,6,961,14,113,29,21,1,0,0,676,1
33,7,1222,19,138,49,22,2,0,0,874,0
33,8,1566,26,163,61,32,5,0,0,994,5
33,9,1438,18,172,43,26,9,2,1,998,4
33,10,1384,17,159,42,25,10,2,1,974,12
33,11,1242,18,126,52,26,9,2,0,841,14
33,12,1108,10,111,53,32,3,12,2,795,14
33,13,1643,0,17,3,5,1,3,0,87,4
33,14,1456,1,6,0,3,3,0,0,67,1
33,15,1180,2,9,0,3,2,0,0,41,1
33,16,1908,4,15,1,2,1,0,0,72,4
34,0,1129,7,35,12,9,0,0,0,196,0
34,1,965,21,73,38,21,0,0,0,485,0
34,2,871,27,119,61,23,0,0,0,738,0
34,3,1031,13,73,25,19,0,0,0,416,0
34,4,1054,14,67,30,15,0,0,0,457,0
34,5,902,23,85,31,13,0,1,0,632,1
34,6,958,14,100,25,18,1,0,0,699,1
34,7,1218,13,126,47,22,2,1,0,897,0
34,8,1556,28,155,47,30,6,0,0,1025,5
34,9,1430,23,164,33,24,8,2,1,1022,4
34,10,1379,20,145,39,24,7,4,1,994,13
34,11,1237,19,115,46,20,11,2,0,866,14
34,12,1103,15,100,42,25,1,14,2,824,14
34,13,1643,0,17,3,4,1,3,0,88,4
34,14,1456,0,7,0,3,3,0,0,67,1
34,15,1180,1,8,1,2,2,0,0,43,1
34,16,1908,3,15,1,2,0,0,0,73,5
35,0,1129,3,33,10,11,0,0,0,202,0
35,1,963,21,68,33,19,0,0,0,499,0
35,2,870,20,111,57,22,0,0,0,759,0
35,3,1029,12,68,22,14,0,0,0,432,0
35,4,1054,11,63,23,12,0,0,0,474,0
35,5,901,21,77,28,12,0,1,0,647,1
35,6,956,10,95,20,18,1,0,0,715,1
35,7,1216,12,118,38,18,2,1,0,921,0
35,8,1554,26,142,39,27,5,0,0,1053,6
35,9,1428,20,157,30,20,7,2,0,1043,4
35,10,1377,20,134,34,21,7,4,0,1016,13
35,11,1236,15,104,36,15,8,2,0,897,17
35,12,1100,16,93,35,23,1,13,2,842,15
35,13,1642,1,17,3,3,2,2,0,88,5
35,14,1456,0,6,0,3,3,0,0,68,1
35,15,1179,2,6,1,1,0,0,0,46,3
35,16,1908,3,15,1,1,1,0,0,73,5
36,0,1127,4,30,11,8,0,0,0,208,0
36,1,962,17,60,35,18,0,0,0,511,0
36,2,869,18,103,53,22,0,0,0,774,0
36,3,1029,10,60,20,13,0,0,0,445,0
36,4,1054,9,59,16,9,0,0,0,490,0
36,5,898,17,69,27,9,0,1,0,666,1
36,6,955,10,86,18,13,1,0,0,732,1
36,7,1212,14,105,31,16,2,1,0,945,0
36,8,1553,23,135,28,27,5,0,0,1075,6
36,9,1427,19,143,25,19,7,1,1,1065,4
36,10,1375,20,118,28,16,8,4,0,1044,13
36,11,1235,12,97,35,12,10,2,0,910,17
36,12,1097,15,75,28,21,1,10,3,874,16
36,13,1642,1,16,3,3,2,2,0,89,5
36,14,1456,0,5,0,2,3,0,0,70,1
36,15,1179,2,6,1,1,0,0,0,46,3
36,16,1908,3,12,1,1,1,0,0,76,5
37,0,1125,4,30,11,6,0,0,0,212,0
37,1,962,14,53,29,14,0,0,0,531,0
37,2,865,17,93,51,21,0,0,0,792,0
37,3,1026,11,54,13,11,0,0,0,462,0
37,4,1052,7,55,17,5,0,0,0,501,0
37,5,898,15,69,21,9,0,1,0,674,1
37,6,952,10,80,14,12,1,0,0,746,1
37,7,1212,13,99,28,15,2,1,0,956,0
37,8,1551,19,121,23,22,5,0,0,1105,6
37,9,1423,19,135,22,13,7,1,1,1086,4
37,10,1373,19,113,21,15,9,4,0,1059,13
37,11,1234,6,85,31,12,6,2,0,936,18
37,12,1096,13,66,27,16,2,7,3,893,17
37,13,1642,0,13,2,4,2,1,1,93,5
37,14,1456,0,4,0,2,3,0,0,71,1
37,15,1179,1,6,2,1,0,0,0,46,3
37,16,1908,2,12,1,1,1,0,0,77,5
38,0,1124,5,28,10,6,0,0,0,215,0
38,1,961,13,46,27,14,0,0,0,542,0
38,2,865,13,86,44,17,0,0,0,814,0
38,3,1026,11,53,11,9,0,0,0,467,0
38,4,1052,6,53,15,4,0,0,0,507,0
38,5,897,14,62,16,9,0,1,0,688,1
38,6,952,7,74,14,11,0,0,0,756,2
38,7,1212,10,91,25,10,2,0,1,975,0
38,8,1551,16,107,22,18,3,0,0,1129,6
38,9,1423,13,118,20,11,7,0,2,1113,4
38,10,1372,13,102,16,14,10,4,0,1082,13
38,11,1234,4,82,27,8,4,2,0,950,19
38,12,1096,11,61,21,13,2,7,4,908,17
38,13,1642,0,11,2,2,3,1,1,96,5
38,14,1456,0,3,0,2,3,0,0,72,1
38,15,1179,1,6,2,0,0,0,0,47,3
38,16,1908,1,11,1,1,1,0,0,79,5
39,0,1124,3,24,10,7,0,0,0,220,0
39,1,958,13,46,24,10,0,0,0,552,0
39,2,865,10,74,37,14,0,0,0,839,0
39,3,1026,10,48,9,8,0,0,0,476,0
39,4,1051,3,50,15,5,0,0,0,513,0
39,5,897,11,54,15,9,0,1,0,700,1
39,6,951,7,69,9,11,0,0,0,767,2
39,7,1210,7,81,19,12,2,0,0,995,0
39,8,1551,9,98,18,18,3,0,0,1149,6
39,9,1422,10,110,18,10,7,0,2,1128,4
39,10,1372,12,81,15,12,8,4,0,1109,13
39,11,1233,5,78,22,8,1,3,0,960,20
39,12,1095,7,58,18,10,2,6,2,924,18
39,13,1642,0,10,1,2,3,1,1,98,5
39,14,1456,0,3,0,1,4,0,0,72,1
39,15,1179,1,5,2,0,0,0,0,48,3
39,16,1908,1,9,1,1,1,0,0,81,5
40,0,1124,3,21,9,6,0,0,0,225,0
40,1,956,12,40,25,7,0,0,0,563,0
40,2,864,6,70,33,10,0,0,0,856,0
40,3,1026,8,43,9,4,0,0,0,487,0
40,4,1051,1,44,15,4,0,0,0,522,0
40,5,897,7,49,16,8,0,1,0,709,1
40,6,951,5,64,10,11,0,0,0,773,2
40,7,1210,6,70,16,9,2,0,0,1013,0
40,8,1551,8,85,16,16,3,0,0,1167,6
40,9,1422,7,96,15,10,7,0,2,1148,4
40,10,1372,8,71,12,12,7,5,0,1126,13
40,11,1233,5,70,17,7,1,2,0,974,21
40,12,1095,6,52,15,9,2,6,2,935,18
40,13,1642,0,9,1,2,2,2,1,99,5
40,14,1456,0,3,0,1,4,0,0,72,1
40,15,1179,1,4,2,0,0,0,0,49,3
40,16,1908,0,7,1,1,1,0,0,84,5
41,0,1124,3,20,7,5,0,0,0,229,0
41,1,952,13,33,22,7,0,0,0,576,0
41,2,864,4,62,32,9,0,0,0,868,0
41,3,1026,4,44,8,4,0,0,0,491,0
41,4,1050,2,39,15,4,0,0,0,527,0
41,5,897,5,45,13,4,0,1,0,722,1
41,6,950,5,57,9,8,0,0,0,785,2
41,7,1210,2,62,13,10,1,0,0,1028,0
41,8,1550,8,76,14,14,3,0,0,1181,6
41,9,1422,6,89,14,10,7,0,0,1159,4
41,10,1372,6,57,12,11,7,5,0,1143,13
41,11,1233,3,63,15,4,1,2,0,988,21
41,12,1094,5,47,11,9,2,5,2,947,18
41,13,1642,0,7,1,2,2,2,0,102,5
41,14,1456,0,3,0,1,4,0,0,72,1
41,15,1178,1,5,2,0,0,0,0,49,3
41,16,1908,0,7,1,1,1,0,0,84,5
42,0,1124,2,18,5,5,0,0,0,234,0
42,1,951,10,33,20,8,0,0,0,581,0
42,2,864,4,57,26,6,0,0,0,882,0
42,3,1026,3,39,4,3,0,0,0,502,0
42,4,1050,2,35,15,2,0,0,0,533,0
42,5,897,3,45,12,5,0,1,0,724,1
42,6,950,4,52,9,7,0,0,0,792,2
42,7,1210,1,58,13,8,2,0,0,1034,0
42,8,1550,6,65,13,11,2,0,0,1199,6
42,9,1422,6,80,12,9,7,0,0,1171,4
42,10,1372,4,51,11,10,6,3,0,1154,15
42,11,1232,3,59,11,2,1,1,1,999,21
42,12,1094,5,45,10,8,2,4,2,951,19
42,13,1642,0,5,1,1,3,2,0,104,5
42,14,1456,0,3,0,1,3,0,0,73,1
42,15,1178,1,5,0,0,0,0,0,51,3
42,16,1908,0,7,1,1,1,0,0,84,5
43,0,1122,3,16,5,5,0,0,0,237,0
43,1,949,9,32,18,8,0,0,0,587,0
43,2,863,5,52,19,6,0,0,0,894,0
43,3,1026,3,35,2,2,0,0,0,509,0
43,4,1050,1,30,14,2,0,0,0,540,0
43,5,897,3,42,10,3,0,1,0,731,1
43,6,950,3,43,9,7,0,0,0,802,2
43,7,1210,1,48,12,7,3,0,0,1045,0
43,8,1550,4,53,14,9,2,0,0,1214,6
43,9,1422,6,69,11,8,7,0,0,1184,4
43,10,1371,3,47,10,9,6,2,0,1162,16
43,11,1232,2,52,8,2,0,1,1,1011,21
43,12,1094,5,37,7,6,2,2,2,965,20
43,13,1642,0,5,0,1,3,2,0,105,5
43,14,1456,0,3,0,1,3,0,0,73,1
43,15,1178,1,5,0,0,0,0,0,51,3
43,16,1908,0,7,1,1,1,0,0,84,5
44,0,1122,3,14,3,4,0,0,0,242,0
44,1,949,5,30,16,9,0,0,0,594,0
44,2,863,3,49,15,5,0,0,0,904,0
44,3,1026,2,33,3,2,0,0,0,511,0
44,4,1050,1,23,10,2,0,0,0,551,0
44,5,897,2,39,10,4,0,1,0,734,1
44,6,948,4,41,8,6,0,0,0,807,2
44,7,1210,0,44,11,4,3,0,0,1054,0
44,8,1549,4,48,12,8,2,0,0,1223,6
44,9,1422,6,56,9,6,6,0,0,1201,5
44,10,1371,3,43,9,6,5,2,0,1170,17
44,11,1232,0,45,8,1,0,0,2,1021,21
44,12,1094,2,31,6,4,2,2,0,979,20
44,13,1642,0,3,0,1,3,2,0,107,5
44,14,1456,0,3,0,1,3,0,0,73,1
44,15,1178,1,4,0,0,0,0,0,52,3
44,16,1908,0,7,1,0,1,0,0,85,5
45,0,1122,1,14,2,4,0,0,0,245,0
45,1,947,6,28,12,7,0,0,0,603,0
45,2,863,3,43,11,3,0,0,0,916,0
45,3,1026,1,30,2,2,0,0,0,516,0
45,4,1050,1,20,8,1,0,0,0,557,0
45,5,897,1,34,9,4,0,1,0,741,1
45,6,948,2,34,9,6,0,0,0,815,2
45,7,1210,0,37,7,4,3,0,0,1065,0
45,8,1548,3,48,8,6,2,0,0,1231,6
45,9,1422,5,52,6,3,6,0,0,1212,5
45,10,1371,2,39,7,4,5,1,0,1179,18
45,11,1232,0,36,6,1,0,0,2,1032,21
45,12,1094,1,31,6,2,3,2,0,981,20
45,13,1642,0,3,0,1,3,2,0,107,5
45,14,1456,0,2,0,1,3,0,0,74,1
45,15,1178,1,3,0,0,0,0,0,53,3
45,16,1908,0,6,0,0,1,0,0,87,5
46,0,1122,1,13,2,4,0,0,0,246,0
46,1,946,4,27,13,8,0,0,0,605,0
46,2,862,3,38,10,2,0,0,0,924,0
46,3,1025,1,25,2,3,0,0,0,521,0
46,4,1049,1,19,5,1,0,0,0,562,0
46,5,897,1,33,8,4,0,0,0,743,2
46,6,948,2,31,8,4,0,0,0,821,2
46,7,1209,1,29,5,3,4,0,0,1075,0
46,8,1545,5,44,5,6,2,0,0,1239,6
46,9,1421,5,45,6,3,5,0,0,1221,5
46,10,1369,4,32,6,4,4,0,1,1187,19
46,11,1231,1,33,3,1,0,0,1,1039,21
46,12,1094,1,29,4,2,3,2,0,985,20
46,13,1642,0,3,0,1,2,2,0,107,6
46,14,1456,0,2,0,0,2,0,0,76,1
46,15,1178,0,3,1,0,0,0,0,53,3
46,16,1908,0,5,0,0,1,0,0,88,5
47,0,1122,1,13,2,3,0,0,0,247,0
47,1,946,4,24,12,6,0,0,0,611,0
47,2,862,3,33,10,2,0,0,0,929,0
47,3,1024,1,24,2,4,0,0,0,522,0
47,4,1049,0,19,6,1,0,0,0,562,0
47,5,897,1,29,5,2,0,0,0,752,2
47,6,948,1,30,7,1,0,0,0,827,2
47,7,1209,1,24,5,3,4,0,0,1080,0
47,8,1544,5,37,4,6,1,0,0,1248,7
47,9,1421,4,43,3,2,4,0,0,1229,5
47,10,1369,4,29,6,0,2,0,1,1196,19
47,11,1230,2,29,3,1,0,0,0,1044,21
47,12,1094,0,25,4,2,2,2,0,991,20
47,13,1642,0,3,0,1,2,2,0,107,6
47,14,1456,0,2,0,0,2,0,0,76,1
47,15,1177,1,3,1,0,0,0,0,53,3
47,16,1908,0,4,0,0,1,0,0,89,5
48,0,1122,1,13,1,2,0,0,0,249,0
48,1,946,3,23,12,5,0,0,0,614,0
48,2,862,1,31,6,0,0,0,0,939,0
48,3,1024,1,21,1,4,0,0,0,526,0
48,4,1049,0,16,6,1,0,0,0,565,0
48,5,896,1,23,5,2,0,0,0,759,2
48,6,948,1,27,5,1,0,0,0,832,2
48,7,1209,1,19,5,1,4,0,0,1087,0
48,8,1544,3,35,4,6,1,0,0,1252,7
48,9,1421,3,40,2,2,3,0,0,1235,5
48,10,1369,4,28,6,0,2,0,0,1198,19
48,11,1230,2,22,3,1,0,0,0,1051,21
48,12,1094,0,23,4,1,2,2,0,994,20
48,13,1642,0,3,0,1,2,2,0,107,6
48,14,1456,0,2,0,0,2,0,0,76,1
48,15,1177,1,2,1,0,0,0,0,54,3
48,16,1908,0,4,0,0,1,0,0,89,5
49,0,1122,1,13,1,2,0,0,0,249,0
49,1,946,1,24,11,4,0,0,0,617,0
49,2,862,1,27,5,0,0,0,0,944,0
49,3,1024,1,19,1,4,0,0,0,528,0
49,4,1049,0,12,4,1,0,0,0,571,0
49,5,896,1,17,5,2,0,0,0,765,2
49,6,948,1,25,5,1,0,0,0,834,2
49,7,1209,1,15,4,0,5,0,0,1092,0
49,8,1544,2,30,2,6,1,0,0,1260,7
49,9,1421,2,37,2,1,4,0,0,1239,5
49,10,1369,3,23,4,0,2,0,0,1206,19
49,11,1230,1,20,2,1,1,0,0,1054,21
49,12,1094,0,20,2,1,2,2,0,999,20
49,13,1642,0,2,0,1,1,2,0,108,7
49,14,1456,0,1,0,0,2,0,0,77,1
49,15,1177,1,1,1,0,0,0,0,55,3
49,16,1908,0,4,0,0,1,0,0,89,5
50,0,1122,1,12,1,2,0,0,0,250,0
50,1,946,1,23,9,3,0,0,0,621,0
50,2,862,1,22,5,0,0,0,0,949,0
50,3,1024,1,16,1,4,0,0,0,531,0
50,4,1049,0,10,3,1,0,0,0,574,0
50,5,896,1,16,5,1,0,0,0,767,2
50,6,948,1,22,4,1,0,0,0,838,2
50,7,1209,1,13,3,0,5,0,0,1095,0
50,8,1544,2,24,1,4,1,0,0,1269,7
50,9,1421,1,33,2,1,4,0,0,1244,5
50,10,1369,3,21,4,0,2,0,0,1208,19
50,11,1230,0,20,1,1,1,0,0,1056,21
50,12,1094,0,19,2,1,1,0,0,1001,22
50,13,1642,0,2,0,1,1,0,1,108,8
50,14,1456,0,1,0,0,2,0,0,77,1
50,15,1177,1,0,1,0,0,0,0,56,3
50,16,1908,0,4,0,0,0,0,0,89,6
51,0,1122,1,12,0,1,0,0,0,252,0
51,1,946,1,21,9,3,0,0,0,623,0
51,2,862,1,20,5,0,0,0,0,951,0
51,3,1024,1,14,0,3,0,0,0,535,0
51,4,1049,0,7,1,1,0,0,0,579,0
51,5,896,1,13,4,0,0,0,0,772,2
51,6,948,1,20,3,1,0,0,0,841,2
51,7,1209,0,11,2,0,4,0,0,1100,0
51,8,1544,1,20,1,2,1,0,0,1276,7
51,9,1421,0,30,2,2,3,0,0,1248,5
51,10,1369,3,18,3,0,1,0,0,1212,20
51,11,1230,0,18,0,1,0,1,0,1059,21
51,12,1094,0,18,1,1,1,0,0,1003,22
51,13,1642,0,2,0,1,0,0,1,108,9
51,14,1456,0,1,0,0,2,0,0,77,1
51,15,1177,1,0,1,0,0,0,0,56,3
51,16,1908,0,3,0,0,0,0,0,90,6
52,0,1122,0,9,1,0,0,0,0,256,0
52,1,946,0,18,7,3,0,0,0,629,0
52,2,862,0,19,5,1,0,0,0,952,0
52,3,1024,1,12,0,2,0,0,0,538,0
52,4,1049,0,6,1,1,0,0,0,580,0
52,5,896,1,11,3,0,0,0,0,775,2
52,6,948,1,18,3,1,0,0,0,843,2
52,7,1209,0,11,1,0,4,0,0,1101,0
52,8,1544,1,19,1,2,1,0,0,1277,7
52,9,1421,0,26,2,2,3,0,0,1252,5
52,10,1369,1,18,2,0,0,0,0,1216,20
52,11,1230,0,16,0,1,0,1,0,1061,21
52,12,1094,0,15,1,1,1,0,0,1006,22
52,13,1642,0,2,0,1,0,0,0,109,9
52,14,1456,0,1,0,0,1,0,0,78,1
52,15,1177,1,0,1,0,0,0,0,56,3
52,16,1908,0,3,0,0,0,0,0,90,6
53,0,1122,0,8,1,0,0,0,0,257,0
53,1,946,0,16,4,3,0,0,0,634,0
53,2,862,0,17,4,1,0,0,0,955,0
53,3,1024,1,11,0,2,0,0,0,539,0
53,4,1049,0,6,1,1,0,0,0,580,0
53,5,896,1,10,2,0,0,0,0,777,2
53,6,948,1,18,2,1,0,0,0,844,2
53,7,1209,0,7,1,0,3,0,0,1106,0
53,8,1544,1,19,1,1,1,0,0,1278,7
53,9,1421,0,24,2,2,3,0,0,1254,5
53,10,1369,1,16,2,0,0,0,0,1218,20
53,11,1230,0,14,0,1,0,1,0,1063,21
53,12,1094,0,15,1,1,1,0,0,1006,22
53,13,1642,0,2,0,1,0,0,0,109,9
53,14,1456,0,1,0,0,1,0,0,78,1
53,15,1177,1,0,1,0,0,0,0,56,3
53,16,1908,0,2,0,0,0,0,0,91,6
54,0,1122,0,8,1,0,0,0,0,257,0
54,1,946,0,16,3,3,0,0,0,635,0
54,2,862,0,15,2,1,0,0,0,959,0
54,3,1024,1,10,0,2,0,0,0,540,0
54,4,1049,0,6,1,0,0,0,0,581,0
54,5,896,0,8,2,1,0,0,0,779,2
54,6,948,1,15,1,1,0,0,0,848,2
54,7,1209,0,6,1,0,3,0,0,1107,0
54,8,1544,1,17,1,0,1,0,0,1281,7
54,9,1421,0,19,2,2,3,0,0,1259,5
54,10,1369,1,13,2,0,0,0,0,1221,20
54,11,1230,0,12,0,1,0,1,0,1065,21
54,12,1094,0,14,1,1,1,0,0,1007,22
54,13,1642,0,2,0,1,0,0,0,109,9
54,14,1456,0,0,0,0,1,0,0,79,1
54,15,1177,1,0,1,0,0,0,0,56,3
54,16,1908,0,2,0,0,0,0,0,91,6
55,0,1122,0,6,1,0,0,0,0,259,0
55,1,946,0,13,2,3,0,0,0,639,0
55,2,862,0,14,1,1,0,0,0,961,0
55,3,1024,1,7,0,2,0,0,0,543,0
55,4,1049,0,6,1,0,0,0,0,581,0
55,5,896,0,6,0,1,0,0,0,783,2
55,6,948,1,13,1,1,0,0,0,850,2
55,7,1209,0,6,1,0,3,0,0,1107,0
55,8,1544,0,15,1,1,1,0,0,1283,7
55,9,1421,0,16,1,2,2,0,0,1264,5
55,10,1369,0,11,3,0,0,0,0,1223,20
55,11,1230,0,10,0,1,0,1,0,1067,21
55,12,1094,0,12,0,1,1,0,0,1010,22
55,13,1642,0,2,0,0,0,0,0,110,9
55,14,1456,0,0,0,0,0,0,0,80,1
55,15,1177,1,0,1,0,0,0,0,56,3
55,16,1908,0,2,0,0,0,0,0,91,6
56,0,1122,0,6,1,0,0,0,0,259,0
56,1,946,0,12,2,3,0,0,0,640,0
56,2,862,0,12,1,1,0,0,0,963,0
56,3,1024,1,5,0,1,0,0,0,546,0
56,4,1049,0,6,1,0,0,0,0,581,0
56,5,896,0,6,0,1,0,0,0,783,2
56,6,948,0,12,0,2,0,0,0,852,2
56,7,1209,0,5,1,0,2,1,0,1108,0
56,8,1544,0,15,1,1,1,0,0,1283,7
56,9,1421,0,12,1,1,2,0,0,1269,5
56,10,1369,0,9,2,0,0,0,0,1226,20
56,11,1230,0,9,0,1,0,0,1,1068,21
56,12,1094,0,12,0,1,1,0,0,1010,22
56,13,1642,0,2,0,0,0,0,0,110,9
56,14,1456,0,0,0,0,0,0,0,80,1
56,15,1177,0,0,0,1,0,0,0,57,3
56,16,1908,0,1,0,0,0,0,0,92,6
57,0,1122,0,6,1,0,0,0,0,259,0
57,1,946,0,12,1,3,0,0,0,641,0
57,2,862,0,11,1,1,0,0,0,964,0
57,3,1024,1,4,0,1,0,0,0,547,0
57,4,1049,0,6,1,0,0,0,0,581,0
57,5,896,0,6,0,1,0,0,0,783,2
57,6,948,0,9,0,2,0,0,0,855,2
57,7,1209,0,5,1,0,1,1,0,1109,0
57,8,1544,0,14,1,1,1,0,0,1284,7
57,9,1421,0,12,1,1,2,0,0,1269,5
57,10,1369,0,9,1,0,0,0,0,1227,20
57,11,1230,0,8,0,1,0,0,1,1069,21
57,12,1094,0,10,0,1,1,0,0,1012,22
57,13,1642,0,2,0,0,0,0,0,110,9
57,14,1456,0,0,0,0,0,0,0,80,1
57,15,1177,0,0,0,1,0,0,0,57,3
57,16,1908,0,1,0,0,0,0,0,92,6
58,0,1122,0,5,1,0,0,0,0,260,0
58,1,946,0,9,1,2,0,0,0,645,0
58,2,862,0,9,1,1,0,0,0,966,0
58,3,1024,1,4,0,1,0,0,0,547,0
58,4,1049,0,4,1,0,0,0,0,583,0
58,5,896,0,5,0,0,0,0,0,785,2
58,6,948,0,8,0,2,0,0,0,856,2
58,7,1209,0,3,1,0,1,1,0,1111,0
58,8,1544,0,11,1,1,1,0,0,1287,7
58,9,1421,0,12,1,1,2,0,0,1269,5
58,10,1369,0,9,1,0,0,0,0,1227,20
58,11,1230,0,6,0,1,0,0,1,1071,21
58,12,1094,0,10,0,1,1,0,0,1012,22
58,13,1642,0,1,0,0,0,0,0,111,9
58,14,1456,0,0,0,0,0,0,0,80,1
58,15,1177,0,0,0,1,0,0,0,57,3
58,16,1908,0,1,0,0,0,0,0,92,6
59,0,1122,0,5,1,0,0,0,0,260,0
59,1,946,0,7,1,2,0,0,0,647,0
59,2,862,0,7,0,0,0,0,0,970,0
59,3,1024,1,3,0,1,0,0,0,548,0
59,4,1049,0,4,1,0,0,0,0,583,0
59,5,896,0,5,0,0,0,0,0,785,2
59,6,948,0,6,0,2,0,0,0,858,2
59,7,1209,0,3,1,0,1,0,1,1111,0
59,8,1544,0,9,0,1,1,0,0,1290,7
59,9,1421,0,10,1,1,2,0,0,1271,5
59,10,1369,0,6,0,0,0,0,0,1231,20
59,11,1230,0,4,0,0,1,0,1,1073,21
59,12,1094,0,9,0,1,1,0,0,1013,22
59,13,1642,0,1,0,0,0,0,0,111,9
59,14,1456,0,0,0,0,0,0,0,80,1
59,15,1177,0,0,0,1,0,0,0,57,3
59,16,1908,0,1,0,0,0,0,0,92,6
60,0,1122,0,3,0,0,0,0,0,263,0
60,1,946,0,6,1,1,0,0,0,649,0
60,2,862,0,4,0,0,0,0,0,973,0
60,3,1024,1,2,0,1,0,0,0,549,0
60,4,1049,0,2,1,0,0,0,0,585,0
60,5,896,0,5,0,0,0,0,0,785,2
60,6,948,0,5,0,1,0,0,0,860,2
60,7,1209,0,2,1,0,1,0,1,1112,0
60,8,1544,0,9,0,1,1,0,0,1290,7
60,9,1421,0,9,1,1,2,0,0,1272,5
60,10,1369,0,5,0,0,0,0,0,1232,20
60,11,1230,0,2,0,0,1,0,0,1076,21
60,12,1094,0,6,0,0,1,0,0,1017,22
60,13,1642,0,1,0,0,0,0,0,111,9
60,14,1456,0,0,0,0,0,0,0,80,1
60,15,1177,0,0,0,1,0,0,0,57,3
60,16,1908,0,1,0,0,0,0,0,92,6
61,0,1122,0,3,0,0,0,0,0,263,0
61,1,946,0,6,1,0,0,0,0,650,0
61,2,862,0,4,0,0,0,0,0,973,0
61,3,1024,1,1,0,1,0,0,0,550,0
61,4,1049,0,2,1,0,0,0,0,585,0
61,5,896,0,5,0,0,0,0,0,785,2
61,6,948,0,5,0,1,0,0,0,860,2
61,7,1209,0,2,1,0,1,0,1,1112,0
61,8,1544,0,6,0,1,1,0,0,1293,7
61,9,1421,0,9,0,1,1,0,0,1274,5
61,10,1369,0,5,0,0,0,0,0,1232,20
61,11,1230,0,0,0,0,1,0,0,1078,21
61,12,1094,0,4,0,0,1,0,0,1019,22
61,13,1642,0,1,0,0,0,0,0,111,9
61,14,1456,0,0,0,0,0,0,0,80,1
61,15,1177,0,0,0,1,0,0,0,57,3
61,16,1908,0,0,0,0,0,0,0,93,6
62,0,1122,0,3,0,0,0,0,0,263,0
62,1,946,0,5,1,0,0,0,0,651,0
62,2,862,0,4,0,0,0,0,0,973,0
62,3,1024,1,1,0,1,0,0,0,550,0
62,4,1049,0,2,1,0,0,0,0,585,0
62,5,896,0,4,0,0,0,0,0,786,2
62,6,948,0,3,0,1,0,0,0,862,2
62,7,1209,0,2,1,0,0,0,1,1113,0
62,8,1544,0,5,0,0,1,0,0,1295,7
62,9,1421,0,6,0,1,1,0,0,1277,5
62,10,1369,0,5,0,0,0,0,0,1232,20
62,11,1230,0,0,0,0,1,0,0,1078,21
62,12,1094,0,2,0,0,1,0,0,1021,22
62,13,1642,0,0,0,0,0,0,0,112,9
62,14,1456,0,0,0,0,0,0,0,80,1
62,15,1177,0,0,0,1,0,0,0,57,3
62,16,1908,0,0,0,0,0,0,0,93,6
63,0,1122,0,3,0,0,0,0,0,263,0
63,1,946,0,5,1,0,0,0,0,651,0
63,2,862,0,4,0,0,0,0,0,973,0
63,3,1024,1,1,0,1,0,0,0,550,0
63,4,1049,0,2,0,0,0,0,0,586,0
63,5,896,0,4,0,0,0,0,0,786,2
63,6,948,0,2,0,1,0,0,0,863,2
63,7,1209,0,1,1,0,0,0,1,1114,0
63,8,1544,0,5,0,0,1,0,0,1295,7
63,9,1421,0,5,0,1,0,0,0,1279,5
63,10,1369,0,3,0,0,0,0,0,1234,20
63,11,1230,0,0,0,0,0,0,0,1079,21
63,12,1094,0,2,0,0,1,0,0,1021,22
63,13,1642,0,0,0,0,0,0,0,112,9
63,14,1456,0,0,0,0,0,0,0,80,1
63,15,1177,0,0,0,1,0,0,0,57,3
63,16,1908,0,0,0,0,0,0,0,93,6
64,0,1122,0,3,0,0,0,0,0,263,0
64,1,946,0,5,1,0,0,0,0,651,0
64,2,862,0,3,0,0,0,0,0,974,0
64,3,1024,0,1,1,0,0,0,0,551,0
64,4,1049,0,2,0,0,0,0,0,586,0
64,5,896,0,2,0,0,0,0,0,788,2
64,6,948,0,1,0,1,0,0,0,864,2
64,7,1209,0,1,1,0,0,0,1,1114,0
64,8,1544,0,4,0,0,1,0,0,1296,7
64,9,1421,0,4,0,0,0,0,0,1281,5
64,10,1369,0,3,0,0,0,0,0,1234,20
64,11,1230,0,0,0,0,0,0,0,1079,21
64,12,1094,0,2,0,0,1,0,0,1021,22
64,13,1642,0,0,0,0,0,0,0,112,9
64,14,1456,0,0,0,0,0,0,0,80,1
64,15,1177,0,0,0,0,1,0,0,57,3
64,16,1908,0,0,0,0,0,0,0,93,6
65,0,1122,0,2,0,0,0,0,0,264,0
65,1,946,0,5,1,0,0,0,0,651,0
65,2,862,0,3,0,0,0,0,0,974,0
65,3,1024,0,1,1,0,0,0,0,551,0
65,4,1049,0,2,0,0,0,0,0,586,0
65,5,896,0,1,0,0,0,0,0,789,2
65,6,948,0,0,0,1,0,0,0,865,2
65,7,1209,0,0,1,0,0,0,0,1116,0
65,8,1544,0,3,0,0,1,0,0,1297,7
65,9,1421,0,3,0,0,0,0,0,1282,5
65,10,1369,0,2,0,0,0,0,0,1235,20
65,11,1230,0,0,0,0,0,0,0,1079,21
65,12,1094,0,2,0,0,1,0,0,1021,22
65,13,1642,0,0,0,0,0,0,0,112,9
65,14,1456,0,0,0,0,0,0,0,80,1
65,15,1177,0,0,0,0,1,0,0,57,3
65,16,1908,0,0,0,0,0,0,0,93,6
66,0,1122,0,1,0,0,0,0,0,265,0
66,1,946,0,4,1,0,0,0,0,652,0
66,2,862,0,1,0,0,0,0,0,976,0
66,3,1024,0,1,1,0,0,0,0,551,0
66,4,1049,0,1,0,0,0,0,0,587,0
66,5,896,0,1,0,0,0,0,0,789,2
66,6,948,0,0,0,0,0,0,0,866,2
66,7,1209,0,0,0,0,0,0,0,1117,0
66,8,1544,0,3,0,0,1,0,0,1297,7
66,9,1421,0,1,0,0,0,0,0,1284,5
66,10,1369,0,2,0,0,0,0,0,1235,20
66,11,1230,0,0,0,0,0,0,0,1079,21
66,12,1094,0,2,0,0,1,0,0,1021,22
66,13,1642,0,0,0,0,0,0,0,112,9
66,14,1456,0,0,0,0,0,0,0,80,1
66,15,1177,0,0,0,0,1,0,0,57,3
66,16,1908,0,0,0,0,0,0,0,93,6
67,0,1122,0,1,0,0,0,0,0,265,0
67,1,946,0,4,0,0,0,0,0,653,0
67,2,862,0,1,0,0,0,0,0,976,0
67,3,1024,0,1,1,0,0,0,0,551,0
67,4,1049,0,1,0,0,0,0,0,587,0
67,5,896,0,1,0,0,0,0,0,789,2
67,6,948,0,0,0,0,0,0,0,866,2
67,7,1209,0,0,0,0,0,0,0,1117,0
67,8,1544,0,1,0,0,0,0,0,1300,7
67,9,1421,0,0,0,0,0,0,0,1285,5
67,10,1369,0,2,0,0,0,0,0,1235,20
67,11,1230,0,0,0,0,0,0,0,1079,21
67,12,1094,0,2,0,0,1,0,0,1021,22
67,13,1642,0,0,0,0,0,0,0,112,9
67,14,1456,0,0,0,0,0,0,0,80,1
67,15,1177,0,0,0,0,1,0,0,57,3
67,16,1908,0,0,0,0,0,0,0,93,6
68,0,1122,0,1,0,0,0,0,0,265,0
68,1,946,0,2,0,0,0,0,0,655,0
68,2,862,0,1,0,0,0,0,0,976,0
68,3,1024,0,1,1,0,0,0,0,551,0
68,4,1049,0,1,0,0,0,0,0,587,0
68,5,896,0,0,0,0,0,0,0,790,2
68,6,948,0,0,0,0,0,0,0,866,2
68,7,1209,0,0,0,0,0,0,0,1117,0
68,8,1544,0,1,0,0,0,0,0,1300,7
68,9,1421,0,0,0,0,0,0,0,1285,5
68,10,1369,0,0,0,0,0,0,0,1237,20
68,11,1230,0,0,0,0,0,0,0,1079,21
68,12,1094,0,1,0,0,1,0,0,1022,22
68,13,1642,0,0,0,0,0,0,0,112,9
68,14,1456,0,0,0,0,0,0,0,80,1
68,15,1177,0,0,0,0,1,0,0,57,3
68,16,1908,0,0,0,0,0,0,0,93,6
69,0,1122,0,1,0,0,0,0,0,265,0
69,1,946,0,2,0,0,0,0,0,655,0
69,2,862,0,1,0,0,0,0,0,976,0
69,3,1024,0,1,1,0,0,0,0,551,0
69,4,1049,0,0,0,0,0,0,0,588,0
69,5,896,0,0,0,0,0,0,0,790,2
69,6,948,0,0,0,0,0,0,0,866,2
69,7,1209,0,0,0,0,0,0,0,1117,0
69,8,1544,0,1,0,0,0,0,0,1300,7
69,9,1421,0,0,0,0,0,0,0,1285,5
69,10,1369,0,0,0,0,0,0,0,1237,20
69,11,1230,0,0,0,0,0,0,0,1079,21
69,12,1094,0,1,0,0,1,0,0,1022,22
69,13,1642,0,0,0,0,0,0,0,112,9
69,14,1456,0,0,0,0,0,0,0,80,1
69,15,1177,0,0,0,0,1,0,0,57,3
69,16,1908,0,0,0,0,0,0,0,93,6
70,0,1122,0,1,0,0,0,0,0,265,0
70,1,946,0,2,0,0,0,0,0,655,0
70,2,862,0,1,0,0,0,0,0,976,0
70,3,1024,0,1,1,0,0,0,0,551,0
70,4,1049,0,0,0,0,0,0,0,588,0
70,5,896,0,0,0,0,0,0,0,790,2
70,6,948,0,0,0,0,0,0,0,866,2
70,7,1209,0,0,0,0,0,0,0,1117,0
70,8,1544,0,0,0,0,0,0,0,1301,7
70,9,1421,0,0,0,0,0,0,0,1285,5
70,10,1369,0,0,0,0,0,0,0,1237,20
70,11,1230,0,0,0,0,0,0,0,1079,21
70,12,1094,0,0,0,0,1,0,0,1023,22
70,13,1642,0,0,0,0,0,0,0,112,9
70,14,1456,0,0,0,0,0,0,0,80,1
70,15,1177,0,0,0,0,0,0,0,58,3
70,16,1908,0,0,0,0,0,0,0,93,6
71,0,1122,0,0,0,0,0,0,0,266,0
71,1,946,0,2,0,0,0,0,0,655,0
71,2,862,0,1,0,0,0,0,0,976,0
71,3,1024,0,0,1,0,0,0,0,552,0
71,4,1049,0,0,0,0,0,0,0,588,0
71,5,896,0,0,0,0,0,0,0,790,2
71,6,948,0,0,0,0,0,0,0,866,2
71,7,1209,0,0,0,0,0,0,0,1117,0
71,8,1544,0,0,0,0,0,0,0,1301,7
71,9,1421,0,0,0,0,0,0,0,1285,5
71,10,1369,0,0,0,0,0,0,0,1237,20
71,11,1230,0,0,0,0,0,0,0,1079,21
71,12,1094,0,0,0,0,1,0,0,1023,22
71,13,1642,0,0,0,0,0,0,0,112,9
71,14,1456,0,0,0,0,0,0,0,80,1
71,15,1177,0,0,0,0,0,0,0,58,3
71,16,1908,0,0,0,0,0,0,0,93,6
72,0,1122,0,0,0,0,0,0,0,266,0
72,1,946,0,1,0,0,0,0,0,656,0
72,2,862,0,1,0,0,0,0,0,976,0
72,3,1024,0,0,1,0,0,0,0,552,0
72,4,1049,0,0,0,0,0,0,0,588,0
72,5,896,0,0,0,0,0,0,0,790,2
72,6,948,0,0,0,0,0,0,0,866,2
72,7,1209,0,0,0,0,0,0,0,1117,0
72,8,1544,0,0,0,0,0,0,0,1301,7
72,9,1421,0,0,0,0,0,0,0,1285,5
72,10,1369,0,0,0,0,0,0,0,1237,20
72,11,1230,0,0,0,0,0,0,0,1079,21
72,12,1094,0,0,0,0,0,0,0,1024,22
72,13,1642,0,0,0,0,0,0,0,112,9
72,14,1456,0,0,0,0,0,0,0,80,1
72,15,1177,0,0,0,0,0,0,0,58,3
72,16,1908,0,0,0,0,0,0,0,93,6
73,0,1122,0,0,0,0,0,0,0,266,0
73,1,946,0,1,0,0,0,0,0,656,0
73,2,862,0,1,0,0,0,0,0,976,0
73,3,1024,0,0,0,0,0,0,0,553,0
73,4,1049,0,0,0,0,0,0,0,588,0
73,5,896,0,0,0,0,0,0,0,790,2
73,6,948,0,0,0,0,0,0,0,866,2
73,7,1209,0,0,0,0,0,0,0,1117,0
73,8,1544,0,0,0,0,0,0,0,1301,7
73,9,1421,0,0,0,0,0,0,0,1285,5
73,10,1369,0,0,0,0,0,0,0,1237,20
73,11,1230,0,0,0,0,0,0,0,1079,21
73,12,1094,0,0,0,0,0,0,0,1024,22
73,13,1642,0,0,0,0,0,0,0,112,9
73,14,1456,0,0,0,0,0,0,0,80,1
73,15,1177,0,0,0,0,0,0,0,58,3
73,16,1908,0,0,0,0,0,0,0,93,6
74,0,1122,0,0,0,0,0,0,0,266,0
74,1,946,0,1,0,0,0,0,0,656,0
74,2,862,0,1,0,0,0,0,0,976,0
74,3,1024,0,0,0,0,0,0,0,553,0
74,4,1049,0,0,0,0,0,0,0,588,0
74,5,896,0,0,0,0,0,0,0,790,2
74,6,948,0,0,0,0,0,0,0,866,2
74,7,1209,0,0,0,0,0,0,0,1117,0
74,8,1544,0,0,0,0,0,0,0,1301,7
74,9,1421,0,0,0,0,0,0,0,1285,5
74,10,1369,0,0,0,0,0,0,0,1237,20
74,11,1230,0,0,0,0,0,0,0,1079,21
74,12,1094,0,0,0,0,0,0,0,1024,22
74,13,1642,0,0,0,0,0,0,0,112,9
74,14,1456,0,0,0,0,0,0,0,80,1
74,15,1177,0,0,0,0,0,0,0,58,3
74,16,1908,0,0,0,0,0,0,0,93,6
75,0,1122,0,0,0,0,0,0,0,266,0
75,1,946,0,0,0,0,0,0,0,657,0
75,2,862,0,1,0,0,0,0,0,976,0
75,3,1024,0,0,0,0,0,0,0,553,0
75,4,1049,0,0,0,0,0,0,0,588,0
75,5,896,0,0,0,0,0,0,0,790,2
75,6,948,0,0,0,0,0,0,0,866,2
75,7,1209,0,0,0,0,0,0,0,1117,0
75,8,1544,0,0,0,0,0,0,0,1301,7
75,9,1421,0,0,0,0,0,0,0,1285,5
75,10,1369,0,0,0,0,0,0,0,1237,20
75,11,1230,0,0,0,0,0,0,0,1079,21
75,12,1094,0,0,0,0,0,0,0,1024,22
75,13,1642,0,0,0,0,0,0,0,112,9
75,14,1456,0,0,0,0,0,0,0,80,1
75,15,1177,0,0,0,0,0,0,0,58,3
75,16,1908,0,0,0,0,0,0,0,93,6
76,0,1122,0,0,0,0,0,0,0,266,0
76,1,946,0,0,0,0,0,0,0,657,0
76,2,862,0,1,0,0,0,0,0,976,0
76,3,1024,0,0,0,0,0,0,0,553,0
76,4,1049,0,0,0,0,0,0,0,588,0
76,5,896,0,0,0,0,0,0,0,790,2
76,6,948,0,0,0,0,0,0,0,866,2
76,7,1209,0,0,0,0,0,0,0,1117,0
76,8,1544,0,0,0,0,0,0,0,1301,7
76,9,1421,0,0,0,0,0,0,0,1285,5
76,10,1369,0,0,0,0,0,0,0,1237,20
76,11,1230,0,0,0,0,0,0,0,1079,21
76,12,1094,0,0,0,0,0,0,0,1024,22
76,13,1642,0,0,0,0,0,0,0,112,9
76,14,1456,0,0,0,0,0,0,0,80,1
76,15,1177,0,0,0,0,0,0,0,58,3
76,16,1908,0,0,0,0,0,0,0,93,6
77,0,1122,0,0,0,0,0,0,0,266,0
77,1,946,0,0,0,0,0,0,0,657,0
77,2,862,0,1,0,0,0,0,0,976,0
77,3,1024,0,0,0,0,0,0,0,553,0
77,4,1049,0,0,0,0,0,0,0,588,0
77,5,896,0,0,0,0,0,0,0,790,2
77,6,948,0,0,0,0,0,0,0,866,2
77,7,1209,0,0,0,0,0,0,0,1117,0
77,8,1544,0,0,0,0,0,0,0,1301,7
77,9,1421,0,0,0,0,0,0,0,1285,5
77,10,1369,0,0,0,0,0,0,0,1237,20
77,11,1230,0,0,0,0,0,0,0,1079,21
77,12,1094,0,0,0,0,0,0,0,1024,22
77,13,1642,0,0,0,0,0,0,0,112,9
77,14,1456,0,0,0,0,0,0,0,80,1
77,15,1177,0,0,0,0,0,0,0,58,3
77,16,1908,0,0,0,0,0,0,0,93,6
78,0,1122,0,0,0,0,0,0,0,266,0
78,1,946,0,0,0,0,0,0,0,657,0
78,2,862,0,1,0,0,0,0,0,976,0
78,3,1024,0,0,0,0,0,0,0,553,0
78,4,1049,0,0,0,0,0,0,0,588,0
78,5,896,0,0,0,0,0,0,0,790,2
78,6,948,0,0,0,0,0,0,0,866,2
78,7,1209,0,0,0,0,0,0,0,1117,0
78,8,1544,0,0,0,0,0,0,0,1301,7
78,9,1421,0,0,0,0,0,0,0,1285,5
78,10,1369,0,0,0,0,0,0,0,1237,20
78,11,1230,0,0,0,0,0,0,0,1079,21
78,12,1094,0,0,0,0,0,0,0,1024,22
78,13,1642,0,0,0,0,0,0,0,112,9
78,14,1456,0,0,0,0,0,0,0,80,1
78,15,1177,0,0,0,0,0,0,0,58,3
78,16,1908,0,0,0,0,0,0,0,93,6
79,0,1122,0,0,0,0,0,0,0,266,0
79,1,946,0,0,0,0,0,0,0,657,0
79,2,862,0,0,0,0,0,0,0,977,0
79,3,1024,0,0,0,0,0,0,0,553,0
79,4,1049,0,0,0,0,0,0,0,588,0
79,5,896,0,0,0,0,0,0,0,790,2
79,6,948,0,0,0,0,0,0,0,866,2
79,7,1209,0,0,0,0,0,0,0,1117,0
79,8,1544,0,0,0,0,0,0,0,1301,7
79,9,1421,0,0,0,0,0,0,0,1285,5
79,10,1369,0,0,0,0,0,0,0,1237,20
79,11,1230,0,0,0,0,0,0,0,1079,21
79,12,1094,0,0,0,0,0,0,0,1024,22
79,13,1642,0,0,0,0,0,0,0,112,9
79,14,1456,0,0,0,0,0,0,0,80,1
79,15,1177,0,0,0,0,0,0,0,58,3
79,16,1908,0,0,0,0,0,0,0,93,6
80,0,1122,0,0,0,0,0,0,0,266,0
80,1,946,0,0,0,0,0,0,0,657,0
80,2,862,0,0,0,0,0,0,0,977,0
80,3,1024,0,0,0,0,0,0,0,553,0
80,4,1049,0,0,0,0,0,0,0,588,0
80,5,896,0,0,0,0,0,0,0,790,2
80,6,948,0,0,0,0,0,0,0,866,2
80,7,1209,0,0,0,0,0,0,0,1117,0
80,8,1544,0,0,0,0,0,0,0,1301,7
80,9,1421,0,0,0,0,0,0,0,1285,5
80,10,1369,0,0,0,0,0,0,0,1237,20
80,11,1230,0,0,0,0,0,0,0,1079,21
80,12,1094,0,0,0,0,0,0,0,1024,22
80,13,1642,0,0,0,0,0,0,0,112,9
80,14,1456,0,0,0,0,0,0,0,80,1
80,15,1177,0,0,0,0,0,0,0,58,3
80,16,1908,0,0,0,0,0,0,0,93,6
81,0,1122,0,0,0,0,0,0,0,266,0
81,1,946,0,0,0,0,0,0,0,657,0
81,2,862,0,0,0,0,0,0,0,977,0
81,3,1024,0,0,0,0,0,0,0,553,0
81,4,1049,0,0,0,0,0,0,0,588,0
81,5,896,0,0,0,0,0,0,0,790,2
81,6,948,0,0,0,0,0,0,0,866,2
81,7,1209,0,0,0,0,0,0,0,1117,0
81,8,1544,0,0,0,0,0,0,0,1301,7
81,9,1421,0,0,0,0,0,0,0,1285,5
81,10,1369,0,0,0,0,0,0,0,1237,20
81,11,1230,0,0,0,0,0,0,0,1079,21
81,12,1094,0,0,0,0,0,0,0,1024,22
81,13,1642,0,0,0,0,0,0,0,112,9
81,14,1456,0,0,0,0,0,0,0,80,1
81,15,1177,0,0,0,0,0,0,0,58,3
81,16,1908,0,0,0,0,0,0,0,93,6
82,0,1122,0,0,0,0,0,0,0,266,0
82,1,946,0,0,0,0,0,0,0,657,0
82,2,862,0,0,0,0,0,0,0,977,0
82,3,1024,0,0,0,0,0,0,0,553,0
82,4,1049,0,0,0,0,0,0,0,588,0
82,5,896,0,0,0,0,0,0,0,790,2
82,6,948,0,0,0,0,0,0,0,866,2
82,7,1209,0,0,0,0,0,0,0,1117,0
82,8,1544,0,0,0,0,0,0,0,1301,7
82,9,1421,0,0,0,0,0,0,0,1285,5
82,10,1369,0,0,0,0,0,0,0,1237,20
82,11,1230,0,0,0,0,0,0,0,1079,21
82,12,1094,0,0,0,0,0,0,0,1024,22
82,13,1642,0,0,0,0,0,0,0,112,9
82,14,1456,0,0,0,0,0,0,0,80,1
82,15,1177,0,0,0,0,0,0,0,58,3
82,16,1908,0,0,0,0,0,0,0,93,6
83,0,1122,0,0,0,0,0,0,0,266,0
83,1,946,0,0,0,0,0,0,0,657,0
83,2,862,0,0,0,0,0,0,0,977,0
83,3,1024,0,0,0,0,0,0,0,553,0
83,4,1049,0,0,0,0,0,0,0,588,0
83,5,896,0,0,0,0,0,0,0,790,2
83,6,948,0,0,0,0,0,0,0,866,2
83,7,1209,0,0,0,0,0,0,0,1117,0
83,8,1544,0,0,0,0,0,0,0,1301,7
83,9,1421,0,0,0,0,0,0,0,1285,5
83,10,1369,0,0,0,0,0,0,0,1237,20
83,11,1230,0,0,0,0,0,0,0,1079,21
83,12,1094,0,0,0,0,0,0,0,1024,22
83,13,1642,0,0,0,0,0,0,0,112,9
83,14,1456,0,0,0,0,0,0,0,80,1
83,15,1177,0,0,0,0,0,0,0,58,3
83,16,1908,0,0,0,0,0,0,0,93,6
84,0,1122,0,0,0,0,0,0,0,266,0
84,1,946,0,0,0,0,0,0,0,657,0
84,2,862,0,0,0,0,0,0,0,977,0
84,3,1024,0,0,0,0,0,0,0,553,0
84,4,1049,0,0,0,0,0,0,0,588,0
84,5,896,0,0,0,0,0,0,0,790,2
84,6,948,0,0,0,0,0,0,0,866,2
84,7,1209,0,0,0,0,0,0,0,1117,0
84,8,1544,0,0,0,0,0,0,0,1301,7
84,9,1421,0,0,0,0,0,0,0,1285,5
84,10,1369,0,0,0,0,0,0,0,1237,20
84,11,1230,0,0,0,0,0,0,0,1079,21
84,12,1094,0,0,0,0,0,0,0,1024,22
84,13,1642,0,0,0,0,0,0,0,112,9
84,14,1456,0,0,0,0,0,0,0,80,1
84,15,1177,0,0,0,0,0,0,0,58,3
84,16,1908,0,0,0,0,0,0,0,93,6
85,0,1122,0,0,0,0,0,0,0,266,0
85,1,946,0,0,0,0,0,0,0,657,0
85,2,862,0,0,0,0,0,0,0,977,0
85,3,1024,0,0,0,0,0,0,0,553,0
85,4,1049,0,0,0,0,0,0,0,588,0
85,5,896,0,0,0,0,0,0,0,790,2
85,6,948,0,0,0,0,0,0,0,866,2
85,7,1209,0,0,0,0,0,0,0,1117,0
85,8,1544,0,0,0,0,0,0,0,1301,7
85,9,1421,0,0,0,0,0,0,0,1285,5
85,10,1369,0,0,0,0,0,0,0,1237,20
85,11,1230,0,0,0,0,0,0,0,1079,21
85,12,1094,0,0,0,0,0,0,0,1024,22
85,13,1642,0,0,0,0,0,0,0,112,9
85,14,1456,0,0,0,0,0,0,0,80,1
85,15,1177,0,0,0,0,0,0,0,58,3
85,16,1908,0,0,0,0,0,0,0,93,6
86,0,1122,0,0,0,0,0,0,0,266,0
86,1,946,0,0,0,0,0,0,0,657,0
86,2,862,0,0,0,0,0,0,0,977,0
86,3,1024,0,0,0,0,0,0,0,553,0
86,4,1049,0,0,0,0,0,0,0,588,0
86,5,896,0,0,0,0,0,0,0,790,2
86,6,948,0,0,0,0,0,0,0,866,2
86,7,1209,0,0,0,0,0,0,0,1117,0
86,8,1544,0,0,0,0,0,0,0,1301,7
86,9,1421,0,0,0,0,0,0,0,1285,5
86,10,1369,0,0,0,0,0,0,0,1237,20
86,11,1230,0,0,0,0,0,0,0,1079,21
86,12,1094,0,0,0,0,0,0,0,1024,22
86,13,1642,0,0,0,0,0,0,0,112,9
86,14,1456,0,0,0,0,0,0,0,80,1
86,15,1177,0,0,0,0,0,0,0,58,3
86,16,1908,0,0,0,0,0,0,0,93,6
87,0,1122,0,0,0,0,0,0,0,266,0
87,1,946,0,0,0,0,0,0,0,657,0
87,2,862,0,0,0,0,0,0,0,977,0
87,3,1024,0,0,0,0,0,0,0,553,0
87,4,1049,0,0,0,0,0,0,0,588,0
87,5,896,0,0,0,0,0,0,0,790,2
87,6,948,0,0,0,0,0,0,0,866,2
87,7,1209,0,0,0,0,0,0,0,1117,0
87,8,1544,0,0,0,0,0,0,0,1301,7
87,9,1421,0,0,0,0,0,0,0,1285,5
87,10,1369,0,0,0,0,0,0,0,1237,20
87,11,1230,0,0,0,0,0,0,0,1079,21
87,12,1094,0,0,0,0,0,0,0,1024,22
87,13,1642,0,0,0,0,0,0,0,112,9
87,14,1456,0,0,0,0,0,0,0,80,1
87,15,1177,0,0,0,0,0,0,0,58,3
87,16,1908,0,0,0,0,0,0,0,93,6
88,0,1122,0,0,0,0,0,0,0,266,0
88,1,946,0,0,0,0,0,0,0,657,0
88,2,862,0,0,0,0,0,0,0,977,0
88,3,1024,0,0,0,0,0,0,0,553,0
88,4,1049,0,0,0,0,0,0,0,588,0
88,5,896,0,0,0,0,0,0,0,790,2
88,6,948,0,0,0,0,0,0,0,866,2
88,7,1209,0,0,0,0,0,0,0,1117,0
88,8,1544,0,0,0,0,0,0,0,1301,7
88,9,1421,0,0,0,0,0,0,0,1285,5
88,10,1369,0,0,0,0,0,0,0,1237,20
88,11,1230,0,0,0,0,0,0,0,1079,21
88,12,1094,0,0,0,0,0,0,0,1024,22
88,13,1642,0,0,0,0,0,0,0,112,9
88,14,1456,0,0,0,0,0,0,0,80,1
88,15,1177,0,0,0,0,0,0,0,58,3
88,16,1908,0,0,0,0,0,0,0,93,6
89,0,1122,0,0,0,0,0,0,0,266,0
89,1,946,0,0,0,0,0,0,0,657,0
89,2,862,0,0,0,0,0,0,0,977,0
89,3,1024,0,0,0,0,0,0,0,553,0
89,4,1049,0,0,0,0,0,0,0,588,0
89,5,896,0,0,0,0,0,0,0,790,2
89,6,948,0,0,0,0,0,0,0,866,2
89,7,1209,0,0,0,0,0,0,0,1117,0
89,8,1544,0,0,0,0,0,0,0,1301,7
89,9,1421,0,0,0,0,0,0,0,1285,5
89,10,1369,0,0,0,0,0,0,0,1237,20
89,11,1230,0,0,0,0,0,0,0,1079,21
89,12,1094,0,0,0,0,0,0,0,1024,22
89,13,1642,0,0,0,0,0,0,0,112,9
89,14,1456,0,0,0,0,0,0,0,80,1
89,15,1177,0,0,0,0,0,0,0,58,3
89,16,1908,0,0,0,0,0,0,0,93,6
90,0,1122,0,0,0,0,0,0,0,266,0
90,1,946,0,0,0,0,0,0,0,657,0
90,2,862,0,0,0,0,0,0,0,977,0
90,3,1024,0,0,0,0,0,0,0,553,0
90,4,1049,0,0,0,0,0,0,0,588,0
90,5,896,0,0,0,0,0,0,0,790,2
90,6,948,0,0,0,0,0,0,0,866,2
90,7,1209,0,0,0,0,0,0,0,1117,0
90,8,1544,0,0,0,0,0,0,0,1301,7
90,9,1421,0,0,0,0,0,0,0,1285,5
90,10,1369,0,0,0,0,0,0,0,1237,20
90,11,1230,0,0,0,0,0,0,0,1079,21
90,12,1094,0,0,0,0,0,0,0,1024,22
90,13,1642,0,0,0,0,0,0,0,112,9
90,14,1456,0,0,0,0,0,0,0,80,1
90,15,1177,0,0,0,0,0,0,0,58,3
90,16,1908,0,0,0,0,0,0,0,93,6
