time,age_group,cell,location_x,location_y,InfectionStatus.Susceptible,InfectionStatus.Exposed,InfectionStatus.InfectASympt,InfectionStatus.InfectMild,InfectionStatus.InfectGP,InfectionStatus.InfectHosp,InfectionStatus.InfectICU,InfectionStatus.InfectICURecov,InfectionStatus.Recovered,InfectionStatus.Dead
0,1,0,0,0,18650,0,0,0,0,0,0,0,0,0
0,2,0,0,0,16920,0,0,0,0,0,0,0,0,0
0,3,0,0,0,17508,0,0,0,0,0,0,0,0,0
0,4,0,0,0,28117,0,0,0,0,0,0,0,0,0
0,5,0,0,0,72411,0,0,0,0,0,0,0,0,0
0,6,0,0,0,78817,0,0,0,0,0,0,0,0,0
0,7,0,0,0,79581,0,0,0,0,0,0,0,0,0
0,8,0,0,0,83499,0,0,0,0,0,0,0,0,0
0,9,0,0,0,95171,0,0,0,0,0,0,0,0,0
0,10,0,0,0,90929,0,0,0,0,0,0,0,0,0
0,11,0,0,0,78990,0,0,0,0,0,0,0,0,0
0,12,0,0,0,69507,0,0,0,0,0,0,0,0,0
0,13,0,0,0,70525,0,0,0,0,0,0,0,0,0
0,14,0,0,0,55454,0,0,0,0,0,0,0,0,0
0,15,0,0,0,46134,0,0,0,0,0,0,0,0,0
0,16,0,0,0,39953,0,0,0,0,0,0,0,0,0
0,17,0,0,0,57834,0,0,0,0,0,0,0,0,0
1.0,1,0,0,0,18650,0,0,0,0,0,0,0,0,0
1.0,2,0,0,0,16920,0,0,0,0,0,0,0,0,0
1.0,3,0,0,0,17508,0,0,0,0,0,0,0,0,0
1.0,4,0,0,0,28117,0,0,0,0,0,0,0,0,0
1.0,5,0,0,0,72411,0,0,0,0,0,0,0,0,0
1.0,6,0,0,0,78817,0,0,0,0,0,0,0,0,0
1.0,7,0,0,0,79581,0,0,0,0,0,0,0,0,0
1.0,8,0,0,0,83499,0,0,0,0,0,0,0,0,0
1.0,9,0,0,0,95171,0,0,0,0,0,0,0,0,0
1.0,10,0,0,0,90929,0,0,0,0,0,0,0,0,0
1.0,11,0,0,0,78990,0,0,0,0,0,0,0,0,0
1.0,12,0,0,0,69507,0,0,0,0,0,0,0,0,0
1.0,13,0,0,0,70525,0,0,0,0,0,0,0,0,0
1.0,14,0,0,0,55454,0,0,0,0,0,0,0,0,0
1.0,15,0,0,0,46134,0,0,0,0,0,0,0,0,0
1.0,16,0,0,0,39953,0,0,0,0,0,0,0,0,0
1.0,17,0,0,0,57834,0,0,0,0,0,0,0,0,0
2.0,1,0,0,0,18650,0,0,0,0,0,0,0,0,0
2.0,2,0,0,0,16920,0,0,0,0,0,0,0,0,0
2.0,3,0,0,0,17508,0,0,0,0,0,0,0,0,0
2.0,4,0,0,0,28117,0,0,0,0,0,0,0,0,0
2.0,5,0,0,0,72411,0,0,0,0,0,0,0,0,0
2.0,6,0,0,0,78817,0,0,0,0,0,0,0,0,0
2.0,7,0,0,0,79581,0,0,0,0,0,0,0,0,0
2.0,8,0,0,0,83499,0,0,0,0,0,0,0,0,0
2.0,9,0,0,0,95171,0,0,0,0,0,0,0,0,0
2.0,10,0,0,0,90929,0,0,0,0,0,0,0,0,0
2.0,11,0,0,0,78990,0,0,0,0,0,0,0,0,0
2.0,12,0,0,0,69507,0,0,0,0,0,0,0,0,0
2.0,13,0,0,0,70525,0,0,0,0,0,0,0,0,0
2.0,14,0,0,0,55454,0,0,0,0,0,0,0,0,0
2.0,15,0,0,0,46134,0,0,0,0,0,0,0,0,0
2.0,16,0,0,0,39953,0,0,0,0,0,0,0,0,0
2.0,17,0,0,0,57834,0,0,0,0,0,0,0,0,0
3.0,1,0,0,0,18650,0,0,0,0,0,0,0,0,0
3.0,2,0,0,0,16920,0,0,0,0,0,0,0,0,0
3.0,3,0,0,0,17508,0,0,0,0,0,0,0,0,0
3.0,4,0,0,0,28117,0,0,0,0,0,0,0,0,0
3.0,5,0,0,0,72411,0,0,0,0,0,0,0,0,0
3.0,6,0,0,0,78817,0,0,0,0,0,0,0,0,0
3.0,7,0,0,0,79581,0,0,0,0,0,0,0,0,0
3.0,8,0,0,0,83499,0,0,0,0,0,0,0,0,0
3.0,9,0,0,0,95171,0,0,0,0,0,0,0,0,0
3.0,10,0,0,0,90929,0,0,0,0,0,0,0,0,0
3.0,11,0,0,0,78990,0,0,0,0,0,0,0,0,0
3.0,12,0,0,0,69507,0,0,0,0,0,0,0,0,0
3.0,13,0,0,0,70525,0,0,0,0,0,0,0,0,0
3.0,14,0,0,0,55454,0,0,0,0,0,0,0,0,0
3.0,15,0,0,0,46134,0,0,0,0,0,0,0,0,0
3.0,16,0,0,0,39953,0,0,0,0,0,0,0,0,0
3.0,17,0,0,0,57834,0,0,0,0,0,0,0,0,0
4.0,1,0,0,0,18650,0,0,0,0,0,0,0,0,0
4.0,2,0,0,0,16920,0,0,0,0,0,0,0,0,0
4.0,3,0,0,0,17508,0,0,0,0,0,0,0,0,0
4.0,4,0,0,0,28117,0,0,0,0,0,0,0,0,0
4.0,5,0,0,0,72411,0,0,0,0,0,0,0,0,0
4.0,6,0,0,0,78817,0,0,0,0,0,0,0,0,0
4.0,7,0,0,0,79581,0,0,0,0,0,0,0,0,0
4.0,8,0,0,0,83499,0,0,0,0,0,0,0,0,0
4.0,9,0,0,0,95171,0,0,0,0,0,0,0,0,0
4.0,10,0,0,0,90929,0,0,0,0,0,0,0,0,0
4.0,11,0,0,0,78990,0,0,0,0,0,0,0,0,0
4.0,12,0,0,0,69507,0,0,0,0,0,0,0,0,0
4.0,13,0,0,0,70525,0,0,0,0,0,0,0,0,0
4.0,14,0,0,0,55454,0,0,0,0,0,0,0,0,0
4.0,15,0,0,0,46134,0,0,0,0,0,0,0,0,0
4.0,16,0,0,0,39953,0,0,0,0,0,0,0,0,0
4.0,17,0,0,0,57834,0,0,0,0,0,0,0,0,0
5.0,1,0,0,0,18650,0,0,0,0,0,0,0,0,0
5.0,2,0,0,0,16920,0,0,0,0,0,0,0,0,0
5.0,3,0,0,0,17508,0,0,0,0,0,0,0,0,0
5.0,4,0,0,0,28117,0,0,0,0,0,0,0,0,0
5.0,5,0,0,0,72411,0,0,0,0,0,0,0,0,0
5.0,6,0,0,0,78817,0,0,0,0,0,0,0,0,0
5.0,7,0,0,0,79581,0,0,0,0,0,0,0,0,0
5.0,8,0,0,0,83499,0,0,0,0,0,0,0,0,0
5.0,9,0,0,0,95171,0,0,0,0,0,0,0,0,0
5.0,10,0,0,0,90929,0,0,0,0,0,0,0,0,0
5.0,11,0,0,0,78990,0,0,0,0,0,0,0,0,0
5.0,12,0,0,0,69507,0,0,0,0,0,0,0,0,0
5.0,13,0,0,0,70525,0,0,0,0,0,0,0,0,0
5.0,14,0,0,0,55454,0,0,0,0,0,0,0,0,0
5.0,15,0,0,0,46134,0,0,0,0,0,0,0,0,0
5.0,16,0,0,0,39953,0,0,0,0,0,0,0,0,0
5.0,17,0,0,0,57834,0,0,0,0,0,0,0,0,0
6.0,1,0,0,0,18650,0,0,0,0,0,0,0,0,0
6.0,2,0,0,0,16920,0,0,0,0,0,0,0,0,0
6.0,3,0,0,0,17508,0,0,0,0,0,0,0,0,0
6.0,4,0,0,0,28117,0,0,0,0,0,0,0,0,0
6.0,5,0,0,0,72411,0,0,0,0,0,0,0,0,0
6.0,6,0,0,0,78817,0,0,0,0,0,0,0,0,0
6.0,7,0,0,0,79581,0,0,0,0,0,0,0,0,0
6.0,8,0,0,0,83499,0,0,0,0,0,0,0,0,0
6.0,9,0,0,0,95171,0,0,0,0,0,0,0,0,0
6.0,10,0,0,0,90929,0,0,0,0,0,0,0,0,0
6.0,11,0,0,0,78990,0,0,0,0,0,0,0,0,0
6.0,12,0,0,0,69507,0,0,0,0,0,0,0,0,0
6.0,13,0,0,0,70525,0,0,0,0,0,0,0,0,0
6.0,14,0,0,0,55454,0,0,0,0,0,0,0,0,0
6.0,15,0,0,0,46134,0,0,0,0,0,0,0,0,0
6.0,16,0,0,0,39953,0,0,0,0,0,0,0,0,0
6.0,17,0,0,0,57834,0,0,0,0,0,0,0,0,0
7.0,1,0,0,0,18650,0,0,0,0,0,0,0,0,0
7.0,2,0,0,0,16920,0,0,0,0,0,0,0,0,0
7.0,3,0,0,0,17508,0,0,0,0,0,0,0,0,0
7.0,4,0,0,0,28117,0,0,0,0,0,0,0,0,0
7.0,5,0,0,0,72411,0,0,0,0,0,0,0,0,0
7.0,6,0,0,0,78817,0,0,0,0,0,0,0,0,0
7.0,7,0,0,0,79581,0,0,0,0,0,0,0,0,0
7.0,8,0,0,0,83499,0,0,0,0,0,0,0,0,0
7.0,9,0,0,0,95171,0,0,0,0,0,0,0,0,0
7.0,10,0,0,0,90929,0,0,0,0,0,0,0,0,0
7.0,11,0,0,0,78990,0,0,0,0,0,0,0,0,0
7.0,12,0,0,0,69507,0,0,0,0,0,0,0,0,0
7.0,13,0,0,0,70525,0,0,0,0,0,0,0,0,0
7.0,14,0,0,0,55454,0,0,0,0,0,0,0,0,0
7.0,15,0,0,0,46134,0,0,0,0,0,0,0,0,0
7.0,16,0,0,0,39953,0,0,0,0,0,0,0,0,0
7.0,17,0,0,0,57834,0,0,0,0,0,0,0,0,0
8.0,1,0,0,0,18650,0,0,0,0,0,0,0,0,0
8.0,2,0,0,0,16920,0,0,0,0,0,0,0,0,0
8.0,3,0,0,0,17508,0,0,0,0,0,0,0,0,0
8.0,4,0,0,0,28117,0,0,0,0,0,0,0,0,0
8.0,5,0,0,0,72411,0,0,0,0,0,0,0,0,0
8.0,6,0,0,0,78817,0,0,0,0,0,0,0,0,0
8.0,7,0,0,0,79581,0,0,0,0,0,0,0,0,0
8.0,8,0,0,0,83499,0,0,0,0,0,0,0,0,0
8.0,9,0,0,0,95171,0,0,0,0,0,0,0,0,0
8.0,10,0,0,0,90929,0,0,0,0,0,0,0,0,0
8.0,11,0,0,0,78990,0,0,0,0,0,0,0,0,0
8.0,12,0,0,0,69507,0,0,0,0,0,0,0,0,0
8.0,13,0,0,0,70525,0,0,0,0,0,0,0,0,0
8.0,14,0,0,0,55454,0,0,0,0,0,0,0,0,0
8.0,15,0,0,0,46134,0,0,0,0,0,0,0,0,0
8.0,16,0,0,0,39953,0,0,0,0,0,0,0,0,0
8.0,17,0,0,0,57834,0,0,0,0,0,0,0,0,0
9.0,1,0,0,0,18650,0,0,0,0,0,0,0,0,0
9.0,2,0,0,0,16920,0,0,0,0,0,0,0,0,0
9.0,3,0,0,0,17508,0,0,0,0,0,0,0,0,0
9.0,4,0,0,0,28117,0,0,0,0,0,0,0,0,0
9.0,5,0,0,0,72411,0,0,0,0,0,0,0,0,0
9.0,6,0,0,0,78817,0,0,0,0,0,0,0,0,0
9.0,7,0,0,0,79581,0,0,0,0,0,0,0,0,0
9.0,8,0,0,0,83499,0,0,0,0,0,0,0,0,0
9.0,9,0,0,0,95171,0,0,0,0,0,0,0,0,0
9.0,10,0,0,0,90929,0,0,0,0,0,0,0,0,0
9.0,11,0,0,0,78990,0,0,0,0,0,0,0,0,0
9.0,12,0,0,0,69507,0,0,0,0,0,0,0,0,0
9.0,13,0,0,0,70525,0,0,0,0,0,0,0,0,0
9.0,14,0,0,0,55454,0,0,0,0,0,0,0,0,0
9.0,15,0,0,0,46134,0,0,0,0,0,0,0,0,0
9.0,16,0,0,0,39953,0,0,0,0,0,0,0,0,0
9.0,17,0,0,0,57834,0,0,0,0,0,0,0,0,0
10.0,1,0,0,0,18650,0,0,0,0,0,0,0,0,0
10.0,2,0,0,0,16920,0,0,0,0,0,0,0,0,0
10.0,3,0,0,0,17508,0,0,0,0,0,0,0,0,0
10.0,4,0,0,0,28117,0,0,0,0,0,0,0,0,0
10.0,5,0,0,0,72411,0,0,0,0,0,0,0,0,0
10.0,6,0,0,0,78817,0,0,0,0,0,0,0,0,0
10.0,7,0,0,0,79581,0,0,0,0,0,0,0,0,0
10.0,8,0,0,0,83499,0,0,0,0,0,0,0,0,0
10.0,9,0,0,0,95171,0,0,0,0,0,0,0,0,0
10.0,10,0,0,0,90929,0,0,0,0,0,0,0,0,0
10.0,11,0,0,0,78990,0,0,0,0,0,0,0,0,0
10.0,12,0,0,0,69507,0,0,0,0,0,0,0,0,0
10.0,13,0,0,0,70525,0,0,0,0,0,0,0,0,0
10.0,14,0,0,0,55454,0,0,0,0,0,0,0,0,0
10.0,15,0,0,0,46134,0,0,0,0,0,0,0,0,0
10.0,16,0,0,0,39953,0,0,0,0,0,0,0,0,0
10.0,17,0,0,0,57834,0,0,0,0,0,0,0,0,0
11.0,1,0,0,0,18650,0,0,0,0,0,0,0,0,0
11.0,2,0,0,0,16920,0,0,0,0,0,0,0,0,0
11.0,3,0,0,0,17508,0,0,0,0,0,0,0,0,0
11.0,4,0,0,0,28117,0,0,0,0,0,0,0,0,0
11.0,5,0,0,0,72411,0,0,0,0,0,0,0,0,0
11.0,6,0,0,0,78817,0,0,0,0,0,0,0,0,0
11.0,7,0,0,0,79581,0,0,0,0,0,0,0,0,0
11.0,8,0,0,0,83499,0,0,0,0,0,0,0,0,0
11.0,9,0,0,0,95171,0,0,0,0,0,0,0,0,0
11.0,10,0,0,0,90929,0,0,0,0,0,0,0,0,0
11.0,11,0,0,0,78990,0,0,0,0,0,0,0,0,0
11.0,12,0,0,0,69507,0,0,0,0,0,0,0,0,0
11.0,13,0,0,0,70525,0,0,0,0,0,0,0,0,0
11.0,14,0,0,0,55454,0,0,0,0,0,0,0,0,0
11.0,15,0,0,0,46134,0,0,0,0,0,0,0,0,0
11.0,16,0,0,0,39953,0,0,0,0,0,0,0,0,0
11.0,17,0,0,0,57834,0,0,0,0,0,0,0,0,0
12.0,1,0,0,0,18650,0,0,0,0,0,0,0,0,0
12.0,2,0,0,0,16920,0,0,0,0,0,0,0,0,0
12.0,3,0,0,0,17508,0,0,0,0,0,0,0,0,0
12.0,4,0,0,0,28117,0,0,0,0,0,0,0,0,0
12.0,5,0,0,0,72411,0,0,0,0,0,0,0,0,0
12.0,6,0,0,0,78817,0,0,0,0,0,0,0,0,0
12.0,7,0,0,0,79581,0,0,0,0,0,0,0,0,0
12.0,8,0,0,0,83499,0,0,0,0,0,0,0,0,0
12.0,9,0,0,0,95171,0,0,0,0,0,0,0,0,0
12.0,10,0,0,0,90929,0,0,0,0,0,0,0,0,0
12.0,11,0,0,0,78990,0,0,0,0,0,0,0,0,0
12.0,12,0,0,0,69507,0,0,0,0,0,0,0,0,0
12.0,13,0,0,0,70525,0,0,0,0,0,0,0,0,0
12.0,14,0,0,0,55454,0,0,0,0,0,0,0,0,0
12.0,15,0,0,0,46134,0,0,0,0,0,0,0,0,0
12.0,16,0,0,0,39953,0,0,0,0,0,0,0,0,0
12.0,17,0,0,0,57834,0,0,0,0,0,0,0,0,0
13.0,1,0,0,0,18650,0,0,0,0,0,0,0,0,0
13.0,2,0,0,0,16920,0,0,0,0,0,0,0,0,0
13.0,3,0,0,0,17508,0,0,0,0,0,0,0,0,0
13.0,4,0,0,0,28117,0,0,0,0,0,0,0,0,0
13.0,5,0,0,0,72411,0,0,0,0,0,0,0,0,0
13.0,6,0,0,0,78817,0,0,0,0,0,0,0,0,0
13.0,7,0,0,0,79581,0,0,0,0,0,0,0,0,0
13.0,8,0,0,0,83499,0,0,0,0,0,0,0,0,0
13.0,9,0,0,0,95171,0,0,0,0,0,0,0,0,0
13.0,10,0,0,0,90929,0,0,0,0,0,0,0,0,0
13.0,11,0,0,0,78990,0,0,0,0,0,0,0,0,0
13.0,12,0,0,0,69507,0,0,0,0,0,0,0,0,0
13.0,13,0,0,0,70525,0,0,0,0,0,0,0,0,0
13.0,14,0,0,0,55454,0,0,0,0,0,0,0,0,0
13.0,15,0,0,0,46134,0,0,0,0,0,0,0,0,0
13.0,16,0,0,0,39953,0,0,0,0,0,0,0,0,0
13.0,17,0,0,0,57834,0,0,0,0,0,0,0,0,0
14.0,1,0,0,0,18650,0,0,0,0,0,0,0,0,0
14.0,2,0,0,0,16920,0,0,0,0,0,0,0,0,0
14.0,3,0,0,0,17508,0,0,0,0,0,0,0,0,0
14.0,4,0,0,0,28117,0,0,0,0,0,0,0,0,0
14.0,5,0,0,0,72411,0,0,0,0,0,0,0,0,0
14.0,6,0,0,0,78817,0,0,0,0,0,0,0,0,0
14.0,7,0,0,0,79581,0,0,0,0,0,0,0,0,0
14.0,8,0,0,0,83499,0,0,0,0,0,0,0,0,0
14.0,9,0,0,0,95171,0,0,0,0,0,0,0,0,0
14.0,10,0,0,0,90929,0,0,0,0,0,0,0,0,0
14.0,11,0,0,0,78990,0,0,0,0,0,0,0,0,0
14.0,12,0,0,0,69507,0,0,0,0,0,0,0,0,0
14.0,13,0,0,0,70525,0,0,0,0,0,0,0,0,0
14.0,14,0,0,0,55454,0,0,0,0,0,0,0,0,0
14.0,15,0,0,0,46134,0,0,0,0,0,0,0,0,0
14.0,16,0,0,0,39953,0,0,0,0,0,0,0,0,0
14.0,17,0,0,0,57834,0,0,0,0,0,0,0,0,0
15.0,1,0,0,0,18650,0,0,0,0,0,0,0,0,0
15.0,2,0,0,0,16920,0,0,0,0,0,0,0,0,0
15.0,3,0,0,0,17508,0,0,0,0,0,0,0,0,0
15.0,4,0,0,0,28117,0,0,0,0,0,0,0,0,0
15.0,5,0,0,0,72411,0,0,0,0,0,0,0,0,0
15.0,6,0,0,0,78817,0,0,0,0,0,0,0,0,0
15.0,7,0,0,0,79581,0,0,0,0,0,0,0,0,0
15.0,8,0,0,0,83499,0,0,0,0,0,0,0,0,0
15.0,9,0,0,0,95171,0,0,0,0,0,0,0,0,0
15.0,10,0,0,0,90929,0,0,0,0,0,0,0,0,0
15.0,11,0,0,0,78990,0,0,0,0,0,0,0,0,0
15.0,12,0,0,0,69507,0,0,0,0,0,0,0,0,0
15.0,13,0,0,0,70525,0,0,0,0,0,0,0,0,0
15.0,14,0,0,0,55454,0,0,0,0,0,0,0,0,0
15.0,15,0,0,0,46134,0,0,0,0,0,0,0,0,0
15.0,16,0,0,0,39953,0,0,0,0,0,0,0,0,0
15.0,17,0,0,0,57834,0,0,0,0,0,0,0,0,0
16.0,1,0,0,0,18650,0,0,0,0,0,0,0,0,0
16.0,2,0,0,0,16920,0,0,0,0,0,0,0,0,0
16.0,3,0,0,0,17508,0,0,0,0,0,0,0,0,0
16.0,4,0,0,0,28117,0,0,0,0,0,0,0,0,0
16.0,5,0,0,0,72411,0,0,0,0,0,0,0,0,0
16.0,6,0,0,0,78817,0,0,0,0,0,0,0,0,0
16.0,7,0,0,0,79581,0,0,0,0,0,0,0,0,0
16.0,8,0,0,0,83499,0,0,0,0,0,0,0,0,0
16.0,9,0,0,0,95171,0,0,0,0,0,0,0,0,0
16.0,10,0,0,0,90929,0,0,0,0,0,0,0,0,0
16.0,11,0,0,0,78990,0,0,0,0,0,0,0,0,0
16.0,12,0,0,0,69507,0,0,0,0,0,0,0,0,0
16.0,13,0,0,0,70525,0,0,0,0,0,0,0,0,0
16.0,14,0,0,0,55454,0,0,0,0,0,0,0,0,0
16.0,15,0,0,0,46134,0,0,0,0,0,0,0,0,0
16.0,16,0,0,0,39953,0,0,0,0,0,0,0,0,0
16.0,17,0,0,0,57834,0,0,0,0,0,0,0,0,0
17.0,1,0,0,0,18650,0,0,0,0,0,0,0,0,0
17.0,2,0,0,0,16920,0,0,0,0,0,0,0,0,0
17.0,3,0,0,0,17508,0,0,0,0,0,0,0,0,0
17.0,4,0,0,0,28117,0,0,0,0,0,0,0,0,0
17.0,5,0,0,0,72411,0,0,0,0,0,0,0,0,0
17.0,6,0,0,0,78817,0,0,0,0,0,0,0,0,0
17.0,7,0,0,0,79581,0,0,0,0,0,0,0,0,0
17.0,8,0,0,0,83499,0,0,0,0,0,0,0,0,0
17.0,9,0,0,0,95171,0,0,0,0,0,0,0,0,0
17.0,10,0,0,0,90929,0,0,0,0,0,0,0,0,0
17.0,11,0,0,0,78990,0,0,0,0,0,0,0,0,0
17.0,12,0,0,0,69507,0,0,0,0,0,0,0,0,0
17.0,13,0,0,0,70525,0,0,0,0,0,0,0,0,0
17.0,14,0,0,0,55454,0,0,0,0,0,0,0,0,0
17.0,15,0,0,0,46134,0,0,0,0,0,0,0,0,0
17.0,16,0,0,0,39953,0,0,0,0,0,0,0,0,0
17.0,17,0,0,0,57834,0,0,0,0,0,0,0,0,0
18.0,1,0,0,0,18650,0,0,0,0,0,0,0,0,0
18.0,2,0,0,0,16920,0,0,0,0,0,0,0,0,0
18.0,3,0,0,0,17508,0,0,0,0,0,0,0,0,0
18.0,4,0,0,0,28117,0,0,0,0,0,0,0,0,0
18.0,5,0,0,0,72411,0,0,0,0,0,0,0,0,0
18.0,6,0,0,0,78817,0,0,0,0,0,0,0,0,0
18.0,7,0,0,0,79581,0,0,0,0,0,0,0,0,0
18.0,8,0,0,0,83499,0,0,0,0,0,0,0,0,0
18.0,9,0,0,0,95171,0,0,0,0,0,0,0,0,0
18.0,10,0,0,0,90929,0,0,0,0,0,0,0,0,0
18.0,11,0,0,0,78990,0,0,0,0,0,0,0,0,0
18.0,12,0,0,0,69507,0,0,0,0,0,0,0,0,0
18.0,13,0,0,0,70525,0,0,0,0,0,0,0,0,0
18.0,14,0,0,0,55454,0,0,0,0,0,0,0,0,0
18.0,15,0,0,0,46134,0,0,0,0,0,0,0,0,0
18.0,16,0,0,0,39953,0,0,0,0,0,0,0,0,0
18.0,17,0,0,0,57834,0,0,0,0,0,0,0,0,0
19.0,1,0,0,0,18650,0,0,0,0,0,0,0,0,0
19.0,2,0,0,0,16920,0,0,0,0,0,0,0,0,0
19.0,3,0,0,0,17508,0,0,0,0,0,0,0,0,0
19.0,4,0,0,0,28117,0,0,0,0,0,0,0,0,0
19.0,5,0,0,0,72411,0,0,0,0,0,0,0,0,0
19.0,6,0,0,0,78817,0,0,0,0,0,0,0,0,0
19.0,7,0,0,0,79581,0,0,0,0,0,0,0,0,0
19.0,8,0,0,0,83499,0,0,0,0,0,0,0,0,0
19.0,9,0,0,0,95171,0,0,0,0,0,0,0,0,0
19.0,10,0,0,0,90929,0,0,0,0,0,0,0,0,0
19.0,11,0,0,0,78990,0,0,0,0,0,0,0,0,0
19.0,12,0,0,0,69507,0,0,0,0,0,0,0,0,0
19.0,13,0,0,0,70525,0,0,0,0,0,0,0,0,0
19.0,14,0,0,0,55454,0,0,0,0,0,0,0,0,0
19.0,15,0,0,0,46134,0,0,0,0,0,0,0,0,0
19.0,16,0,0,0,39953,0,0,0,0,0,0,0,0,0
19.0,17,0,0,0,57834,0,0,0,0,0,0,0,0,0
20.0,1,0,0,0,18650,0,0,0,0,0,0,0,0,0
20.0,2,0,0,0,16920,0,0,0,0,0,0,0,0,0
20.0,3,0,0,0,17508,0,0,0,0,0,0,0,0,0
20.0,4,0,0,0,28117,0,0,0,0,0,0,0,0,0
20.0,5,0,0,0,72411,0,0,0,0,0,0,0,0,0
20.0,6,0,0,0,78817,0,0,0,0,0,0,0,0,0
20.0,7,0,0,0,79581,0,0,0,0,0,0,0,0,0
20.0,8,0,0,0,83499,0,0,0,0,0,0,0,0,0
20.0,9,0,0,0,95171,0,0,0,0,0,0,0,0,0
20.0,10,0,0,0,90929,0,0,0,0,0,0,0,0,0
20.0,11,0,0,0,78990,0,0,0,0,0,0,0,0,0
20.0,12,0,0,0,69507,0,0,0,0,0,0,0,0,0
20.0,13,0,0,0,70525,0,0,0,0,0,0,0,0,0
20.0,14,0,0,0,55454,0,0,0,0,0,0,0,0,0
20.0,15,0,0,0,46134,0,0,0,0,0,0,0,0,0
20.0,16,0,0,0,39953,0,0,0,0,0,0,0,0,0
20.0,17,0,0,0,57834,0,0,0,0,0,0,0,0,0
21.0,1,0,0,0,18650,0,0,0,0,0,0,0,0,0
21.0,2,0,0,0,16920,0,0,0,0,0,0,0,0,0
21.0,3,0,0,0,17508,0,0,0,0,0,0,0,0,0
21.0,4,0,0,0,28117,0,0,0,0,0,0,0,0,0
21.0,5,0,0,0,72411,0,0,0,0,0,0,0,0,0
21.0,6,0,0,0,78817,0,0,0,0,0,0,0,0,0
21.0,7,0,0,0,79581,0,0,0,0,0,0,0,0,0
21.0,8,0,0,0,83499,0,0,0,0,0,0,0,0,0
21.0,9,0,0,0,95171,0,0,0,0,0,0,0,0,0
21.0,10,0,0,0,90929,0,0,0,0,0,0,0,0,0
21.0,11,0,0,0,78990,0,0,0,0,0,0,0,0,0
21.0,12,0,0,0,69507,0,0,0,0,0,0,0,0,0
21.0,13,0,0,0,70525,0,0,0,0,0,0,0,0,0
21.0,14,0,0,0,55454,0,0,0,0,0,0,0,0,0
21.0,15,0,0,0,46134,0,0,0,0,0,0,0,0,0
21.0,16,0,0,0,39953,0,0,0,0,0,0,0,0,0
21.0,17,0,0,0,57834,0,0,0,0,0,0,0,0,0
22.0,1,0,0,0,18650,0,0,0,0,0,0,0,0,0
22.0,2,0,0,0,16920,0,0,0,0,0,0,0,0,0
22.0,3,0,0,0,17508,0,0,0,0,0,0,0,0,0
22.0,4,0,0,0,28117,0,0,0,0,0,0,0,0,0
22.0,5,0,0,0,72411,0,0,0,0,0,0,0,0,0
22.0,6,0,0,0,78817,0,0,0,0,0,0,0,0,0
22.0,7,0,0,0,79581,0,0,0,0,0,0,0,0,0
22.0,8,0,0,0,83499,0,0,0,0,0,0,0,0,0
22.0,9,0,0,0,95171,0,0,0,0,0,0,0,0,0
22.0,10,0,0,0,90929,0,0,0,0,0,0,0,0,0
22.0,11,0,0,0,78990,0,0,0,0,0,0,0,0,0
22.0,12,0,0,0,69507,0,0,0,0,0,0,0,0,0
22.0,13,0,0,0,70525,0,0,0,0,0,0,0,0,0
22.0,14,0,0,0,55454,0,0,0,0,0,0,0,0,0
22.0,15,0,0,0,46134,0,0,0,0,0,0,0,0,0
22.0,16,0,0,0,39953,0,0,0,0,0,0,0,0,0
22.0,17,0,0,0,57834,0,0,0,0,0,0,0,0,0
23.0,1,0,0,0,18650,0,0,0,0,0,0,0,0,0
23.0,2,0,0,0,16920,0,0,0,0,0,0,0,0,0
23.0,3,0,0,0,17508,0,0,0,0,0,0,0,0,0
23.0,4,0,0,0,28117,0,0,0,0,0,0,0,0,0
23.0,5,0,0,0,72411,0,0,0,0,0,0,0,0,0
23.0,6,0,0,0,78817,0,0,0,0,0,0,0,0,0
23.0,7,0,0,0,79581,0,0,0,0,0,0,0,0,0
23.0,8,0,0,0,83499,0,0,0,0,0,0,0,0,0
23.0,9,0,0,0,95171,0,0,0,0,0,0,0,0,0
23.0,10,0,0,0,90929,0,0,0,0,0,0,0,0,0
23.0,11,0,0,0,78990,0,0,0,0,0,0,0,0,0
23.0,12,0,0,0,69507,0,0,0,0,0,0,0,0,0
23.0,13,0,0,0,70525,0,0,0,0,0,0,0,0,0
23.0,14,0,0,0,55454,0,0,0,0,0,0,0,0,0
23.0,15,0,0,0,46134,0,0,0,0,0,0,0,0,0
23.0,16,0,0,0,39953,0,0,0,0,0,0,0,0,0
23.0,17,0,0,0,57834,0,0,0,0,0,0,0,0,0
24.0,1,0,0,0,18650,0,0,0,0,0,0,0,0,0
24.0,2,0,0,0,16920,0,0,0,0,0,0,0,0,0
24.0,3,0,0,0,17508,0,0,0,0,0,0,0,0,0
24.0,4,0,0,0,28117,0,0,0,0,0,0,0,0,0
24.0,5,0,0,0,72411,0,0,0,0,0,0,0,0,0
24.0,6,0,0,0,78817,0,0,0,0,0,0,0,0,0
24.0,7,0,0,0,79581,0,0,0,0,0,0,0,0,0
24.0,8,0,0,0,83499,0,0,0,0,0,0,0,0,0
24.0,9,0,0,0,95171,0,0,0,0,0,0,0,0,0
24.0,10,0,0,0,90929,0,0,0,0,0,0,0,0,0
24.0,11,0,0,0,78990,0,0,0,0,0,0,0,0,0
24.0,12,0,0,0,69507,0,0,0,0,0,0,0,0,0
24.0,13,0,0,0,70525,0,0,0,0,0,0,0,0,0
24.0,14,0,0,0,55454,0,0,0,0,0,0,0,0,0
24.0,15,0,0,0,46134,0,0,0,0,0,0,0,0,0
24.0,16,0,0,0,39953,0,0,0,0,0,0,0,0,0
24.0,17,0,0,0,57834,0,0,0,0,0,0,0,0,0
25.0,1,0,0,0,18650,0,0,0,0,0,0,0,0,0
25.0,2,0,0,0,16920,0,0,0,0,0,0,0,0,0
25.0,3,0,0,0,17508,0,0,0,0,0,0,0,0,0
25.0,4,0,0,0,28117,0,0,0,0,0,0,0,0,0
25.0,5,0,0,0,72411,0,0,0,0,0,0,0,0,0
25.0,6,0,0,0,78817,0,0,0,0,0,0,0,0,0
25.0,7,0,0,0,79581,0,0,0,0,0,0,0,0,0
25.0,8,0,0,0,83499,0,0,0,0,0,0,0,0,0
25.0,9,0,0,0,95171,0,0,0,0,0,0,0,0,0
25.0,10,0,0,0,90929,0,0,0,0,0,0,0,0,0
25.0,11,0,0,0,78990,0,0,0,0,0,0,0,0,0
25.0,12,0,0,0,69507,0,0,0,0,0,0,0,0,0
25.0,13,0,0,0,70525,0,0,0,0,0,0,0,0,0
25.0,14,0,0,0,55454,0,0,0,0,0,0,0,0,0
25.0,15,0,0,0,46134,0,0,0,0,0,0,0,0,0
25.0,16,0,0,0,39953,0,0,0,0,0,0,0,0,0
25.0,17,0,0,0,57834,0,0,0,0,0,0,0,0,0
26.0,1,0,0,0,18650,0,0,0,0,0,0,0,0,0
26.0,2,0,0,0,16920,0,0,0,0,0,0,0,0,0
26.0,3,0,0,0,17508,0,0,0,0,0,0,0,0,0
26.0,4,0,0,0,28117,0,0,0,0,0,0,0,0,0
26.0,5,0,0,0,72411,0,0,0,0,0,0,0,0,0
26.0,6,0,0,0,78817,0,0,0,0,0,0,0,0,0
26.0,7,0,0,0,79581,0,0,0,0,0,0,0,0,0
26.0,8,0,0,0,83499,0,0,0,0,0,0,0,0,0
26.0,9,0,0,0,95171,0,0,0,0,0,0,0,0,0
26.0,10,0,0,0,90929,0,0,0,0,0,0,0,0,0
26.0,11,0,0,0,78990,0,0,0,0,0,0,0,0,0
26.0,12,0,0,0,69507,0,0,0,0,0,0,0,0,0
26.0,13,0,0,0,70525,0,0,0,0,0,0,0,0,0
26.0,14,0,0,0,55454,0,0,0,0,0,0,0,0,0
26.0,15,0,0,0,46134,0,0,0,0,0,0,0,0,0
26.0,16,0,0,0,39953,0,0,0,0,0,0,0,0,0
26.0,17,0,0,0,57834,0,0,0,0,0,0,0,0,0
27.0,1,0,0,0,18650,0,0,0,0,0,0,0,0,0
27.0,2,0,0,0,16920,0,0,0,0,0,0,0,0,0
27.0,3,0,0,0,17508,0,0,0,0,0,0,0,0,0
27.0,4,0,0,0,28117,0,0,0,0,0,0,0,0,0
27.0,5,0,0,0,72411,0,0,0,0,0,0,0,0,0
27.0,6,0,0,0,78817,0,0,0,0,0,0,0,0,0
27.0,7,0,0,0,79581,0,0,0,0,0,0,0,0,0
27.0,8,0,0,0,83499,0,0,0,0,0,0,0,0,0
27.0,9,0,0,0,95171,0,0,0,0,0,0,0,0,0
27.0,10,0,0,0,90929,0,0,0,0,0,0,0,0,0
27.0,11,0,0,0,78990,0,0,0,0,0,0,0,0,0
27.0,12,0,0,0,69507,0,0,0,0,0,0,0,0,0
27.0,13,0,0,0,70525,0,0,0,0,0,0,0,0,0
27.0,14,0,0,0,55454,0,0,0,0,0,0,0,0,0
27.0,15,0,0,0,46134,0,0,0,0,0,0,0,0,0
27.0,16,0,0,0,39953,0,0,0,0,0,0,0,0,0
27.0,17,0,0,0,57834,0,0,0,0,0,0,0,0,0
28.0,1,0,0,0,18650,0,0,0,0,0,0,0,0,0
28.0,2,0,0,0,16920,0,0,0,0,0,0,0,0,0
28.0,3,0,0,0,17508,0,0,0,0,0,0,0,0,0
28.0,4,0,0,0,28117,0,0,0,0,0,0,0,0,0
28.0,5,0,0,0,72411,0,0,0,0,0,0,0,0,0
28.0,6,0,0,0,78817,0,0,0,0,0,0,0,0,0
28.0,7,0,0,0,79581,0,0,0,0,0,0,0,0,0
28.0,8,0,0,0,83499,0,0,0,0,0,0,0,0,0
28.0,9,0,0,0,95171,0,0,0,0,0,0,0,0,0
28.0,10,0,0,0,90929,0,0,0,0,0,0,0,0,0
28.0,11,0,0,0,78990,0,0,0,0,0,0,0,0,0
28.0,12,0,0,0,69507,0,0,0,0,0,0,0,0,0
28.0,13,0,0,0,70525,0,0,0,0,0,0,0,0,0
28.0,14,0,0,0,55454,0,0,0,0,0,0,0,0,0
28.0,15,0,0,0,46134,0,0,0,0,0,0,0,0,0
28.0,16,0,0,0,39953,0,0,0,0,0,0,0,0,0
28.0,17,0,0,0,57834,0,0,0,0,0,0,0,0,0
29.0,1,0,0,0,18650,0,0,0,0,0,0,0,0,0
29.0,2,0,0,0,16920,0,0,0,0,0,0,0,0,0
29.0,3,0,0,0,17508,0,0,0,0,0,0,0,0,0
29.0,4,0,0,0,28117,0,0,0,0,0,0,0,0,0
29.0,5,0,0,0,72411,0,0,0,0,0,0,0,0,0
29.0,6,0,0,0,78817,0,0,0,0,0,0,0,0,0
29.0,7,0,0,0,79581,0,0,0,0,0,0,0,0,0
29.0,8,0,0,0,83499,0,0,0,0,0,0,0,0,0
29.0,9,0,0,0,95171,0,0,0,0,0,0,0,0,0
29.0,10,0,0,0,90929,0,0,0,0,0,0,0,0,0
29.0,11,0,0,0,78990,0,0,0,0,0,0,0,0,0
29.0,12,0,0,0,69507,0,0,0,0,0,0,0,0,0
29.0,13,0,0,0,70525,0,0,0,0,0,0,0,0,0
29.0,14,0,0,0,55454,0,0,0,0,0,0,0,0,0
29.0,15,0,0,0,46134,0,0,0,0,0,0,0,0,0
29.0,16,0,0,0,39953,0,0,0,0,0,0,0,0,0
29.0,17,0,0,0,57834,0,0,0,0,0,0,0,0,0
30.0,1,0,0,0,18650,0,0,0,0,0,0,0,0,0
30.0,2,0,0,0,16920,0,0,0,0,0,0,0,0,0
30.0,3,0,0,0,17508,0,0,0,0,0,0,0,0,0
30.0,4,0,0,0,28117,0,0,0,0,0,0,0,0,0
30.0,5,0,0,0,72411,0,0,0,0,0,0,0,0,0
30.0,6,0,0,0,78817,0,0,0,0,0,0,0,0,0
30.0,7,0,0,0,79581,0,0,0,0,0,0,0,0,0
30.0,8,0,0,0,83499,0,0,0,0,0,0,0,0,0
30.0,9,0,0,0,95171,0,0,0,0,0,0,0,0,0
30.0,10,0,0,0,90929,0,0,0,0,0,0,0,0,0
30.0,11,0,0,0,78990,0,0,0,0,0,0,0,0,0
30.0,12,0,0,0,69507,0,0,0,0,0,0,0,0,0
30.0,13,0,0,0,70525,0,0,0,0,0,0,0,0,0
30.0,14,0,0,0,55454,0,0,0,0,0,0,0,0,0
30.0,15,0,0,0,46134,0,0,0,0,0,0,0,0,0
30.0,16,0,0,0,39953,0,0,0,0,0,0,0,0,0
30.0,17,0,0,0,57834,0,0,0,0,0,0,0,0,0
31.0,1,0,0,0,18650,0,0,0,0,0,0,0,0,0
31.0,2,0,0,0,16920,0,0,0,0,0,0,0,0,0
31.0,3,0,0,0,17508,0,0,0,0,0,0,0,0,0
31.0,4,0,0,0,28117,0,0,0,0,0,0,0,0,0
31.0,5,0,0,0,72411,0,0,0,0,0,0,0,0,0
31.0,6,0,0,0,78817,0,0,0,0,0,0,0,0,0
31.0,7,0,0,0,79581,0,0,0,0,0,0,0,0,0
31.0,8,0,0,0,83499,0,0,0,0,0,0,0,0,0
31.0,9,0,0,0,95171,0,0,0,0,0,0,0,0,0
31.0,10,0,0,0,90929,0,0,0,0,0,0,0,0,0
31.0,11,0,0,0,78990,0,0,0,0,0,0,0,0,0
31.0,12,0,0,0,69507,0,0,0,0,0,0,0,0,0
31.0,13,0,0,0,70525,0,0,0,0,0,0,0,0,0
31.0,14,0,0,0,55454,0,0,0,0,0,0,0,0,0
31.0,15,0,0,0,46134,0,0,0,0,0,0,0,0,0
31.0,16,0,0,0,39953,0,0,0,0,0,0,0,0,0
31.0,17,0,0,0,57834,0,0,0,0,0,0,0,0,0
32.0,1,0,0,0,18650,0,0,0,0,0,0,0,0,0
32.0,2,0,0,0,16920,0,0,0,0,0,0,0,0,0
32.0,3,0,0,0,17508,0,0,0,0,0,0,0,0,0
32.0,4,0,0,0,28117,0,0,0,0,0,0,0,0,0
32.0,5,0,0,0,72411,0,0,0,0,0,0,0,0,0
32.0,6,0,0,0,78817,0,0,0,0,0,0,0,0,0
32.0,7,0,0,0,79581,0,0,0,0,0,0,0,0,0
32.0,8,0,0,0,83499,0,0,0,0,0,0,0,0,0
32.0,9,0,0,0,95171,0,0,0,0,0,0,0,0,0
32.0,10,0,0,0,90929,0,0,0,0,0,0,0,0,0
32.0,11,0,0,0,78990,0,0,0,0,0,0,0,0,0
32.0,12,0,0,0,69507,0,0,0,0,0,0,0,0,0
32.0,13,0,0,0,70525,0,0,0,0,0,0,0,0,0
32.0,14,0,0,0,55454,0,0,0,0,0,0,0,0,0
32.0,15,0,0,0,46134,0,0,0,0,0,0,0,0,0
32.0,16,0,0,0,39953,0,0,0,0,0,0,0,0,0
32.0,17,0,0,0,57834,0,0,0,0,0,0,0,0,0
33.0,1,0,0,0,18650,0,0,0,0,0,0,0,0,0
33.0,2,0,0,0,16920,0,0,0,0,0,0,0,0,0
33.0,3,0,0,0,17508,0,0,0,0,0,0,0,0,0
33.0,4,0,0,0,28117,0,0,0,0,0,0,0,0,0
33.0,5,0,0,0,72411,0,0,0,0,0,0,0,0,0
33.0,6,0,0,0,78817,0,0,0,0,0,0,0,0,0
33.0,7,0,0,0,79581,0,0,0,0,0,0,0,0,0
33.0,8,0,0,0,83499,0,0,0,0,0,0,0,0,0
33.0,9,0,0,0,95171,0,0,0,0,0,0,0,0,0
33.0,10,0,0,0,90929,0,0,0,0,0,0,0,0,0
33.0,11,0,0,0,78990,0,0,0,0,0,0,0,0,0
33.0,12,0,0,0,69507,0,0,0,0,0,0,0,0,0
33.0,13,0,0,0,70525,0,0,0,0,0,0,0,0,0
33.0,14,0,0,0,55454,0,0,0,0,0,0,0,0,0
33.0,15,0,0,0,46134,0,0,0,0,0,0,0,0,0
33.0,16,0,0,0,39953,0,0,0,0,0,0,0,0,0
33.0,17,0,0,0,57834,0,0,0,0,0,0,0,0,0
34.0,1,0,0,0,18650,0,0,0,0,0,0,0,0,0
34.0,2,0,0,0,16920,0,0,0,0,0,0,0,0,0
34.0,3,0,0,0,17508,0,0,0,0,0,0,0,0,0
34.0,4,0,0,0,28117,0,0,0,0,0,0,0,0,0
34.0,5,0,0,0,72411,0,0,0,0,0,0,0,0,0
34.0,6,0,0,0,78817,0,0,0,0,0,0,0,0,0
34.0,7,0,0,0,79581,0,0,0,0,0,0,0,0,0
34.0,8,0,0,0,83499,0,0,0,0,0,0,0,0,0
34.0,9,0,0,0,95171,0,0,0,0,0,0,0,0,0
34.0,10,0,0,0,90929,0,0,0,0,0,0,0,0,0
34.0,11,0,0,0,78990,0,0,0,0,0,0,0,0,0
34.0,12,0,0,0,69507,0,0,0,0,0,0,0,0,0
34.0,13,0,0,0,70525,0,0,0,0,0,0,0,0,0
34.0,14,0,0,0,55454,0,0,0,0,0,0,0,0,0
34.0,15,0,0,0,46134,0,0,0,0,0,0,0,0,0
34.0,16,0,0,0,39953,0,0,0,0,0,0,0,0,0
34.0,17,0,0,0,57834,0,0,0,0,0,0,0,0,0
35.0,1,0,0,0,18650,0,0,0,0,0,0,0,0,0
35.0,2,0,0,0,16920,0,0,0,0,0,0,0,0,0
35.0,3,0,0,0,17508,0,0,0,0,0,0,0,0,0
35.0,4,0,0,0,28117,0,0,0,0,0,0,0,0,0
35.0,5,0,0,0,72411,0,0,0,0,0,0,0,0,0
35.0,6,0,0,0,78817,0,0,0,0,0,0,0,0,0
35.0,7,0,0,0,79581,0,0,0,0,0,0,0,0,0
35.0,8,0,0,0,83499,0,0,0,0,0,0,0,0,0
35.0,9,0,0,0,95171,0,0,0,0,0,0,0,0,0
35.0,10,0,0,0,90929,0,0,0,0,0,0,0,0,0
35.0,11,0,0,0,78990,0,0,0,0,0,0,0,0,0
35.0,12,0,0,0,69507,0,0,0,0,0,0,0,0,0
35.0,13,0,0,0,70525,0,0,0,0,0,0,0,0,0
35.0,14,0,0,0,55454,0,0,0,0,0,0,0,0,0
35.0,15,0,0,0,46134,0,0,0,0,0,0,0,0,0
35.0,16,0,0,0,39953,0,0,0,0,0,0,0,0,0
35.0,17,0,0,0,57834,0,0,0,0,0,0,0,0,0
36.0,1,0,0,0,18650,0,0,0,0,0,0,0,0,0
36.0,2,0,0,0,16920,0,0,0,0,0,0,0,0,0
36.0,3,0,0,0,17508,0,0,0,0,0,0,0,0,0
36.0,4,0,0,0,28117,0,0,0,0,0,0,0,0,0
36.0,5,0,0,0,72411,0,0,0,0,0,0,0,0,0
36.0,6,0,0,0,78817,0,0,0,0,0,0,0,0,0
36.0,7,0,0,0,79581,0,0,0,0,0,0,0,0,0
36.0,8,0,0,0,83499,0,0,0,0,0,0,0,0,0
36.0,9,0,0,0,95171,0,0,0,0,0,0,0,0,0
36.0,10,0,0,0,90929,0,0,0,0,0,0,0,0,0
36.0,11,0,0,0,78990,0,0,0,0,0,0,0,0,0
36.0,12,0,0,0,69507,0,0,0,0,0,0,0,0,0
36.0,13,0,0,0,70525,0,0,0,0,0,0,0,0,0
36.0,14,0,0,0,55454,0,0,0,0,0,0,0,0,0
36.0,15,0,0,0,46134,0,0,0,0,0,0,0,0,0
36.0,16,0,0,0,39953,0,0,0,0,0,0,0,0,0
36.0,17,0,0,0,57834,0,0,0,0,0,0,0,0,0
37.0,1,0,0,0,18650,0,0,0,0,0,0,0,0,0
37.0,2,0,0,0,16920,0,0,0,0,0,0,0,0,0
37.0,3,0,0,0,17508,0,0,0,0,0,0,0,0,0
37.0,4,0,0,0,28117,0,0,0,0,0,0,0,0,0
37.0,5,0,0,0,72411,0,0,0,0,0,0,0,0,0
37.0,6,0,0,0,78817,0,0,0,0,0,0,0,0,0
37.0,7,0,0,0,79581,0,0,0,0,0,0,0,0,0
37.0,8,0,0,0,83499,0,0,0,0,0,0,0,0,0
37.0,9,0,0,0,95171,0,0,0,0,0,0,0,0,0
37.0,10,0,0,0,90929,0,0,0,0,0,0,0,0,0
37.0,11,0,0,0,78990,0,0,0,0,0,0,0,0,0
37.0,12,0,0,0,69507,0,0,0,0,0,0,0,0,0
37.0,13,0,0,0,70525,0,0,0,0,0,0,0,0,0
37.0,14,0,0,0,55454,0,0,0,0,0,0,0,0,0
37.0,15,0,0,0,46134,0,0,0,0,0,0,0,0,0
37.0,16,0,0,0,39953,0,0,0,0,0,0,0,0,0
37.0,17,0,0,0,57834,0,0,0,0,0,0,0,0,0
38.0,1,0,0,0,18650,0,0,0,0,0,0,0,0,0
38.0,2,0,0,0,16920,0,0,0,0,0,0,0,0,0
38.0,3,0,0,0,17508,0,0,0,0,0,0,0,0,0
38.0,4,0,0,0,28117,0,0,0,0,0,0,0,0,0
38.0,5,0,0,0,72411,0,0,0,0,0,0,0,0,0
38.0,6,0,0,0,78817,0,0,0,0,0,0,0,0,0
38.0,7,0,0,0,79581,0,0,0,0,0,0,0,0,0
38.0,8,0,0,0,83499,0,0,0,0,0,0,0,0,0
38.0,9,0,0,0,95171,0,0,0,0,0,0,0,0,0
38.0,10,0,0,0,90929,0,0,0,0,0,0,0,0,0
38.0,11,0,0,0,78990,0,0,0,0,0,0,0,0,0
38.0,12,0,0,0,69507,0,0,0,0,0,0,0,0,0
38.0,13,0,0,0,70525,0,0,0,0,0,0,0,0,0
38.0,14,0,0,0,55454,0,0,0,0,0,0,0,0,0
38.0,15,0,0,0,46134,0,0,0,0,0,0,0,0,0
38.0,16,0,0,0,39953,0,0,0,0,0,0,0,0,0
38.0,17,0,0,0,57834,0,0,0,0,0,0,0,0,0
39.0,1,0,0,0,18650,0,0,0,0,0,0,0,0,0
39.0,2,0,0,0,16920,0,0,0,0,0,0,0,0,0
39.0,3,0,0,0,17508,0,0,0,0,0,0,0,0,0
39.0,4,0,0,0,28117,0,0,0,0,0,0,0,0,0
39.0,5,0,0,0,72411,0,0,0,0,0,0,0,0,0
39.0,6,0,0,0,78817,0,0,0,0,0,0,0,0,0
39.0,7,0,0,0,79581,0,0,0,0,0,0,0,0,0
39.0,8,0,0,0,83499,0,0,0,0,0,0,0,0,0
39.0,9,0,0,0,95171,0,0,0,0,0,0,0,0,0
39.0,10,0,0,0,90929,0,0,0,0,0,0,0,0,0
39.0,11,0,0,0,78990,0,0,0,0,0,0,0,0,0
39.0,12,0,0,0,69507,0,0,0,0,0,0,0,0,0
39.0,13,0,0,0,70525,0,0,0,0,0,0,0,0,0
39.0,14,0,0,0,55454,0,0,0,0,0,0,0,0,0
39.0,15,0,0,0,46134,0,0,0,0,0,0,0,0,0
39.0,16,0,0,0,39953,0,0,0,0,0,0,0,0,0
39.0,17,0,0,0,57834,0,0,0,0,0,0,0,0,0
40.0,1,0,0,0,18650,0,0,0,0,0,0,0,0,0
40.0,2,0,0,0,16920,0,0,0,0,0,0,0,0,0
40.0,3,0,0,0,17508,0,0,0,0,0,0,0,0,0
40.0,4,0,0,0,28117,0,0,0,0,0,0,0,0,0
40.0,5,0,0,0,72411,0,0,0,0,0,0,0,0,0
40.0,6,0,0,0,78817,0,0,0,0,0,0,0,0,0
40.0,7,0,0,0,79581,0,0,0,0,0,0,0,0,0
40.0,8,0,0,0,83499,0,0,0,0,0,0,0,0,0
40.0,9,0,0,0,95171,0,0,0,0,0,0,0,0,0
40.0,10,0,0,0,90929,0,0,0,0,0,0,0,0,0
40.0,11,0,0,0,78990,0,0,0,0,0,0,0,0,0
40.0,12,0,0,0,69507,0,0,0,0,0,0,0,0,0
40.0,13,0,0,0,70525,0,0,0,0,0,0,0,0,0
40.0,14,0,0,0,55454,0,0,0,0,0,0,0,0,0
40.0,15,0,0,0,46134,0,0,0,0,0,0,0,0,0
40.0,16,0,0,0,39953,0,0,0,0,0,0,0,0,0
40.0,17,0,0,0,57834,0,0,0,0,0,0,0,0,0
41.0,1,0,0,0,18650,0,0,0,0,0,0,0,0,0
41.0,2,0,0,0,16920,0,0,0,0,0,0,0,0,0
41.0,3,0,0,0,17508,0,0,0,0,0,0,0,0,0
41.0,4,0,0,0,28117,0,0,0,0,0,0,0,0,0
41.0,5,0,0,0,72411,0,0,0,0,0,0,0,0,0
41.0,6,0,0,0,78817,0,0,0,0,0,0,0,0,0
41.0,7,0,0,0,79581,0,0,0,0,0,0,0,0,0
41.0,8,0,0,0,83499,0,0,0,0,0,0,0,0,0
41.0,9,0,0,0,95171,0,0,0,0,0,0,0,0,0
41.0,10,0,0,0,90929,0,0,0,0,0,0,0,0,0
41.0,11,0,0,0,78990,0,0,0,0,0,0,0,0,0
41.0,12,0,0,0,69507,0,0,0,0,0,0,0,0,0
41.0,13,0,0,0,70525,0,0,0,0,0,0,0,0,0
41.0,14,0,0,0,55454,0,0,0,0,0,0,0,0,0
41.0,15,0,0,0,46134,0,0,0,0,0,0,0,0,0
41.0,16,0,0,0,39953,0,0,0,0,0,0,0,0,0
41.0,17,0,0,0,57834,0,0,0,0,0,0,0,0,0
42.0,1,0,0,0,18650,0,0,0,0,0,0,0,0,0
42.0,2,0,0,0,16920,0,0,0,0,0,0,0,0,0
42.0,3,0,0,0,17508,0,0,0,0,0,0,0,0,0
42.0,4,0,0,0,28117,0,0,0,0,0,0,0,0,0
42.0,5,0,0,0,72411,0,0,0,0,0,0,0,0,0
42.0,6,0,0,0,78817,0,0,0,0,0,0,0,0,0
42.0,7,0,0,0,79581,0,0,0,0,0,0,0,0,0
42.0,8,0,0,0,83499,0,0,0,0,0,0,0,0,0
42.0,9,0,0,0,95171,0,0,0,0,0,0,0,0,0
42.0,10,0,0,0,90929,0,0,0,0,0,0,0,0,0
42.0,11,0,0,0,78990,0,0,0,0,0,0,0,0,0
42.0,12,0,0,0,69507,0,0,0,0,0,0,0,0,0
42.0,13,0,0,0,70525,0,0,0,0,0,0,0,0,0
42.0,14,0,0,0,55454,0,0,0,0,0,0,0,0,0
42.0,15,0,0,0,46134,0,0,0,0,0,0,0,0,0
42.0,16,0,0,0,39953,0,0,0,0,0,0,0,0,0
42.0,17,0,0,0,57834,0,0,0,0,0,0,0,0,0
43.0,1,0,0,0,18650,0,0,0,0,0,0,0,0,0
43.0,2,0,0,0,16920,0,0,0,0,0,0,0,0,0
43.0,3,0,0,0,17508,0,0,0,0,0,0,0,0,0
43.0,4,0,0,0,28117,0,0,0,0,0,0,0,0,0
43.0,5,0,0,0,72411,0,0,0,0,0,0,0,0,0
43.0,6,0,0,0,78817,0,0,0,0,0,0,0,0,0
43.0,7,0,0,0,79581,0,0,0,0,0,0,0,0,0
43.0,8,0,0,0,83499,0,0,0,0,0,0,0,0,0
43.0,9,0,0,0,95171,0,0,0,0,0,0,0,0,0
43.0,10,0,0,0,90929,0,0,0,0,0,0,0,0,0
43.0,11,0,0,0,78990,0,0,0,0,0,0,0,0,0
43.0,12,0,0,0,69507,0,0,0,0,0,0,0,0,0
43.0,13,0,0,0,70525,0,0,0,0,0,0,0,0,0
43.0,14,0,0,0,55454,0,0,0,0,0,0,0,0,0
43.0,15,0,0,0,46134,0,0,0,0,0,0,0,0,0
43.0,16,0,0,0,39953,0,0,0,0,0,0,0,0,0
43.0,17,0,0,0,57834,0,0,0,0,0,0,0,0,0
44.0,1,0,0,0,18650,0,0,0,0,0,0,0,0,0
44.0,2,0,0,0,16920,0,0,0,0,0,0,0,0,0
44.0,3,0,0,0,17508,0,0,0,0,0,0,0,0,0
44.0,4,0,0,0,28117,0,0,0,0,0,0,0,0,0
44.0,5,0,0,0,72411,0,0,0,0,0,0,0,0,0
44.0,6,0,0,0,78817,0,0,0,0,0,0,0,0,0
44.0,7,0,0,0,79581,0,0,0,0,0,0,0,0,0
44.0,8,0,0,0,83499,0,0,0,0,0,0,0,0,0
44.0,9,0,0,0,95171,0,0,0,0,0,0,0,0,0
44.0,10,0,0,0,90929,0,0,0,0,0,0,0,0,0
44.0,11,0,0,0,78990,0,0,0,0,0,0,0,0,0
44.0,12,0,0,0,69507,0,0,0,0,0,0,0,0,0
44.0,13,0,0,0,70525,0,0,0,0,0,0,0,0,0
44.0,14,0,0,0,55454,0,0,0,0,0,0,0,0,0
44.0,15,0,0,0,46134,0,0,0,0,0,0,0,0,0
44.0,16,0,0,0,39953,0,0,0,0,0,0,0,0,0
44.0,17,0,0,0,57834,0,0,0,0,0,0,0,0,0
45.0,1,0,0,0,18650,0,0,0,0,0,0,0,0,0
45.0,2,0,0,0,16920,0,0,0,0,0,0,0,0,0
45.0,3,0,0,0,17508,0,0,0,0,0,0,0,0,0
45.0,4,0,0,0,28117,0,0,0,0,0,0,0,0,0
45.0,5,0,0,0,72411,0,0,0,0,0,0,0,0,0
45.0,6,0,0,0,78817,0,0,0,0,0,0,0,0,0
45.0,7,0,0,0,79581,0,0,0,0,0,0,0,0,0
45.0,8,0,0,0,83499,0,0,0,0,0,0,0,0,0
45.0,9,0,0,0,95171,0,0,0,0,0,0,0,0,0
45.0,10,0,0,0,90929,0,0,0,0,0,0,0,0,0
45.0,11,0,0,0,78990,0,0,0,0,0,0,0,0,0
45.0,12,0,0,0,69507,0,0,0,0,0,0,0,0,0
45.0,13,0,0,0,70525,0,0,0,0,0,0,0,0,0
45.0,14,0,0,0,55454,0,0,0,0,0,0,0,0,0
45.0,15,0,0,0,46134,0,0,0,0,0,0,0,0,0
45.0,16,0,0,0,39953,0,0,0,0,0,0,0,0,0
45.0,17,0,0,0,57834,0,0,0,0,0,0,0,0,0
46.0,1,0,0,0,18650,0,0,0,0,0,0,0,0,0
46.0,2,0,0,0,16920,0,0,0,0,0,0,0,0,0
46.0,3,0,0,0,17508,0,0,0,0,0,0,0,0,0
46.0,4,0,0,0,28117,0,0,0,0,0,0,0,0,0
46.0,5,0,0,0,72411,0,0,0,0,0,0,0,0,0
46.0,6,0,0,0,78817,0,0,0,0,0,0,0,0,0
46.0,7,0,0,0,79581,0,0,0,0,0,0,0,0,0
46.0,8,0,0,0,83499,0,0,0,0,0,0,0,0,0
46.0,9,0,0,0,95171,0,0,0,0,0,0,0,0,0
46.0,10,0,0,0,90929,0,0,0,0,0,0,0,0,0
46.0,11,0,0,0,78990,0,0,0,0,0,0,0,0,0
46.0,12,0,0,0,69507,0,0,0,0,0,0,0,0,0
46.0,13,0,0,0,70525,0,0,0,0,0,0,0,0,0
46.0,14,0,0,0,55454,0,0,0,0,0,0,0,0,0
46.0,15,0,0,0,46134,0,0,0,0,0,0,0,0,0
46.0,16,0,0,0,39953,0,0,0,0,0,0,0,0,0
46.0,17,0,0,0,57834,0,0,0,0,0,0,0,0,0
47.0,1,0,0,0,18650,0,0,0,0,0,0,0,0,0
47.0,2,0,0,0,16920,0,0,0,0,0,0,0,0,0
47.0,3,0,0,0,17508,0,0,0,0,0,0,0,0,0
47.0,4,0,0,0,28117,0,0,0,0,0,0,0,0,0
47.0,5,0,0,0,72411,0,0,0,0,0,0,0,0,0
47.0,6,0,0,0,78817,0,0,0,0,0,0,0,0,0
47.0,7,0,0,0,79581,0,0,0,0,0,0,0,0,0
47.0,8,0,0,0,83499,0,0,0,0,0,0,0,0,0
47.0,9,0,0,0,95171,0,0,0,0,0,0,0,0,0
47.0,10,0,0,0,90929,0,0,0,0,0,0,0,0,0
47.0,11,0,0,0,78990,0,0,0,0,0,0,0,0,0
47.0,12,0,0,0,69507,0,0,0,0,0,0,0,0,0
47.0,13,0,0,0,70525,0,0,0,0,0,0,0,0,0
47.0,14,0,0,0,55454,0,0,0,0,0,0,0,0,0
47.0,15,0,0,0,46134,0,0,0,0,0,0,0,0,0
47.0,16,0,0,0,39953,0,0,0,0,0,0,0,0,0
47.0,17,0,0,0,57834,0,0,0,0,0,0,0,0,0
48.0,1,0,0,0,18650,0,0,0,0,0,0,0,0,0
48.0,2,0,0,0,16920,0,0,0,0,0,0,0,0,0
48.0,3,0,0,0,17508,0,0,0,0,0,0,0,0,0
48.0,4,0,0,0,28117,0,0,0,0,0,0,0,0,0
48.0,5,0,0,0,72411,0,0,0,0,0,0,0,0,0
48.0,6,0,0,0,78817,0,0,0,0,0,0,0,0,0
48.0,7,0,0,0,79581,0,0,0,0,0,0,0,0,0
48.0,8,0,0,0,83499,0,0,0,0,0,0,0,0,0
48.0,9,0,0,0,95171,0,0,0,0,0,0,0,0,0
48.0,10,0,0,0,90929,0,0,0,0,0,0,0,0,0
48.0,11,0,0,0,78990,0,0,0,0,0,0,0,0,0
48.0,12,0,0,0,69507,0,0,0,0,0,0,0,0,0
48.0,13,0,0,0,70525,0,0,0,0,0,0,0,0,0
48.0,14,0,0,0,55454,0,0,0,0,0,0,0,0,0
48.0,15,0,0,0,46134,0,0,0,0,0,0,0,0,0
48.0,16,0,0,0,39953,0,0,0,0,0,0,0,0,0
48.0,17,0,0,0,57834,0,0,0,0,0,0,0,0,0
49.0,1,0,0,0,18650,0,0,0,0,0,0,0,0,0
49.0,2,0,0,0,16920,0,0,0,0,0,0,0,0,0
49.0,3,0,0,0,17508,0,0,0,0,0,0,0,0,0
49.0,4,0,0,0,28117,0,0,0,0,0,0,0,0,0
49.0,5,0,0,0,72411,0,0,0,0,0,0,0,0,0
49.0,6,0,0,0,78817,0,0,0,0,0,0,0,0,0
49.0,7,0,0,0,79581,0,0,0,0,0,0,0,0,0
49.0,8,0,0,0,83499,0,0,0,0,0,0,0,0,0
49.0,9,0,0,0,95171,0,0,0,0,0,0,0,0,0
49.0,10,0,0,0,90929,0,0,0,0,0,0,0,0,0
49.0,11,0,0,0,78990,0,0,0,0,0,0,0,0,0
49.0,12,0,0,0,69507,0,0,0,0,0,0,0,0,0
49.0,13,0,0,0,70525,0,0,0,0,0,0,0,0,0
49.0,14,0,0,0,55454,0,0,0,0,0,0,0,0,0
49.0,15,0,0,0,46134,0,0,0,0,0,0,0,0,0
49.0,16,0,0,0,39953,0,0,0,0,0,0,0,0,0
49.0,17,0,0,0,57834,0,0,0,0,0,0,0,0,0
50.0,1,0,0,0,18650,0,0,0,0,0,0,0,0,0
50.0,2,0,0,0,16920,0,0,0,0,0,0,0,0,0
50.0,3,0,0,0,17508,0,0,0,0,0,0,0,0,0
50.0,4,0,0,0,28117,0,0,0,0,0,0,0,0,0
50.0,5,0,0,0,72411,0,0,0,0,0,0,0,0,0
50.0,6,0,0,0,78817,0,0,0,0,0,0,0,0,0
50.0,7,0,0,0,79581,0,0,0,0,0,0,0,0,0
50.0,8,0,0,0,83499,0,0,0,0,0,0,0,0,0
50.0,9,0,0,0,95171,0,0,0,0,0,0,0,0,0
50.0,10,0,0,0,90929,0,0,0,0,0,0,0,0,0
50.0,11,0,0,0,78990,0,0,0,0,0,0,0,0,0
50.0,12,0,0,0,69507,0,0,0,0,0,0,0,0,0
50.0,13,0,0,0,70525,0,0,0,0,0,0,0,0,0
50.0,14,0,0,0,55454,0,0,0,0,0,0,0,0,0
50.0,15,0,0,0,46134,0,0,0,0,0,0,0,0,0
50.0,16,0,0,0,39953,0,0,0,0,0,0,0,0,0
50.0,17,0,0,0,57834,0,0,0,0,0,0,0,0,0
51.0,1,0,0,0,18650,0,0,0,0,0,0,0,0,0
51.0,2,0,0,0,16920,0,0,0,0,0,0,0,0,0
51.0,3,0,0,0,17508,0,0,0,0,0,0,0,0,0
51.0,4,0,0,0,28117,0,0,0,0,0,0,0,0,0
51.0,5,0,0,0,72411,0,0,0,0,0,0,0,0,0
51.0,6,0,0,0,78817,0,0,0,0,0,0,0,0,0
51.0,7,0,0,0,79581,0,0,0,0,0,0,0,0,0
51.0,8,0,0,0,83499,0,0,0,0,0,0,0,0,0
51.0,9,0,0,0,95171,0,0,0,0,0,0,0,0,0
51.0,10,0,0,0,90929,0,0,0,0,0,0,0,0,0
51.0,11,0,0,0,78990,0,0,0,0,0,0,0,0,0
51.0,12,0,0,0,69507,0,0,0,0,0,0,0,0,0
51.0,13,0,0,0,70525,0,0,0,0,0,0,0,0,0
51.0,14,0,0,0,55454,0,0,0,0,0,0,0,0,0
51.0,15,0,0,0,46134,0,0,0,0,0,0,0,0,0
51.0,16,0,0,0,39953,0,0,0,0,0,0,0,0,0
51.0,17,0,0,0,57834,0,0,0,0,0,0,0,0,0
52.0,1,0,0,0,18650,0,0,0,0,0,0,0,0,0
52.0,2,0,0,0,16920,0,0,0,0,0,0,0,0,0
52.0,3,0,0,0,17508,0,0,0,0,0,0,0,0,0
52.0,4,0,0,0,28117,0,0,0,0,0,0,0,0,0
52.0,5,0,0,0,72411,0,0,0,0,0,0,0,0,0
52.0,6,0,0,0,78817,0,0,0,0,0,0,0,0,0
52.0,7,0,0,0,79581,0,0,0,0,0,0,0,0,0
52.0,8,0,0,0,83499,0,0,0,0,0,0,0,0,0
52.0,9,0,0,0,95171,0,0,0,0,0,0,0,0,0
52.0,10,0,0,0,90929,0,0,0,0,0,0,0,0,0
52.0,11,0,0,0,78990,0,0,0,0,0,0,0,0,0
52.0,12,0,0,0,69507,0,0,0,0,0,0,0,0,0
52.0,13,0,0,0,70525,0,0,0,0,0,0,0,0,0
52.0,14,0,0,0,55454,0,0,0,0,0,0,0,0,0
52.0,15,0,0,0,46134,0,0,0,0,0,0,0,0,0
52.0,16,0,0,0,39953,0,0,0,0,0,0,0,0,0
52.0,17,0,0,0,57834,0,0,0,0,0,0,0,0,0
53.0,1,0,0,0,18650,0,0,0,0,0,0,0,0,0
53.0,2,0,0,0,16920,0,0,0,0,0,0,0,0,0
53.0,3,0,0,0,17508,0,0,0,0,0,0,0,0,0
53.0,4,0,0,0,28117,0,0,0,0,0,0,0,0,0
53.0,5,0,0,0,72411,0,0,0,0,0,0,0,0,0
53.0,6,0,0,0,78817,0,0,0,0,0,0,0,0,0
53.0,7,0,0,0,79581,0,0,0,0,0,0,0,0,0
53.0,8,0,0,0,83499,0,0,0,0,0,0,0,0,0
53.0,9,0,0,0,95171,0,0,0,0,0,0,0,0,0
53.0,10,0,0,0,90929,0,0,0,0,0,0,0,0,0
53.0,11,0,0,0,78990,0,0,0,0,0,0,0,0,0
53.0,12,0,0,0,69507,0,0,0,0,0,0,0,0,0
53.0,13,0,0,0,70525,0,0,0,0,0,0,0,0,0
53.0,14,0,0,0,55454,0,0,0,0,0,0,0,0,0
53.0,15,0,0,0,46134,0,0,0,0,0,0,0,0,0
53.0,16,0,0,0,39953,0,0,0,0,0,0,0,0,0
53.0,17,0,0,0,57834,0,0,0,0,0,0,0,0,0
54.0,1,0,0,0,18650,0,0,0,0,0,0,0,0,0
54.0,2,0,0,0,16920,0,0,0,0,0,0,0,0,0
54.0,3,0,0,0,17508,0,0,0,0,0,0,0,0,0
54.0,4,0,0,0,28117,0,0,0,0,0,0,0,0,0
54.0,5,0,0,0,72411,0,0,0,0,0,0,0,0,0
54.0,6,0,0,0,78817,0,0,0,0,0,0,0,0,0
54.0,7,0,0,0,79581,0,0,0,0,0,0,0,0,0
54.0,8,0,0,0,83499,0,0,0,0,0,0,0,0,0
54.0,9,0,0,0,95171,0,0,0,0,0,0,0,0,0
54.0,10,0,0,0,90929,0,0,0,0,0,0,0,0,0
54.0,11,0,0,0,78990,0,0,0,0,0,0,0,0,0
54.0,12,0,0,0,69507,0,0,0,0,0,0,0,0,0
54.0,13,0,0,0,70525,0,0,0,0,0,0,0,0,0
54.0,14,0,0,0,55454,0,0,0,0,0,0,0,0,0
54.0,15,0,0,0,46134,0,0,0,0,0,0,0,0,0
54.0,16,0,0,0,39953,0,0,0,0,0,0,0,0,0
54.0,17,0,0,0,57834,0,0,0,0,0,0,0,0,0
55.0,1,0,0,0,18650,0,0,0,0,0,0,0,0,0
55.0,2,0,0,0,16920,0,0,0,0,0,0,0,0,0
55.0,3,0,0,0,17508,0,0,0,0,0,0,0,0,0
55.0,4,0,0,0,28117,0,0,0,0,0,0,0,0,0
55.0,5,0,0,0,72411,0,0,0,0,0,0,0,0,0
55.0,6,0,0,0,78817,0,0,0,0,0,0,0,0,0
55.0,7,0,0,0,79581,0,0,0,0,0,0,0,0,0
55.0,8,0,0,0,83499,0,0,0,0,0,0,0,0,0
55.0,9,0,0,0,95171,0,0,0,0,0,0,0,0,0
55.0,10,0,0,0,90929,0,0,0,0,0,0,0,0,0
55.0,11,0,0,0,78990,0,0,0,0,0,0,0,0,0
55.0,12,0,0,0,69507,0,0,0,0,0,0,0,0,0
55.0,13,0,0,0,70525,0,0,0,0,0,0,0,0,0
55.0,14,0,0,0,55454,0,0,0,0,0,0,0,0,0
55.0,15,0,0,0,46134,0,0,0,0,0,0,0,0,0
55.0,16,0,0,0,39953,0,0,0,0,0,0,0,0,0
55.0,17,0,0,0,57834,0,0,0,0,0,0,0,0,0
56.0,1,0,0,0,18650,0,0,0,0,0,0,0,0,0
56.0,2,0,0,0,16920,0,0,0,0,0,0,0,0,0
56.0,3,0,0,0,17508,0,0,0,0,0,0,0,0,0
56.0,4,0,0,0,28117,0,0,0,0,0,0,0,0,0
56.0,5,0,0,0,72411,0,0,0,0,0,0,0,0,0
56.0,6,0,0,0,78817,0,0,0,0,0,0,0,0,0
56.0,7,0,0,0,79581,0,0,0,0,0,0,0,0,0
56.0,8,0,0,0,83499,0,0,0,0,0,0,0,0,0
56.0,9,0,0,0,95171,0,0,0,0,0,0,0,0,0
56.0,10,0,0,0,90929,0,0,0,0,0,0,0,0,0
56.0,11,0,0,0,78990,0,0,0,0,0,0,0,0,0
56.0,12,0,0,0,69507,0,0,0,0,0,0,0,0,0
56.0,13,0,0,0,70525,0,0,0,0,0,0,0,0,0
56.0,14,0,0,0,55454,0,0,0,0,0,0,0,0,0
56.0,15,0,0,0,46134,0,0,0,0,0,0,0,0,0
56.0,16,0,0,0,39953,0,0,0,0,0,0,0,0,0
56.0,17,0,0,0,57834,0,0,0,0,0,0,0,0,0
57.0,1,0,0,0,18650,0,0,0,0,0,0,0,0,0
57.0,2,0,0,0,16920,0,0,0,0,0,0,0,0,0
57.0,3,0,0,0,17508,0,0,0,0,0,0,0,0,0
57.0,4,0,0,0,28117,0,0,0,0,0,0,0,0,0
57.0,5,0,0,0,72411,0,0,0,0,0,0,0,0,0
57.0,6,0,0,0,78817,0,0,0,0,0,0,0,0,0
57.0,7,0,0,0,79581,0,0,0,0,0,0,0,0,0
57.0,8,0,0,0,83499,0,0,0,0,0,0,0,0,0
57.0,9,0,0,0,95171,0,0,0,0,0,0,0,0,0
57.0,10,0,0,0,90929,0,0,0,0,0,0,0,0,0
57.0,11,0,0,0,78990,0,0,0,0,0,0,0,0,0
57.0,12,0,0,0,69507,0,0,0,0,0,0,0,0,0
57.0,13,0,0,0,70525,0,0,0,0,0,0,0,0,0
57.0,14,0,0,0,55454,0,0,0,0,0,0,0,0,0
57.0,15,0,0,0,46134,0,0,0,0,0,0,0,0,0
57.0,16,0,0,0,39953,0,0,0,0,0,0,0,0,0
57.0,17,0,0,0,57834,0,0,0,0,0,0,0,0,0
58.0,1,0,0,0,18650,0,0,0,0,0,0,0,0,0
58.0,2,0,0,0,16920,0,0,0,0,0,0,0,0,0
58.0,3,0,0,0,17508,0,0,0,0,0,0,0,0,0
58.0,4,0,0,0,28117,0,0,0,0,0,0,0,0,0
58.0,5,0,0,0,72411,0,0,0,0,0,0,0,0,0
58.0,6,0,0,0,78817,0,0,0,0,0,0,0,0,0
58.0,7,0,0,0,79581,0,0,0,0,0,0,0,0,0
58.0,8,0,0,0,83499,0,0,0,0,0,0,0,0,0
58.0,9,0,0,0,95171,0,0,0,0,0,0,0,0,0
58.0,10,0,0,0,90929,0,0,0,0,0,0,0,0,0
58.0,11,0,0,0,78990,0,0,0,0,0,0,0,0,0
58.0,12,0,0,0,69507,0,0,0,0,0,0,0,0,0
58.0,13,0,0,0,70525,0,0,0,0,0,0,0,0,0
58.0,14,0,0,0,55454,0,0,0,0,0,0,0,0,0
58.0,15,0,0,0,46134,0,0,0,0,0,0,0,0,0
58.0,16,0,0,0,39953,0,0,0,0,0,0,0,0,0
58.0,17,0,0,0,57834,0,0,0,0,0,0,0,0,0
59.0,1,0,0,0,18650,0,0,0,0,0,0,0,0,0
59.0,2,0,0,0,16920,0,0,0,0,0,0,0,0,0
59.0,3,0,0,0,17508,0,0,0,0,0,0,0,0,0
59.0,4,0,0,0,28117,0,0,0,0,0,0,0,0,0
59.0,5,0,0,0,72411,0,0,0,0,0,0,0,0,0
59.0,6,0,0,0,78817,0,0,0,0,0,0,0,0,0
59.0,7,0,0,0,79581,0,0,0,0,0,0,0,0,0
59.0,8,0,0,0,83499,0,0,0,0,0,0,0,0,0
59.0,9,0,0,0,95171,0,0,0,0,0,0,0,0,0
59.0,10,0,0,0,90929,0,0,0,0,0,0,0,0,0
59.0,11,0,0,0,78990,0,0,0,0,0,0,0,0,0
59.0,12,0,0,0,69507,0,0,0,0,0,0,0,0,0
59.0,13,0,0,0,70525,0,0,0,0,0,0,0,0,0
59.0,14,0,0,0,55454,0,0,0,0,0,0,0,0,0
59.0,15,0,0,0,46134,0,0,0,0,0,0,0,0,0
59.0,16,0,0,0,39953,0,0,0,0,0,0,0,0,0
59.0,17,0,0,0,57834,0,0,0,0,0,0,0,0,0
60.0,1,0,0,0,18650,0,0,0,0,0,0,0,0,0
60.0,2,0,0,0,16920,0,0,0,0,0,0,0,0,0
60.0,3,0,0,0,17508,0,0,0,0,0,0,0,0,0
60.0,4,0,0,0,28117,0,0,0,0,0,0,0,0,0
60.0,5,0,0,0,72411,0,0,0,0,0,0,0,0,0
60.0,6,0,0,0,78817,0,0,0,0,0,0,0,0,0
60.0,7,0,0,0,79581,0,0,0,0,0,0,0,0,0
60.0,8,0,0,0,83499,0,0,0,0,0,0,0,0,0
60.0,9,0,0,0,95171,0,0,0,0,0,0,0,0,0
60.0,10,0,0,0,90929,0,0,0,0,0,0,0,0,0
60.0,11,0,0,0,78990,0,0,0,0,0,0,0,0,0
60.0,12,0,0,0,69507,0,0,0,0,0,0,0,0,0
60.0,13,0,0,0,70525,0,0,0,0,0,0,0,0,0
60.0,14,0,0,0,55454,0,0,0,0,0,0,0,0,0
60.0,15,0,0,0,46134,0,0,0,0,0,0,0,0,0
60.0,16,0,0,0,39953,0,0,0,0,0,0,0,0,0
60.0,17,0,0,0,57834,0,0,0,0,0,0,0,0,0
61.0,1,0,0,0,18650,0,0,0,0,0,0,0,0,0
61.0,2,0,0,0,16920,0,0,0,0,0,0,0,0,0
61.0,3,0,0,0,17508,0,0,0,0,0,0,0,0,0
61.0,4,0,0,0,28117,0,0,0,0,0,0,0,0,0
61.0,5,0,0,0,72411,0,0,0,0,0,0,0,0,0
61.0,6,0,0,0,78817,0,0,0,0,0,0,0,0,0
61.0,7,0,0,0,79581,0,0,0,0,0,0,0,0,0
61.0,8,0,0,0,83499,0,0,0,0,0,0,0,0,0
61.0,9,0,0,0,95171,0,0,0,0,0,0,0,0,0
61.0,10,0,0,0,90929,0,0,0,0,0,0,0,0,0
61.0,11,0,0,0,78990,0,0,0,0,0,0,0,0,0
61.0,12,0,0,0,69507,0,0,0,0,0,0,0,0,0
61.0,13,0,0,0,70525,0,0,0,0,0,0,0,0,0
61.0,14,0,0,0,55454,0,0,0,0,0,0,0,0,0
61.0,15,0,0,0,46134,0,0,0,0,0,0,0,0,0
61.0,16,0,0,0,39953,0,0,0,0,0,0,0,0,0
61.0,17,0,0,0,57834,0,0,0,0,0,0,0,0,0
62.0,1,0,0,0,18650,0,0,0,0,0,0,0,0,0
62.0,2,0,0,0,16920,0,0,0,0,0,0,0,0,0
62.0,3,0,0,0,17508,0,0,0,0,0,0,0,0,0
62.0,4,0,0,0,28117,0,0,0,0,0,0,0,0,0
62.0,5,0,0,0,72411,0,0,0,0,0,0,0,0,0
62.0,6,0,0,0,78817,0,0,0,0,0,0,0,0,0
62.0,7,0,0,0,79581,0,0,0,0,0,0,0,0,0
62.0,8,0,0,0,83499,0,0,0,0,0,0,0,0,0
62.0,9,0,0,0,95171,0,0,0,0,0,0,0,0,0
62.0,10,0,0,0,90929,0,0,0,0,0,0,0,0,0
62.0,11,0,0,0,78990,0,0,0,0,0,0,0,0,0
62.0,12,0,0,0,69507,0,0,0,0,0,0,0,0,0
62.0,13,0,0,0,70525,0,0,0,0,0,0,0,0,0
62.0,14,0,0,0,55454,0,0,0,0,0,0,0,0,0
62.0,15,0,0,0,46134,0,0,0,0,0,0,0,0,0
62.0,16,0,0,0,39953,0,0,0,0,0,0,0,0,0
62.0,17,0,0,0,57834,0,0,0,0,0,0,0,0,0
63.0,1,0,0,0,18650,0,0,0,0,0,0,0,0,0
63.0,2,0,0,0,16920,0,0,0,0,0,0,0,0,0
63.0,3,0,0,0,17508,0,0,0,0,0,0,0,0,0
63.0,4,0,0,0,28117,0,0,0,0,0,0,0,0,0
63.0,5,0,0,0,72411,0,0,0,0,0,0,0,0,0
63.0,6,0,0,0,78817,0,0,0,0,0,0,0,0,0
63.0,7,0,0,0,79581,0,0,0,0,0,0,0,0,0
63.0,8,0,0,0,83499,0,0,0,0,0,0,0,0,0
63.0,9,0,0,0,95171,0,0,0,0,0,0,0,0,0
63.0,10,0,0,0,90929,0,0,0,0,0,0,0,0,0
63.0,11,0,0,0,78990,0,0,0,0,0,0,0,0,0
63.0,12,0,0,0,69507,0,0,0,0,0,0,0,0,0
63.0,13,0,0,0,70525,0,0,0,0,0,0,0,0,0
63.0,14,0,0,0,55454,0,0,0,0,0,0,0,0,0
63.0,15,0,0,0,46134,0,0,0,0,0,0,0,0,0
63.0,16,0,0,0,39953,0,0,0,0,0,0,0,0,0
63.0,17,0,0,0,57834,0,0,0,0,0,0,0,0,0
64.0,1,0,0,0,18650,0,0,0,0,0,0,0,0,0
64.0,2,0,0,0,16920,0,0,0,0,0,0,0,0,0
64.0,3,0,0,0,17508,0,0,0,0,0,0,0,0,0
64.0,4,0,0,0,28117,0,0,0,0,0,0,0,0,0
64.0,5,0,0,0,72411,0,0,0,0,0,0,0,0,0
64.0,6,0,0,0,78817,0,0,0,0,0,0,0,0,0
64.0,7,0,0,0,79581,0,0,0,0,0,0,0,0,0
64.0,8,0,0,0,83499,0,0,0,0,0,0,0,0,0
64.0,9,0,0,0,95171,0,0,0,0,0,0,0,0,0
64.0,10,0,0,0,90929,0,0,0,0,0,0,0,0,0
64.0,11,0,0,0,78990,0,0,0,0,0,0,0,0,0
64.0,12,0,0,0,69507,0,0,0,0,0,0,0,0,0
64.0,13,0,0,0,70525,0,0,0,0,0,0,0,0,0
64.0,14,0,0,0,55454,0,0,0,0,0,0,0,0,0
64.0,15,0,0,0,46134,0,0,0,0,0,0,0,0,0
64.0,16,0,0,0,39953,0,0,0,0,0,0,0,0,0
64.0,17,0,0,0,57834,0,0,0,0,0,0,0,0,0
65.0,1,0,0,0,18650,0,0,0,0,0,0,0,0,0
65.0,2,0,0,0,16920,0,0,0,0,0,0,0,0,0
65.0,3,0,0,0,17508,0,0,0,0,0,0,0,0,0
65.0,4,0,0,0,28117,0,0,0,0,0,0,0,0,0
65.0,5,0,0,0,72411,0,0,0,0,0,0,0,0,0
65.0,6,0,0,0,78817,0,0,0,0,0,0,0,0,0
65.0,7,0,0,0,79581,0,0,0,0,0,0,0,0,0
65.0,8,0,0,0,83499,0,0,0,0,0,0,0,0,0
65.0,9,0,0,0,95171,0,0,0,0,0,0,0,0,0
65.0,10,0,0,0,90929,0,0,0,0,0,0,0,0,0
65.0,11,0,0,0,78990,0,0,0,0,0,0,0,0,0
65.0,12,0,0,0,69507,0,0,0,0,0,0,0,0,0
65.0,13,0,0,0,70525,0,0,0,0,0,0,0,0,0
65.0,14,0,0,0,55454,0,0,0,0,0,0,0,0,0
65.0,15,0,0,0,46134,0,0,0,0,0,0,0,0,0
65.0,16,0,0,0,39953,0,0,0,0,0,0,0,0,0
65.0,17,0,0,0,57834,0,0,0,0,0,0,0,0,0
66.0,1,0,0,0,18650,0,0,0,0,0,0,0,0,0
66.0,2,0,0,0,16920,0,0,0,0,0,0,0,0,0
66.0,3,0,0,0,17508,0,0,0,0,0,0,0,0,0
66.0,4,0,0,0,28117,0,0,0,0,0,0,0,0,0
66.0,5,0,0,0,72411,0,0,0,0,0,0,0,0,0
66.0,6,0,0,0,78817,0,0,0,0,0,0,0,0,0
66.0,7,0,0,0,79581,0,0,0,0,0,0,0,0,0
66.0,8,0,0,0,83499,0,0,0,0,0,0,0,0,0
66.0,9,0,0,0,95171,0,0,0,0,0,0,0,0,0
66.0,10,0,0,0,90929,0,0,0,0,0,0,0,0,0
66.0,11,0,0,0,78990,0,0,0,0,0,0,0,0,0
66.0,12,0,0,0,69507,0,0,0,0,0,0,0,0,0
66.0,13,0,0,0,70525,0,0,0,0,0,0,0,0,0
66.0,14,0,0,0,55454,0,0,0,0,0,0,0,0,0
66.0,15,0,0,0,46134,0,0,0,0,0,0,0,0,0
66.0,16,0,0,0,39953,0,0,0,0,0,0,0,0,0
66.0,17,0,0,0,57834,0,0,0,0,0,0,0,0,0
67.0,1,0,0,0,18650,0,0,0,0,0,0,0,0,0
67.0,2,0,0,0,16920,0,0,0,0,0,0,0,0,0
67.0,3,0,0,0,17508,0,0,0,0,0,0,0,0,0
67.0,4,0,0,0,28117,0,0,0,0,0,0,0,0,0
67.0,5,0,0,0,72411,0,0,0,0,0,0,0,0,0
67.0,6,0,0,0,78817,0,0,0,0,0,0,0,0,0
67.0,7,0,0,0,79581,0,0,0,0,0,0,0,0,0
67.0,8,0,0,0,83499,0,0,0,0,0,0,0,0,0
67.0,9,0,0,0,95171,0,0,0,0,0,0,0,0,0
67.0,10,0,0,0,90929,0,0,0,0,0,0,0,0,0
67.0,11,0,0,0,78990,0,0,0,0,0,0,0,0,0
67.0,12,0,0,0,69507,0,0,0,0,0,0,0,0,0
67.0,13,0,0,0,70525,0,0,0,0,0,0,0,0,0
67.0,14,0,0,0,55454,0,0,0,0,0,0,0,0,0
67.0,15,0,0,0,46134,0,0,0,0,0,0,0,0,0
67.0,16,0,0,0,39953,0,0,0,0,0,0,0,0,0
67.0,17,0,0,0,57834,0,0,0,0,0,0,0,0,0
68.0,1,0,0,0,18650,0,0,0,0,0,0,0,0,0
68.0,2,0,0,0,16920,0,0,0,0,0,0,0,0,0
68.0,3,0,0,0,17508,0,0,0,0,0,0,0,0,0
68.0,4,0,0,0,28117,0,0,0,0,0,0,0,0,0
68.0,5,0,0,0,72411,0,0,0,0,0,0,0,0,0
68.0,6,0,0,0,78817,0,0,0,0,0,0,0,0,0
68.0,7,0,0,0,79581,0,0,0,0,0,0,0,0,0
68.0,8,0,0,0,83499,0,0,0,0,0,0,0,0,0
68.0,9,0,0,0,95171,0,0,0,0,0,0,0,0,0
68.0,10,0,0,0,90929,0,0,0,0,0,0,0,0,0
68.0,11,0,0,0,78990,0,0,0,0,0,0,0,0,0
68.0,12,0,0,0,69507,0,0,0,0,0,0,0,0,0
68.0,13,0,0,0,70525,0,0,0,0,0,0,0,0,0
68.0,14,0,0,0,55454,0,0,0,0,0,0,0,0,0
68.0,15,0,0,0,46134,0,0,0,0,0,0,0,0,0
68.0,16,0,0,0,39953,0,0,0,0,0,0,0,0,0
68.0,17,0,0,0,57834,0,0,0,0,0,0,0,0,0
69.0,1,0,0,0,18650,0,0,0,0,0,0,0,0,0
69.0,2,0,0,0,16920,0,0,0,0,0,0,0,0,0
69.0,3,0,0,0,17508,0,0,0,0,0,0,0,0,0
69.0,4,0,0,0,28117,0,0,0,0,0,0,0,0,0
69.0,5,0,0,0,72411,0,0,0,0,0,0,0,0,0
69.0,6,0,0,0,78817,0,0,0,0,0,0,0,0,0
69.0,7,0,0,0,79581,0,0,0,0,0,0,0,0,0
69.0,8,0,0,0,83499,0,0,0,0,0,0,0,0,0
69.0,9,0,0,0,95171,0,0,0,0,0,0,0,0,0
69.0,10,0,0,0,90929,0,0,0,0,0,0,0,0,0
69.0,11,0,0,0,78990,0,0,0,0,0,0,0,0,0
69.0,12,0,0,0,69507,0,0,0,0,0,0,0,0,0
69.0,13,0,0,0,70525,0,0,0,0,0,0,0,0,0
69.0,14,0,0,0,55454,0,0,0,0,0,0,0,0,0
69.0,15,0,0,0,46134,0,0,0,0,0,0,0,0,0
69.0,16,0,0,0,39953,0,0,0,0,0,0,0,0,0
69.0,17,0,0,0,57834,0,0,0,0,0,0,0,0,0
70.0,1,0,0,0,18650,0,0,0,0,0,0,0,0,0
70.0,2,0,0,0,16920,0,0,0,0,0,0,0,0,0
70.0,3,0,0,0,17508,0,0,0,0,0,0,0,0,0
70.0,4,0,0,0,28117,0,0,0,0,0,0,0,0,0
70.0,5,0,0,0,72411,0,0,0,0,0,0,0,0,0
70.0,6,0,0,0,78817,0,0,0,0,0,0,0,0,0
70.0,7,0,0,0,79581,0,0,0,0,0,0,0,0,0
70.0,8,0,0,0,83499,0,0,0,0,0,0,0,0,0
70.0,9,0,0,0,95171,0,0,0,0,0,0,0,0,0
70.0,10,0,0,0,90929,0,0,0,0,0,0,0,0,0
70.0,11,0,0,0,78990,0,0,0,0,0,0,0,0,0
70.0,12,0,0,0,69507,0,0,0,0,0,0,0,0,0
70.0,13,0,0,0,70525,0,0,0,0,0,0,0,0,0
70.0,14,0,0,0,55454,0,0,0,0,0,0,0,0,0
70.0,15,0,0,0,46134,0,0,0,0,0,0,0,0,0
70.0,16,0,0,0,39953,0,0,0,0,0,0,0,0,0
70.0,17,0,0,0,57834,0,0,0,0,0,0,0,0,0
71.0,1,0,0,0,18650,0,0,0,0,0,0,0,0,0
71.0,2,0,0,0,16920,0,0,0,0,0,0,0,0,0
71.0,3,0,0,0,17508,0,0,0,0,0,0,0,0,0
71.0,4,0,0,0,28117,0,0,0,0,0,0,0,0,0
71.0,5,0,0,0,72411,0,0,0,0,0,0,0,0,0
71.0,6,0,0,0,78817,0,0,0,0,0,0,0,0,0
71.0,7,0,0,0,79581,0,0,0,0,0,0,0,0,0
71.0,8,0,0,0,83499,0,0,0,0,0,0,0,0,0
71.0,9,0,0,0,95171,0,0,0,0,0,0,0,0,0
71.0,10,0,0,0,90929,0,0,0,0,0,0,0,0,0
71.0,11,0,0,0,78990,0,0,0,0,0,0,0,0,0
71.0,12,0,0,0,69507,0,0,0,0,0,0,0,0,0
71.0,13,0,0,0,70525,0,0,0,0,0,0,0,0,0
71.0,14,0,0,0,55454,0,0,0,0,0,0,0,0,0
71.0,15,0,0,0,46134,0,0,0,0,0,0,0,0,0
71.0,16,0,0,0,39953,0,0,0,0,0,0,0,0,0
71.0,17,0,0,0,57834,0,0,0,0,0,0,0,0,0
72.0,1,0,0,0,18650,0,0,0,0,0,0,0,0,0
72.0,2,0,0,0,16920,0,0,0,0,0,0,0,0,0
72.0,3,0,0,0,17508,0,0,0,0,0,0,0,0,0
72.0,4,0,0,0,28117,0,0,0,0,0,0,0,0,0
72.0,5,0,0,0,72411,0,0,0,0,0,0,0,0,0
72.0,6,0,0,0,78817,0,0,0,0,0,0,0,0,0
72.0,7,0,0,0,79581,0,0,0,0,0,0,0,0,0
72.0,8,0,0,0,83499,0,0,0,0,0,0,0,0,0
72.0,9,0,0,0,95171,0,0,0,0,0,0,0,0,0
72.0,10,0,0,0,90929,0,0,0,0,0,0,0,0,0
72.0,11,0,0,0,78990,0,0,0,0,0,0,0,0,0
72.0,12,0,0,0,69507,0,0,0,0,0,0,0,0,0
72.0,13,0,0,0,70525,0,0,0,0,0,0,0,0,0
72.0,14,0,0,0,55454,0,0,0,0,0,0,0,0,0
72.0,15,0,0,0,46134,0,0,0,0,0,0,0,0,0
72.0,16,0,0,0,39953,0,0,0,0,0,0,0,0,0
72.0,17,0,0,0,57834,0,0,0,0,0,0,0,0,0
73.0,1,0,0,0,18650,0,0,0,0,0,0,0,0,0
73.0,2,0,0,0,16920,0,0,0,0,0,0,0,0,0
73.0,3,0,0,0,17508,0,0,0,0,0,0,0,0,0
73.0,4,0,0,0,28117,0,0,0,0,0,0,0,0,0
73.0,5,0,0,0,72411,0,0,0,0,0,0,0,0,0
73.0,6,0,0,0,78817,0,0,0,0,0,0,0,0,0
73.0,7,0,0,0,79581,0,0,0,0,0,0,0,0,0
73.0,8,0,0,0,83499,0,0,0,0,0,0,0,0,0
73.0,9,0,0,0,95171,0,0,0,0,0,0,0,0,0
73.0,10,0,0,0,90929,0,0,0,0,0,0,0,0,0
73.0,11,0,0,0,78990,0,0,0,0,0,0,0,0,0
73.0,12,0,0,0,69507,0,0,0,0,0,0,0,0,0
73.0,13,0,0,0,70525,0,0,0,0,0,0,0,0,0
73.0,14,0,0,0,55454,0,0,0,0,0,0,0,0,0
73.0,15,0,0,0,46134,0,0,0,0,0,0,0,0,0
73.0,16,0,0,0,39953,0,0,0,0,0,0,0,0,0
73.0,17,0,0,0,57834,0,0,0,0,0,0,0,0,0
74.0,1,0,0,0,18650,0,0,0,0,0,0,0,0,0
74.0,2,0,0,0,16920,0,0,0,0,0,0,0,0,0
74.0,3,0,0,0,17508,0,0,0,0,0,0,0,0,0
74.0,4,0,0,0,28117,0,0,0,0,0,0,0,0,0
74.0,5,0,0,0,72411,0,0,0,0,0,0,0,0,0
74.0,6,0,0,0,78817,0,0,0,0,0,0,0,0,0
74.0,7,0,0,0,79581,0,0,0,0,0,0,0,0,0
74.0,8,0,0,0,83499,0,0,0,0,0,0,0,0,0
74.0,9,0,0,0,95171,0,0,0,0,0,0,0,0,0
74.0,10,0,0,0,90929,0,0,0,0,0,0,0,0,0
74.0,11,0,0,0,78990,0,0,0,0,0,0,0,0,0
74.0,12,0,0,0,69507,0,0,0,0,0,0,0,0,0
74.0,13,0,0,0,70525,0,0,0,0,0,0,0,0,0
74.0,14,0,0,0,55454,0,0,0,0,0,0,0,0,0
74.0,15,0,0,0,46134,0,0,0,0,0,0,0,0,0
74.0,16,0,0,0,39953,0,0,0,0,0,0,0,0,0
74.0,17,0,0,0,57834,0,0,0,0,0,0,0,0,0
75.0,1,0,0,0,18650,0,0,0,0,0,0,0,0,0
75.0,2,0,0,0,16920,0,0,0,0,0,0,0,0,0
75.0,3,0,0,0,17508,0,0,0,0,0,0,0,0,0
75.0,4,0,0,0,28117,0,0,0,0,0,0,0,0,0
75.0,5,0,0,0,72411,0,0,0,0,0,0,0,0,0
75.0,6,0,0,0,78817,0,0,0,0,0,0,0,0,0
75.0,7,0,0,0,79581,0,0,0,0,0,0,0,0,0
75.0,8,0,0,0,83499,0,0,0,0,0,0,0,0,0
75.0,9,0,0,0,95171,0,0,0,0,0,0,0,0,0
75.0,10,0,0,0,90929,0,0,0,0,0,0,0,0,0
75.0,11,0,0,0,78990,0,0,0,0,0,0,0,0,0
75.0,12,0,0,0,69507,0,0,0,0,0,0,0,0,0
75.0,13,0,0,0,70525,0,0,0,0,0,0,0,0,0
75.0,14,0,0,0,55454,0,0,0,0,0,0,0,0,0
75.0,15,0,0,0,46134,0,0,0,0,0,0,0,0,0
75.0,16,0,0,0,39953,0,0,0,0,0,0,0,0,0
75.0,17,0,0,0,57834,0,0,0,0,0,0,0,0,0
76.0,1,0,0,0,18650,0,0,0,0,0,0,0,0,0
76.0,2,0,0,0,16920,0,0,0,0,0,0,0,0,0
76.0,3,0,0,0,17508,0,0,0,0,0,0,0,0,0
76.0,4,0,0,0,28117,0,0,0,0,0,0,0,0,0
76.0,5,0,0,0,72411,0,0,0,0,0,0,0,0,0
76.0,6,0,0,0,78817,0,0,0,0,0,0,0,0,0
76.0,7,0,0,0,79581,0,0,0,0,0,0,0,0,0
76.0,8,0,0,0,83499,0,0,0,0,0,0,0,0,0
76.0,9,0,0,0,95171,0,0,0,0,0,0,0,0,0
76.0,10,0,0,0,90929,0,0,0,0,0,0,0,0,0
76.0,11,0,0,0,78990,0,0,0,0,0,0,0,0,0
76.0,12,0,0,0,69507,0,0,0,0,0,0,0,0,0
76.0,13,0,0,0,70525,0,0,0,0,0,0,0,0,0
76.0,14,0,0,0,55454,0,0,0,0,0,0,0,0,0
76.0,15,0,0,0,46134,0,0,0,0,0,0,0,0,0
76.0,16,0,0,0,39953,0,0,0,0,0,0,0,0,0
76.0,17,0,0,0,57834,0,0,0,0,0,0,0,0,0
77.0,1,0,0,0,18650,0,0,0,0,0,0,0,0,0
77.0,2,0,0,0,16920,0,0,0,0,0,0,0,0,0
77.0,3,0,0,0,17508,0,0,0,0,0,0,0,0,0
77.0,4,0,0,0,28117,0,0,0,0,0,0,0,0,0
77.0,5,0,0,0,72411,0,0,0,0,0,0,0,0,0
77.0,6,0,0,0,78817,0,0,0,0,0,0,0,0,0
77.0,7,0,0,0,79581,0,0,0,0,0,0,0,0,0
77.0,8,0,0,0,83499,0,0,0,0,0,0,0,0,0
77.0,9,0,0,0,95171,0,0,0,0,0,0,0,0,0
77.0,10,0,0,0,90929,0,0,0,0,0,0,0,0,0
77.0,11,0,0,0,78990,0,0,0,0,0,0,0,0,0
77.0,12,0,0,0,69507,0,0,0,0,0,0,0,0,0
77.0,13,0,0,0,70525,0,0,0,0,0,0,0,0,0
77.0,14,0,0,0,55454,0,0,0,0,0,0,0,0,0
77.0,15,0,0,0,46134,0,0,0,0,0,0,0,0,0
77.0,16,0,0,0,39953,0,0,0,0,0,0,0,0,0
77.0,17,0,0,0,57834,0,0,0,0,0,0,0,0,0
78.0,1,0,0,0,18650,0,0,0,0,0,0,0,0,0
78.0,2,0,0,0,16920,0,0,0,0,0,0,0,0,0
78.0,3,0,0,0,17508,0,0,0,0,0,0,0,0,0
78.0,4,0,0,0,28117,0,0,0,0,0,0,0,0,0
78.0,5,0,0,0,72411,0,0,0,0,0,0,0,0,0
78.0,6,0,0,0,78817,0,0,0,0,0,0,0,0,0
78.0,7,0,0,0,79581,0,0,0,0,0,0,0,0,0
78.0,8,0,0,0,83499,0,0,0,0,0,0,0,0,0
78.0,9,0,0,0,95171,0,0,0,0,0,0,0,0,0
78.0,10,0,0,0,90929,0,0,0,0,0,0,0,0,0
78.0,11,0,0,0,78990,0,0,0,0,0,0,0,0,0
78.0,12,0,0,0,69507,0,0,0,0,0,0,0,0,0
78.0,13,0,0,0,70525,0,0,0,0,0,0,0,0,0
78.0,14,0,0,0,55454,0,0,0,0,0,0,0,0,0
78.0,15,0,0,0,46134,0,0,0,0,0,0,0,0,0
78.0,16,0,0,0,39953,0,0,0,0,0,0,0,0,0
78.0,17,0,0,0,57834,0,0,0,0,0,0,0,0,0
79.0,1,0,0,0,18650,0,0,0,0,0,0,0,0,0
79.0,2,0,0,0,16920,0,0,0,0,0,0,0,0,0
79.0,3,0,0,0,17508,0,0,0,0,0,0,0,0,0
79.0,4,0,0,0,28117,0,0,0,0,0,0,0,0,0
79.0,5,0,0,0,72411,0,0,0,0,0,0,0,0,0
79.0,6,0,0,0,78817,0,0,0,0,0,0,0,0,0
79.0,7,0,0,0,79581,0,0,0,0,0,0,0,0,0
79.0,8,0,0,0,83499,0,0,0,0,0,0,0,0,0
79.0,9,0,0,0,95171,0,0,0,0,0,0,0,0,0
79.0,10,0,0,0,90929,0,0,0,0,0,0,0,0,0
79.0,11,0,0,0,78990,0,0,0,0,0,0,0,0,0
79.0,12,0,0,0,69507,0,0,0,0,0,0,0,0,0
79.0,13,0,0,0,70525,0,0,0,0,0,0,0,0,0
79.0,14,0,0,0,55454,0,0,0,0,0,0,0,0,0
79.0,15,0,0,0,46134,0,0,0,0,0,0,0,0,0
79.0,16,0,0,0,39953,0,0,0,0,0,0,0,0,0
79.0,17,0,0,0,57834,0,0,0,0,0,0,0,0,0
80.0,1,0,0,0,18650,0,0,0,0,0,0,0,0,0
80.0,2,0,0,0,16920,0,0,0,0,0,0,0,0,0
80.0,3,0,0,0,17508,0,0,0,0,0,0,0,0,0
80.0,4,0,0,0,28117,0,0,0,0,0,0,0,0,0
80.0,5,0,0,0,72411,0,0,0,0,0,0,0,0,0
80.0,6,0,0,0,78817,0,0,0,0,0,0,0,0,0
80.0,7,0,0,0,79581,0,0,0,0,0,0,0,0,0
80.0,8,0,0,0,83499,0,0,0,0,0,0,0,0,0
80.0,9,0,0,0,95171,0,0,0,0,0,0,0,0,0
80.0,10,0,0,0,90929,0,0,0,0,0,0,0,0,0
80.0,11,0,0,0,78990,0,0,0,0,0,0,0,0,0
80.0,12,0,0,0,69507,0,0,0,0,0,0,0,0,0
80.0,13,0,0,0,70525,0,0,0,0,0,0,0,0,0
80.0,14,0,0,0,55454,0,0,0,0,0,0,0,0,0
80.0,15,0,0,0,46134,0,0,0,0,0,0,0,0,0
80.0,16,0,0,0,39953,0,0,0,0,0,0,0,0,0
80.0,17,0,0,0,57834,0,0,0,0,0,0,0,0,0
81.0,1,0,0,0,18650,0,0,0,0,0,0,0,0,0
81.0,2,0,0,0,16920,0,0,0,0,0,0,0,0,0
81.0,3,0,0,0,17508,0,0,0,0,0,0,0,0,0
81.0,4,0,0,0,28117,0,0,0,0,0,0,0,0,0
81.0,5,0,0,0,72411,0,0,0,0,0,0,0,0,0
81.0,6,0,0,0,78817,0,0,0,0,0,0,0,0,0
81.0,7,0,0,0,79581,0,0,0,0,0,0,0,0,0
81.0,8,0,0,0,83499,0,0,0,0,0,0,0,0,0
81.0,9,0,0,0,95171,0,0,0,0,0,0,0,0,0
81.0,10,0,0,0,90929,0,0,0,0,0,0,0,0,0
81.0,11,0,0,0,78990,0,0,0,0,0,0,0,0,0
81.0,12,0,0,0,69507,0,0,0,0,0,0,0,0,0
81.0,13,0,0,0,70525,0,0,0,0,0,0,0,0,0
81.0,14,0,0,0,55454,0,0,0,0,0,0,0,0,0
81.0,15,0,0,0,46134,0,0,0,0,0,0,0,0,0
81.0,16,0,0,0,39953,0,0,0,0,0,0,0,0,0
81.0,17,0,0,0,57834,0,0,0,0,0,0,0,0,0
82.0,1,0,0,0,18650,0,0,0,0,0,0,0,0,0
82.0,2,0,0,0,16920,0,0,0,0,0,0,0,0,0
82.0,3,0,0,0,17508,0,0,0,0,0,0,0,0,0
82.0,4,0,0,0,28117,0,0,0,0,0,0,0,0,0
82.0,5,0,0,0,72411,0,0,0,0,0,0,0,0,0
82.0,6,0,0,0,78817,0,0,0,0,0,0,0,0,0
82.0,7,0,0,0,79581,0,0,0,0,0,0,0,0,0
82.0,8,0,0,0,83499,0,0,0,0,0,0,0,0,0
82.0,9,0,0,0,95171,0,0,0,0,0,0,0,0,0
82.0,10,0,0,0,90929,0,0,0,0,0,0,0,0,0
82.0,11,0,0,0,78990,0,0,0,0,0,0,0,0,0
82.0,12,0,0,0,69507,0,0,0,0,0,0,0,0,0
82.0,13,0,0,0,70525,0,0,0,0,0,0,0,0,0
82.0,14,0,0,0,55454,0,0,0,0,0,0,0,0,0
82.0,15,0,0,0,46134,0,0,0,0,0,0,0,0,0
82.0,16,0,0,0,39953,0,0,0,0,0,0,0,0,0
82.0,17,0,0,0,57834,0,0,0,0,0,0,0,0,0
83.0,1,0,0,0,18650,0,0,0,0,0,0,0,0,0
83.0,2,0,0,0,16920,0,0,0,0,0,0,0,0,0
83.0,3,0,0,0,17508,0,0,0,0,0,0,0,0,0
83.0,4,0,0,0,28117,0,0,0,0,0,0,0,0,0
83.0,5,0,0,0,72411,0,0,0,0,0,0,0,0,0
83.0,6,0,0,0,78817,0,0,0,0,0,0,0,0,0
83.0,7,0,0,0,79581,0,0,0,0,0,0,0,0,0
83.0,8,0,0,0,83499,0,0,0,0,0,0,0,0,0
83.0,9,0,0,0,95171,0,0,0,0,0,0,0,0,0
83.0,10,0,0,0,90929,0,0,0,0,0,0,0,0,0
83.0,11,0,0,0,78990,0,0,0,0,0,0,0,0,0
83.0,12,0,0,0,69507,0,0,0,0,0,0,0,0,0
83.0,13,0,0,0,70525,0,0,0,0,0,0,0,0,0
83.0,14,0,0,0,55454,0,0,0,0,0,0,0,0,0
83.0,15,0,0,0,46134,0,0,0,0,0,0,0,0,0
83.0,16,0,0,0,39953,0,0,0,0,0,0,0,0,0
83.0,17,0,0,0,57834,0,0,0,0,0,0,0,0,0
84.0,1,0,0,0,18650,0,0,0,0,0,0,0,0,0
84.0,2,0,0,0,16920,0,0,0,0,0,0,0,0,0
84.0,3,0,0,0,17508,0,0,0,0,0,0,0,0,0
84.0,4,0,0,0,28117,0,0,0,0,0,0,0,0,0
84.0,5,0,0,0,72411,0,0,0,0,0,0,0,0,0
84.0,6,0,0,0,78817,0,0,0,0,0,0,0,0,0
84.0,7,0,0,0,79581,0,0,0,0,0,0,0,0,0
84.0,8,0,0,0,83499,0,0,0,0,0,0,0,0,0
84.0,9,0,0,0,95171,0,0,0,0,0,0,0,0,0
84.0,10,0,0,0,90929,0,0,0,0,0,0,0,0,0
84.0,11,0,0,0,78990,0,0,0,0,0,0,0,0,0
84.0,12,0,0,0,69507,0,0,0,0,0,0,0,0,0
84.0,13,0,0,0,70525,0,0,0,0,0,0,0,0,0
84.0,14,0,0,0,55454,0,0,0,0,0,0,0,0,0
84.0,15,0,0,0,46134,0,0,0,0,0,0,0,0,0
84.0,16,0,0,0,39953,0,0,0,0,0,0,0,0,0
84.0,17,0,0,0,57834,0,0,0,0,0,0,0,0,0
85.0,1,0,0,0,18650,0,0,0,0,0,0,0,0,0
85.0,2,0,0,0,16920,0,0,0,0,0,0,0,0,0
85.0,3,0,0,0,17508,0,0,0,0,0,0,0,0,0
85.0,4,0,0,0,28117,0,0,0,0,0,0,0,0,0
85.0,5,0,0,0,72411,0,0,0,0,0,0,0,0,0
85.0,6,0,0,0,78817,0,0,0,0,0,0,0,0,0
85.0,7,0,0,0,79581,0,0,0,0,0,0,0,0,0
85.0,8,0,0,0,83499,0,0,0,0,0,0,0,0,0
85.0,9,0,0,0,95171,0,0,0,0,0,0,0,0,0
85.0,10,0,0,0,90929,0,0,0,0,0,0,0,0,0
85.0,11,0,0,0,78990,0,0,0,0,0,0,0,0,0
85.0,12,0,0,0,69507,0,0,0,0,0,0,0,0,0
85.0,13,0,0,0,70525,0,0,0,0,0,0,0,0,0
85.0,14,0,0,0,55454,0,0,0,0,0,0,0,0,0
85.0,15,0,0,0,46134,0,0,0,0,0,0,0,0,0
85.0,16,0,0,0,39953,0,0,0,0,0,0,0,0,0
85.0,17,0,0,0,57834,0,0,0,0,0,0,0,0,0
86.0,1,0,0,0,18650,0,0,0,0,0,0,0,0,0
86.0,2,0,0,0,16920,0,0,0,0,0,0,0,0,0
86.0,3,0,0,0,17508,0,0,0,0,0,0,0,0,0
86.0,4,0,0,0,28117,0,0,0,0,0,0,0,0,0
86.0,5,0,0,0,72411,0,0,0,0,0,0,0,0,0
86.0,6,0,0,0,78817,0,0,0,0,0,0,0,0,0
86.0,7,0,0,0,79581,0,0,0,0,0,0,0,0,0
86.0,8,0,0,0,83499,0,0,0,0,0,0,0,0,0
86.0,9,0,0,0,95171,0,0,0,0,0,0,0,0,0
86.0,10,0,0,0,90929,0,0,0,0,0,0,0,0,0
86.0,11,0,0,0,78990,0,0,0,0,0,0,0,0,0
86.0,12,0,0,0,69507,0,0,0,0,0,0,0,0,0
86.0,13,0,0,0,70525,0,0,0,0,0,0,0,0,0
86.0,14,0,0,0,55454,0,0,0,0,0,0,0,0,0
86.0,15,0,0,0,46134,0,0,0,0,0,0,0,0,0
86.0,16,0,0,0,39953,0,0,0,0,0,0,0,0,0
86.0,17,0,0,0,57834,0,0,0,0,0,0,0,0,0
87.0,1,0,0,0,18650,0,0,0,0,0,0,0,0,0
87.0,2,0,0,0,16920,0,0,0,0,0,0,0,0,0
87.0,3,0,0,0,17508,0,0,0,0,0,0,0,0,0
87.0,4,0,0,0,28117,0,0,0,0,0,0,0,0,0
87.0,5,0,0,0,72411,0,0,0,0,0,0,0,0,0
87.0,6,0,0,0,78817,0,0,0,0,0,0,0,0,0
87.0,7,0,0,0,79581,0,0,0,0,0,0,0,0,0
87.0,8,0,0,0,83499,0,0,0,0,0,0,0,0,0
87.0,9,0,0,0,95171,0,0,0,0,0,0,0,0,0
87.0,10,0,0,0,90929,0,0,0,0,0,0,0,0,0
87.0,11,0,0,0,78990,0,0,0,0,0,0,0,0,0
87.0,12,0,0,0,69507,0,0,0,0,0,0,0,0,0
87.0,13,0,0,0,70525,0,0,0,0,0,0,0,0,0
87.0,14,0,0,0,55454,0,0,0,0,0,0,0,0,0
87.0,15,0,0,0,46134,0,0,0,0,0,0,0,0,0
87.0,16,0,0,0,39953,0,0,0,0,0,0,0,0,0
87.0,17,0,0,0,57834,0,0,0,0,0,0,0,0,0
88.0,1,0,0,0,18650,0,0,0,0,0,0,0,0,0
88.0,2,0,0,0,16920,0,0,0,0,0,0,0,0,0
88.0,3,0,0,0,17508,0,0,0,0,0,0,0,0,0
88.0,4,0,0,0,28117,0,0,0,0,0,0,0,0,0
88.0,5,0,0,0,72411,0,0,0,0,0,0,0,0,0
88.0,6,0,0,0,78817,0,0,0,0,0,0,0,0,0
88.0,7,0,0,0,79581,0,0,0,0,0,0,0,0,0
88.0,8,0,0,0,83499,0,0,0,0,0,0,0,0,0
88.0,9,0,0,0,95171,0,0,0,0,0,0,0,0,0
88.0,10,0,0,0,90929,0,0,0,0,0,0,0,0,0
88.0,11,0,0,0,78990,0,0,0,0,0,0,0,0,0
88.0,12,0,0,0,69507,0,0,0,0,0,0,0,0,0
88.0,13,0,0,0,70525,0,0,0,0,0,0,0,0,0
88.0,14,0,0,0,55454,0,0,0,0,0,0,0,0,0
88.0,15,0,0,0,46134,0,0,0,0,0,0,0,0,0
88.0,16,0,0,0,39953,0,0,0,0,0,0,0,0,0
88.0,17,0,0,0,57834,0,0,0,0,0,0,0,0,0
89.0,1,0,0,0,18650,0,0,0,0,0,0,0,0,0
89.0,2,0,0,0,16920,0,0,0,0,0,0,0,0,0
89.0,3,0,0,0,17508,0,0,0,0,0,0,0,0,0
89.0,4,0,0,0,28117,0,0,0,0,0,0,0,0,0
89.0,5,0,0,0,72411,0,0,0,0,0,0,0,0,0
89.0,6,0,0,0,78817,0,0,0,0,0,0,0,0,0
89.0,7,0,0,0,79581,0,0,0,0,0,0,0,0,0
89.0,8,0,0,0,83499,0,0,0,0,0,0,0,0,0
89.0,9,0,0,0,95171,0,0,0,0,0,0,0,0,0
89.0,10,0,0,0,90929,0,0,0,0,0,0,0,0,0
89.0,11,0,0,0,78990,0,0,0,0,0,0,0,0,0
89.0,12,0,0,0,69507,0,0,0,0,0,0,0,0,0
89.0,13,0,0,0,70525,0,0,0,0,0,0,0,0,0
89.0,14,0,0,0,55454,0,0,0,0,0,0,0,0,0
89.0,15,0,0,0,46134,0,0,0,0,0,0,0,0,0
89.0,16,0,0,0,39953,0,0,0,0,0,0,0,0,0
89.0,17,0,0,0,57834,0,0,0,0,0,0,0,0,0
90.0,1,0,0,0,18650,0,0,0,0,0,0,0,0,0
90.0,2,0,0,0,16920,0,0,0,0,0,0,0,0,0
90.0,3,0,0,0,17508,0,0,0,0,0,0,0,0,0
90.0,4,0,0,0,28117,0,0,0,0,0,0,0,0,0
90.0,5,0,0,0,72411,0,0,0,0,0,0,0,0,0
90.0,6,0,0,0,78817,0,0,0,0,0,0,0,0,0
90.0,7,0,0,0,79581,0,0,0,0,0,0,0,0,0
90.0,8,0,0,0,83499,0,0,0,0,0,0,0,0,0
90.0,9,0,0,0,95171,0,0,0,0,0,0,0,0,0
90.0,10,0,0,0,90929,0,0,0,0,0,0,0,0,0
90.0,11,0,0,0,78990,0,0,0,0,0,0,0,0,0
90.0,12,0,0,0,69507,0,0,0,0,0,0,0,0,0
90.0,13,0,0,0,70525,0,0,0,0,0,0,0,0,0
90.0,14,0,0,0,55454,0,0,0,0,0,0,0,0,0
90.0,15,0,0,0,46134,0,0,0,0,0,0,0,0,0
90.0,16,0,0,0,39953,0,0,0,0,0,0,0,0,0
90.0,17,0,0,0,57834,0,0,0,0,0,0,0,0,0
