cell,time,InfectionStatus.Susceptible,InfectionStatus.Exposed,InfectionStatus.InfectASympt,InfectionStatus.InfectMild,InfectionStatus.InfectGP,InfectionStatus.InfectHosp,InfectionStatus.InfectICU,InfectionStatus.InfectICURecov,InfectionStatus.Recovered,InfectionStatus.Dead
8746042359134,0,48,0,0,1,0,0,0,0,0,0
8746011188005,0,52,0,0,0,0,0,0,0,0,0
8746011188203,0,41,0,0,1,0,0,0,0,0,0
8746011191315,0,40,0,0,0,0,0,0,0,0,0
8746011191351,0,34,0,0,0,0,0,0,0,0,0
8746011191390,0,55,0,0,0,0,0,0,0,0,0
8746011191423,0,53,0,0,1,0,0,0,0,0,0
8746011191459,0,58,0,0,0,0,0,0,0,0,0
8746011191495,0,50,0,0,0,0,0,0,0,0,0
8746011191531,0,54,0,0,0,0,0,0,0,0,0
8746011192339,0,50,0,0,0,0,0,0,0,0,0
8746011192375,0,49,0,0,0,0,0,0,0,0,0
8746011192411,0,49,0,0,0,0,0,0,0,0,0
8746011192447,0,43,0,0,1,0,0,0,0,0,0
8746011192486,0,64,0,0,0,0,0,0,0,0,0
8746011192522,0,56,0,0,1,0,0,0,0,0,0
8746011192561,0,48,0,0,0,0,0,0,0,0,0
8746011193363,0,42,0,0,0,0,0,0,0,0,0
8746011193399,0,56,0,0,0,0,0,0,0,0,0
8746011193435,0,53,0,0,0,0,0,0,0,0,0
8746042359134,1,48,0,0,1,0,0,0,0,0,0
8746011188005,1,52,0,0,0,0,0,0,0,0,0
8746011188203,1,41,0,0,1,0,0,0,0,0,0
8746011191315,1,40,0,0,0,0,0,0,0,0,0
8746011191351,1,34,0,0,0,0,0,0,0,0,0
8746011191390,1,55,0,0,0,0,0,0,0,0,0
8746011191423,1,50,0,0,4,0,0,0,0,0,0
8746011191459,1,58,0,0,0,0,0,0,0,0,0
8746011191495,1,50,0,0,0,0,0,0,0,0,0
8746011191531,1,54,0,0,0,0,0,0,0,0,0
8746011192339,1,50,0,0,0,0,0,0,0,0,0
8746011192375,1,49,0,0,0,0,0,0,0,0,0
8746011192411,1,49,0,0,0,0,0,0,0,0,0
8746011192447,1,41,0,0,3,0,0,0,0,0,0
8746011192486,1,64,0,0,0,0,0,0,0,0,0
8746011192522,1,53,0,0,4,0,0,0,0,0,0
8746011192561,1,48,0,0,0,0,0,0,0,0,0
8746011193363,1,42,0,0,0,0,0,0,0,0,0
8746011193399,1,56,0,0,0,0,0,0,0,0,0
8746011193435,1,53,0,0,0,0,0,0,0,0,0
8746042359134,2,46,0,0,3,0,0,0,0,0,0
8746011188005,2,52,0,0,0,0,0,0,0,0,0
8746011188203,2,38,0,0,4,0,0,0,0,0,0
8746011191315,2,40,0,0,0,0,0,0,0,0,0
8746011191351,2,34,0,0,0,0,0,0,0,0,0
8746011191390,2,55,0,0,0,0,0,0,0,0,0
8746011191423,2,46,0,0,7,0,0,0,0,1,0
8746011191459,2,58,0,0,0,0,0,0,0,0,0
8746011191495,2,50,0,0,0,0,0,0,0,0,0
8746011191531,2,54,0,0,0,0,0,0,0,0,0
8746011192339,2,50,0,0,0,0,0,0,0,0,0
8746011192375,2,49,0,0,0,0,0,0,0,0,0
8746011192411,2,49,0,0,0,0,0,0,0,0,0
8746011192447,2,40,0,0,4,0,0,0,0,0,0
8746011192486,2,64,0,0,0,0,0,0,0,0,0
8746011192522,2,45,0,0,11,0,0,0,0,1,0
8746011192561,2,48,0,0,0,0,0,0,0,0,0
8746011193363,2,42,0,0,0,0,0,0,0,0,0
8746011193399,2,56,0,0,0,0,0,0,0,0,0
8746011193435,2,53,0,0,0,0,0,0,0,0,0
8746042359134,3,43,0,0,5,0,0,0,0,1,0
8746011188005,3,52,0,0,0,0,0,0,0,0,0
8746011188203,3,37,0,0,5,0,0,0,0,0,0
8746011191315,3,40,0,0,0,0,0,0,0,0,0
8746011191351,3,34,0,0,0,0,0,0,0,0,0
8746011191390,3,55,0,0,0,0,0,0,0,0,0
8746011191423,3,45,0,0,8,0,0,0,0,1,0
8746011191459,3,58,0,0,0,0,0,0,0,0,0
8746011191495,3,50,0,0,0,0,0,0,0,0,0
8746011191531,3,54,0,0,0,0,0,0,0,0,0
8746011192339,3,50,0,0,0,0,0,0,0,0,0
8746011192375,3,49,0,0,0,0,0,0,0,0,0
8746011192411,3,49,0,0,0,0,0,0,0,0,0
8746011192447,3,34,0,0,10,0,0,0,0,0,0
8746011192486,3,64,0,0,0,0,0,0,0,0,0
8746011192522,3,34,0,0,19,0,0,0,0,4,0
8746011192561,3,48,0,0,0,0,0,0,0,0,0
8746011193363,3,42,0,0,0,0,0,0,0,0,0
8746011193399,3,56,0,0,0,0,0,0,0,0,0
8746011193435,3,53,0,0,0,0,0,0,0,0,0
8746042359134,4,30,0,0,17,0,0,0,0,2,0
8746011188005,4,52,0,0,0,0,0,0,0,0,0
8746011188203,4,24,0,0,16,0,0,0,0,2,0
8746011191315,4,40,0,0,0,0,0,0,0,0,0
8746011191351,4,34,0,0,0,0,0,0,0,0,0
8746011191390,4,55,0,0,0,0,0,0,0,0,0
8746011191423,4,32,0,0,21,0,0,0,0,1,0
8746011191459,4,58,0,0,0,0,0,0,0,0,0
8746011191495,4,50,0,0,0,0,0,0,0,0,0
8746011191531,4,54,0,0,0,0,0,0,0,0,0
8746011192339,4,50,0,0,0,0,0,0,0,0,0
8746011192375,4,49,0,0,0,0,0,0,0,0,0
8746011192411,4,49,0,0,0,0,0,0,0,0,0
8746011192447,4,20,0,0,23,0,0,0,0,1,0
8746011192486,4,64,0,0,0,0,0,0,0,0,0
8746011192522,4,18,0,0,34,0,0,0,0,5,0
8746011192561,4,48,0,0,0,0,0,0,0,0,0
8746011193363,4,42,0,0,0,0,0,0,0,0,0
8746011193399,4,56,0,0,0,0,0,0,0,0,0
8746011193435,4,53,0,0,0,0,0,0,0,0,0
8746042359134,5,18,0,0,27,0,0,0,0,4,0
8746011188005,5,52,0,0,0,0,0,0,0,0,0
8746011188203,5,17,0,0,20,0,0,0,0,5,0
8746011191315,5,40,0,0,0,0,0,0,0,0,0
8746011191351,5,34,0,0,0,0,0,0,0,0,0
8746011191390,5,55,0,0,0,0,0,0,0,0,0
8746011191423,5,28,0,0,22,0,0,0,0,4,0
8746011191459,5,58,0,0,0,0,0,0,0,0,0
8746011191495,5,50,0,0,0,0,0,0,0,0,0
8746011191531,5,54,0,0,0,0,0,0,0,0,0
8746011192339,5,50,0,0,0,0,0,0,0,0,0
8746011192375,5,49,0,0,0,0,0,0,0,0,0
8746011192411,5,49,0,0,0,0,0,0,0,0,0
8746011192447,5,14,0,0,27,0,0,0,0,3,0
8746011192486,5,64,0,0,0,0,0,0,0,0,0
8746011192522,5,2,0,0,50,0,0,0,0,5,0
8746011192561,5,48,0,0,0,0,0,0,0,0,0
8746011193363,5,42,0,0,0,0,0,0,0,0,0
8746011193399,5,56,0,0,0,0,0,0,0,0,0
8746011193435,5,53,0,0,0,0,0,0,0,0,0
8746042359134,6,6,0,0,36,0,0,0,0,7,0
8746011188005,6,52,0,0,0,0,0,0,0,0,0
8746011188203,6,5,0,0,30,0,0,0,0,7,0
8746011191315,6,40,0,0,0,0,0,0,0,0,0
8746011191351,6,34,0,0,0,0,0,0,0,0,0
8746011191390,6,55,0,0,0,0,0,0,0,0,0
8746011191423,6,23,0,0,27,0,0,0,0,4,0
8746011191459,6,58,0,0,0,0,0,0,0,0,0
8746011191495,6,50,0,0,0,0,0,0,0,0,0
8746011191531,6,54,0,0,0,0,0,0,0,0,0
8746011192339,6,50,0,0,0,0,0,0,0,0,0
8746011192375,6,49,0,0,0,0,0,0,0,0,0
8746011192411,6,49,0,0,0,0,0,0,0,0,0
8746011192447,6,7,0,0,30,0,0,0,0,7,0
8746011192486,6,64,0,0,0,0,0,0,0,0,0
8746011192522,6,0,0,0,48,0,0,0,0,9,0
8746011192561,6,48,0,0,0,0,0,0,0,0,0
8746011193363,6,42,0,0,0,0,0,0,0,0,0
8746011193399,6,56,0,0,0,0,0,0,0,0,0
8746011193435,6,53,0,0,0,0,0,0,0,0,0
8746042359134,7,1,0,0,38,0,0,0,0,10,0
8746011188005,7,52,0,0,0,0,0,0,0,0,0
8746011188203,7,3,0,0,26,0,0,0,0,13,0
8746011191315,7,40,0,0,0,0,0,0,0,0,0
8746011191351,7,34,0,0,0,0,0,0,0,0,0
8746011191390,7,55,0,0,0,0,0,0,0,0,0
8746011191423,7,5,0,0,44,0,0,0,0,5,0
8746011191459,7,58,0,0,0,0,0,0,0,0,0
8746011191495,7,50,0,0,0,0,0,0,0,0,0
8746011191531,7,54,0,0,0,0,0,0,0,0,0
8746011192339,7,50,0,0,0,0,0,0,0,0,0
8746011192375,7,49,0,0,0,0,0,0,0,0,0
8746011192411,7,49,0,0,0,0,0,0,0,0,0
8746011192447,7,5,0,0,25,0,0,0,0,14,0
8746011192486,7,64,0,0,0,0,0,0,0,0,0
8746011192522,7,0,0,0,46,0,0,0,0,11,0
8746011192561,7,48,0,0,0,0,0,0,0,0,0
8746011193363,7,42,0,0,0,0,0,0,0,0,0
8746011193399,7,56,0,0,0,0,0,0,0,0,0
8746011193435,7,53,0,0,0,0,0,0,0,0,0
8746042359134,8,0,0,0,35,0,0,0,0,14,0
8746011188005,8,52,0,0,0,0,0,0,0,0,0
8746011188203,8,0,0,0,25,0,0,0,0,17,0
8746011191315,8,40,0,0,0,0,0,0,0,0,0
8746011191351,8,34,0,0,0,0,0,0,0,0,0
8746011191390,8,55,0,0,0,0,0,0,0,0,0
8746011191423,8,3,0,0,37,0,0,0,0,14,0
8746011191459,8,58,0,0,0,0,0,0,0,0,0
8746011191495,8,50,0,0,0,0,0,0,0,0,0
8746011191531,8,54,0,0,0,0,0,0,0,0,0
8746011192339,8,50,0,0,0,0,0,0,0,0,0
8746011192375,8,49,0,0,0,0,0,0,0,0,0
8746011192411,8,49,0,0,0,0,0,0,0,0,0
8746011192447,8,2,0,0,25,0,0,0,0,17,0
8746011192486,8,64,0,0,0,0,0,0,0,0,0
8746011192522,8,0,0,0,40,0,0,0,0,17,0
8746011192561,8,48,0,0,0,0,0,0,0,0,0
8746011193363,8,42,0,0,0,0,0,0,0,0,0
8746011193399,8,56,0,0,0,0,0,0,0,0,0
8746011193435,8,53,0,0,0,0,0,0,0,0,0
8746042359134,9,0,0,0,34,0,0,0,0,15,0
8746011188005,9,52,0,0,0,0,0,0,0,0,0
8746011188203,9,0,0,0,22,0,0,0,0,20,0
8746011191315,9,40,0,0,0,0,0,0,0,0,0
8746011191351,9,34,0,0,0,0,0,0,0,0,0
8746011191390,9,55,0,0,0,0,0,0,0,0,0
8746011191423,9,0,0,0,31,0,0,0,0,23,0
8746011191459,9,58,0,0,0,0,0,0,0,0,0
8746011191495,9,50,0,0,0,0,0,0,0,0,0
8746011191531,9,54,0,0,0,0,0,0,0,0,0
8746011192339,9,50,0,0,0,0,0,0,0,0,0
8746011192375,9,49,0,0,0,0,0,0,0,0,0
8746011192411,9,49,0,0,0,0,0,0,0,0,0
8746011192447,9,0,0,0,23,0,0,0,0,21,0
8746011192486,9,64,0,0,0,0,0,0,0,0,0
8746011192522,9,0,0,0,31,0,0,0,0,26,0
8746011192561,9,48,0,0,0,0,0,0,0,0,0
8746011193363,9,42,0,0,0,0,0,0,0,0,0
8746011193399,9,56,0,0,0,0,0,0,0,0,0
8746011193435,9,53,0,0,0,0,0,0,0,0,0
8746042359134,10,0,0,0,28,0,0,0,0,21,0
8746011188005,10,52,0,0,0,0,0,0,0,0,0
8746011188203,10,0,0,0,20,0,0,0,0,22,0
8746011191315,10,40,0,0,0,0,0,0,0,0,0
8746011191351,10,34,0,0,0,0,0,0,0,0,0
8746011191390,10,55,0,0,0,0,0,0,0,0,0
8746011191423,10,0,0,0,25,0,0,0,0,29,0
8746011191459,10,58,0,0,0,0,0,0,0,0,0
8746011191495,10,50,0,0,0,0,0,0,0,0,0
8746011191531,10,54,0,0,0,0,0,0,0,0,0
8746011192339,10,50,0,0,0,0,0,0,0,0,0
8746011192375,10,49,0,0,0,0,0,0,0,0,0
8746011192411,10,49,0,0,0,0,0,0,0,0,0
8746011192447,10,0,0,0,19,0,0,0,0,25,0
8746011192486,10,64,0,0,0,0,0,0,0,0,0
8746011192522,10,0,0,0,22,0,0,0,0,35,0
8746011192561,10,48,0,0,0,0,0,0,0,0,0
8746011193363,10,42,0,0,0,0,0,0,0,0,0
8746011193399,10,56,0,0,0,0,0,0,0,0,0
8746011193435,10,53,0,0,0,0,0,0,0,0,0
8746042359134,11,0,0,0,21,0,0,0,0,28,0
8746011188005,11,52,0,0,0,0,0,0,0,0,0
8746011188203,11,0,0,0,15,0,0,0,0,27,0
8746011191315,11,40,0,0,0,0,0,0,0,0,0
8746011191351,11,34,0,0,0,0,0,0,0,0,0
8746011191390,11,55,0,0,0,0,0,0,0,0,0
8746011191423,11,0,0,0,18,0,0,0,0,36,0
8746011191459,11,58,0,0,0,0,0,0,0,0,0
8746011191495,11,50,0,0,0,0,0,0,0,0,0
8746011191531,11,54,0,0,0,0,0,0,0,0,0
8746011192339,11,50,0,0,0,0,0,0,0,0,0
8746011192375,11,49,0,0,0,0,0,0,0,0,0
8746011192411,11,49,0,0,0,0,0,0,0,0,0
8746011192447,11,0,0,0,11,0,0,0,0,33,0
8746011192486,11,64,0,0,0,0,0,0,0,0,0
8746011192522,11,0,0,0,13,0,0,0,0,44,0
8746011192561,11,48,0,0,0,0,0,0,0,0,0
8746011193363,11,42,0,0,0,0,0,0,0,0,0
8746011193399,11,56,0,0,0,0,0,0,0,0,0
8746011193435,11,53,0,0,0,0,0,0,0,0,0
8746042359134,12,0,0,0,15,0,0,0,0,34,0
8746011188005,12,52,0,0,0,0,0,0,0,0,0
8746011188203,12,0,0,0,11,0,0,0,0,31,0
8746011191315,12,40,0,0,0,0,0,0,0,0,0
8746011191351,12,34,0,0,0,0,0,0,0,0,0
8746011191390,12,55,0,0,0,0,0,0,0,0,0
8746011191423,12,0,0,0,10,0,0,0,0,44,0
8746011191459,12,58,0,0,0,0,0,0,0,0,0
8746011191495,12,50,0,0,0,0,0,0,0,0,0
8746011191531,12,54,0,0,0,0,0,0,0,0,0
8746011192339,12,50,0,0,0,0,0,0,0,0,0
8746011192375,12,49,0,0,0,0,0,0,0,0,0
8746011192411,12,49,0,0,0,0,0,0,0,0,0
8746011192447,12,0,0,0,7,0,0,0,0,37,0
8746011192486,12,64,0,0,0,0,0,0,0,0,0
8746011192522,12,0,0,0,7,0,0,0,0,50,0
8746011192561,12,48,0,0,0,0,0,0,0,0,0
8746011193363,12,42,0,0,0,0,0,0,0,0,0
8746011193399,12,56,0,0,0,0,0,0,0,0,0
8746011193435,12,53,0,0,0,0,0,0,0,0,0
8746042359134,13,0,0,0,10,0,0,0,0,39,0
8746011188005,13,52,0,0,0,0,0,0,0,0,0
8746011188203,13,0,0,0,8,0,0,0,0,34,0
8746011191315,13,40,0,0,0,0,0,0,0,0,0
8746011191351,13,34,0,0,0,0,0,0,0,0,0
8746011191390,13,55,0,0,0,0,0,0,0,0,0
8746011191423,13,0,0,0,9,0,0,0,0,45,0
8746011191459,13,58,0,0,0,0,0,0,0,0,0
8746011191495,13,50,0,0,0,0,0,0,0,0,0
8746011191531,13,54,0,0,0,0,0,0,0,0,0
8746011192339,13,50,0,0,0,0,0,0,0,0,0
8746011192375,13,49,0,0,0,0,0,0,0,0,0
8746011192411,13,49,0,0,0,0,0,0,0,0,0
8746011192447,13,0,0,0,4,0,0,0,0,40,0
8746011192486,13,64,0,0,0,0,0,0,0,0,0
8746011192522,13,0,0,0,4,0,0,0,0,53,0
8746011192561,13,48,0,0,0,0,0,0,0,0,0
8746011193363,13,42,0,0,0,0,0,0,0,0,0
8746011193399,13,56,0,0,0,0,0,0,0,0,0
8746011193435,13,53,0,0,0,0,0,0,0,0,0
8746042359134,14,0,0,0,5,0,0,0,0,44,0
8746011188005,14,52,0,0,0,0,0,0,0,0,0
8746011188203,14,0,0,0,6,0,0,0,0,36,0
8746011191315,14,40,0,0,0,0,0,0,0,0,0
8746011191351,14,34,0,0,0,0,0,0,0,0,0
8746011191390,14,55,0,0,0,0,0,0,0,0,0
8746011191423,14,0,0,0,4,0,0,0,0,50,0
8746011191459,14,58,0,0,0,0,0,0,0,0,0
8746011191495,14,50,0,0,0,0,0,0,0,0,0
8746011191531,14,54,0,0,0,0,0,0,0,0,0
8746011192339,14,50,0,0,0,0,0,0,0,0,0
8746011192375,14,49,0,0,0,0,0,0,0,0,0
8746011192411,14,49,0,0,0,0,0,0,0,0,0
8746011192447,14,0,0,0,4,0,0,0,0,40,0
8746011192486,14,64,0,0,0,0,0,0,0,0,0
8746011192522,14,0,0,0,3,0,0,0,0,54,0
8746011192561,14,48,0,0,0,0,0,0,0,0,0
8746011193363,14,42,0,0,0,0,0,0,0,0,0
8746011193399,14,56,0,0,0,0,0,0,0,0,0
8746011193435,14,53,0,0,0,0,0,0,0,0,0
8746042359134,15,0,0,0,2,0,0,0,0,47,0
8746011188005,15,52,0,0,0,0,0,0,0,0,0
8746011188203,15,0,0,0,2,0,0,0,0,40,0
8746011191315,15,40,0,0,0,0,0,0,0,0,0
8746011191351,15,34,0,0,0,0,0,0,0,0,0
8746011191390,15,55,0,0,0,0,0,0,0,0,0
8746011191423,15,0,0,0,3,0,0,0,0,51,0
8746011191459,15,58,0,0,0,0,0,0,0,0,0
8746011191495,15,50,0,0,0,0,0,0,0,0,0
8746011191531,15,54,0,0,0,0,0,0,0,0,0
8746011192339,15,50,0,0,0,0,0,0,0,0,0
8746011192375,15,49,0,0,0,0,0,0,0,0,0
8746011192411,15,49,0,0,0,0,0,0,0,0,0
8746011192447,15,0,0,0,4,0,0,0,0,40,0
8746011192486,15,64,0,0,0,0,0,0,0,0,0
8746011192522,15,0,0,0,0,0,0,0,0,57,0
8746011192561,15,48,0,0,0,0,0,0,0,0,0
8746011193363,15,42,0,0,0,0,0,0,0,0,0
8746011193399,15,56,0,0,0,0,0,0,0,0,0
8746011193435,15,53,0,0,0,0,0,0,0,0,0
8746042359134,16,0,0,0,0,0,0,0,0,49,0
8746011188005,16,52,0,0,0,0,0,0,0,0,0
8746011188203,16,0,0,0,0,0,0,0,0,42,0
8746011191315,16,40,0,0,0,0,0,0,0,0,0
8746011191351,16,34,0,0,0,0,0,0,0,0,0
8746011191390,16,55,0,0,0,0,0,0,0,0,0
8746011191423,16,0,0,0,2,0,0,0,0,52,0
8746011191459,16,58,0,0,0,0,0,0,0,0,0
8746011191495,16,50,0,0,0,0,0,0,0,0,0
8746011191531,16,54,0,0,0,0,0,0,0,0,0
8746011192339,16,50,0,0,0,0,0,0,0,0,0
8746011192375,16,49,0,0,0,0,0,0,0,0,0
8746011192411,16,49,0,0,0,0,0,0,0,0,0
8746011192447,16,0,0,0,3,0,0,0,0,41,0
8746011192486,16,64,0,0,0,0,0,0,0,0,0
8746011192522,16,0,0,0,0,0,0,0,0,57,0
8746011192561,16,48,0,0,0,0,0,0,0,0,0
8746011193363,16,42,0,0,0,0,0,0,0,0,0
8746011193399,16,56,0,0,0,0,0,0,0,0,0
8746011193435,16,53,0,0,0,0,0,0,0,0,0
8746042359134,17,0,0,0,0,0,0,0,0,49,0
8746011188005,17,52,0,0,0,0,0,0,0,0,0
8746011188203,17,0,0,0,0,0,0,0,0,42,0
8746011191315,17,40,0,0,0,0,0,0,0,0,0
8746011191351,17,34,0,0,0,0,0,0,0,0,0
8746011191390,17,55,0,0,0,0,0,0,0,0,0
8746011191423,17,0,0,0,1,0,0,0,0,53,0
8746011191459,17,58,0,0,0,0,0,0,0,0,0
8746011191495,17,50,0,0,0,0,0,0,0,0,0
8746011191531,17,54,0,0,0,0,0,0,0,0,0
8746011192339,17,50,0,0,0,0,0,0,0,0,0
8746011192375,17,49,0,0,0,0,0,0,0,0,0
8746011192411,17,49,0,0,0,0,0,0,0,0,0
8746011192447,17,0,0,0,2,0,0,0,0,42,0
8746011192486,17,64,0,0,0,0,0,0,0,0,0
8746011192522,17,0,0,0,0,0,0,0,0,57,0
8746011192561,17,48,0,0,0,0,0,0,0,0,0
8746011193363,17,42,0,0,0,0,0,0,0,0,0
8746011193399,17,56,0,0,0,0,0,0,0,0,0
8746011193435,17,53,0,0,0,0,0,0,0,0,0
8746042359134,18,0,0,0,0,0,0,0,0,49,0
8746011188005,18,52,0,0,0,0,0,0,0,0,0
8746011188203,18,0,0,0,0,0,0,0,0,42,0
8746011191315,18,40,0,0,0,0,0,0,0,0,0
8746011191351,18,34,0,0,0,0,0,0,0,0,0
8746011191390,18,55,0,0,0,0,0,0,0,0,0
8746011191423,18,0,0,0,0,0,0,0,0,54,0
8746011191459,18,58,0,0,0,0,0,0,0,0,0
8746011191495,18,50,0,0,0,0,0,0,0,0,0
8746011191531,18,54,0,0,0,0,0,0,0,0,0
8746011192339,18,50,0,0,0,0,0,0,0,0,0
8746011192375,18,49,0,0,0,0,0,0,0,0,0
8746011192411,18,49,0,0,0,0,0,0,0,0,0
8746011192447,18,0,0,0,0,0,0,0,0,44,0
8746011192486,18,64,0,0,0,0,0,0,0,0,0
8746011192522,18,0,0,0,0,0,0,0,0,57,0
8746011192561,18,48,0,0,0,0,0,0,0,0,0
8746011193363,18,42,0,0,0,0,0,0,0,0,0
8746011193399,18,56,0,0,0,0,0,0,0,0,0
8746011193435,18,53,0,0,0,0,0,0,0,0,0
8746042359134,19,0,0,0,0,0,0,0,0,49,0
8746011188005,19,52,0,0,0,0,0,0,0,0,0
8746011188203,19,0,0,0,0,0,0,0,0,42,0
8746011191315,19,40,0,0,0,0,0,0,0,0,0
8746011191351,19,34,0,0,0,0,0,0,0,0,0
8746011191390,19,55,0,0,0,0,0,0,0,0,0
8746011191423,19,0,0,0,0,0,0,0,0,54,0
8746011191459,19,58,0,0,0,0,0,0,0,0,0
8746011191495,19,50,0,0,0,0,0,0,0,0,0
8746011191531,19,54,0,0,0,0,0,0,0,0,0
8746011192339,19,50,0,0,0,0,0,0,0,0,0
8746011192375,19,49,0,0,0,0,0,0,0,0,0
8746011192411,19,49,0,0,0,0,0,0,0,0,0
8746011192447,19,0,0,0,0,0,0,0,0,44,0
8746011192486,19,64,0,0,0,0,0,0,0,0,0
8746011192522,19,0,0,0,0,0,0,0,0,57,0
8746011192561,19,48,0,0,0,0,0,0,0,0,0
8746011193363,19,42,0,0,0,0,0,0,0,0,0
8746011193399,19,56,0,0,0,0,0,0,0,0,0
8746011193435,19,53,0,0,0,0,0,0,0,0,0
8746042359134,20,0,0,0,0,0,0,0,0,49,0
8746011188005,20,52,0,0,0,0,0,0,0,0,0
8746011188203,20,0,0,0,0,0,0,0,0,42,0
8746011191315,20,40,0,0,0,0,0,0,0,0,0
8746011191351,20,34,0,0,0,0,0,0,0,0,0
8746011191390,20,55,0,0,0,0,0,0,0,0,0
8746011191423,20,0,0,0,0,0,0,0,0,54,0
8746011191459,20,58,0,0,0,0,0,0,0,0,0
8746011191495,20,50,0,0,0,0,0,0,0,0,0
8746011191531,20,54,0,0,0,0,0,0,0,0,0
8746011192339,20,50,0,0,0,0,0,0,0,0,0
8746011192375,20,49,0,0,0,0,0,0,0,0,0
8746011192411,20,49,0,0,0,0,0,0,0,0,0
8746011192447,20,0,0,0,0,0,0,0,0,44,0
8746011192486,20,64,0,0,0,0,0,0,0,0,0
8746011192522,20,0,0,0,0,0,0,0,0,57,0
8746011192561,20,48,0,0,0,0,0,0,0,0,0
8746011193363,20,42,0,0,0,0,0,0,0,0,0
8746011193399,20,56,0,0,0,0,0,0,0,0,0
8746011193435,20,53,0,0,0,0,0,0,0,0,0
8746042359134,21,0,0,0,0,0,0,0,0,49,0
8746011188005,21,52,0,0,0,0,0,0,0,0,0
8746011188203,21,0,0,0,0,0,0,0,0,42,0
8746011191315,21,40,0,0,0,0,0,0,0,0,0
8746011191351,21,34,0,0,0,0,0,0,0,0,0
8746011191390,21,55,0,0,0,0,0,0,0,0,0
8746011191423,21,0,0,0,0,0,0,0,0,54,0
8746011191459,21,58,0,0,0,0,0,0,0,0,0
8746011191495,21,50,0,0,0,0,0,0,0,0,0
8746011191531,21,54,0,0,0,0,0,0,0,0,0
8746011192339,21,50,0,0,0,0,0,0,0,0,0
8746011192375,21,49,0,0,0,0,0,0,0,0,0
8746011192411,21,49,0,0,0,0,0,0,0,0,0
8746011192447,21,0,0,0,0,0,0,0,0,44,0
8746011192486,21,64,0,0,0,0,0,0,0,0,0
8746011192522,21,0,0,0,0,0,0,0,0,57,0
8746011192561,21,48,0,0,0,0,0,0,0,0,0
8746011193363,21,42,0,0,0,0,0,0,0,0,0
8746011193399,21,56,0,0,0,0,0,0,0,0,0
8746011193435,21,53,0,0,0,0,0,0,0,0,0
8746042359134,22,0,0,0,0,0,0,0,0,49,0
8746011188005,22,52,0,0,0,0,0,0,0,0,0
8746011188203,22,0,0,0,0,0,0,0,0,42,0
8746011191315,22,40,0,0,0,0,0,0,0,0,0
8746011191351,22,34,0,0,0,0,0,0,0,0,0
8746011191390,22,55,0,0,0,0,0,0,0,0,0
8746011191423,22,0,0,0,0,0,0,0,0,54,0
8746011191459,22,58,0,0,0,0,0,0,0,0,0
8746011191495,22,50,0,0,0,0,0,0,0,0,0
8746011191531,22,54,0,0,0,0,0,0,0,0,0
8746011192339,22,50,0,0,0,0,0,0,0,0,0
8746011192375,22,49,0,0,0,0,0,0,0,0,0
8746011192411,22,49,0,0,0,0,0,0,0,0,0
8746011192447,22,0,0,0,0,0,0,0,0,44,0
8746011192486,22,64,0,0,0,0,0,0,0,0,0
8746011192522,22,0,0,0,0,0,0,0,0,57,0
8746011192561,22,48,0,0,0,0,0,0,0,0,0
8746011193363,22,42,0,0,0,0,0,0,0,0,0
8746011193399,22,56,0,0,0,0,0,0,0,0,0
8746011193435,22,53,0,0,0,0,0,0,0,0,0
8746042359134,23,0,0,0,0,0,0,0,0,49,0
8746011188005,23,52,0,0,0,0,0,0,0,0,0
8746011188203,23,0,0,0,0,0,0,0,0,42,0
8746011191315,23,40,0,0,0,0,0,0,0,0,0
8746011191351,23,34,0,0,0,0,0,0,0,0,0
8746011191390,23,55,0,0,0,0,0,0,0,0,0
8746011191423,23,0,0,0,0,0,0,0,0,54,0
8746011191459,23,58,0,0,0,0,0,0,0,0,0
8746011191495,23,50,0,0,0,0,0,0,0,0,0
8746011191531,23,54,0,0,0,0,0,0,0,0,0
8746011192339,23,50,0,0,0,0,0,0,0,0,0
8746011192375,23,49,0,0,0,0,0,0,0,0,0
8746011192411,23,49,0,0,0,0,0,0,0,0,0
8746011192447,23,0,0,0,0,0,0,0,0,44,0
8746011192486,23,64,0,0,0,0,0,0,0,0,0
8746011192522,23,0,0,0,0,0,0,0,0,57,0
8746011192561,23,48,0,0,0,0,0,0,0,0,0
8746011193363,23,42,0,0,0,0,0,0,0,0,0
8746011193399,23,56,0,0,0,0,0,0,0,0,0
8746011193435,23,53,0,0,0,0,0,0,0,0,0
8746042359134,24,0,0,0,0,0,0,0,0,49,0
8746011188005,24,52,0,0,0,0,0,0,0,0,0
8746011188203,24,0,0,0,0,0,0,0,0,42,0
8746011191315,24,40,0,0,0,0,0,0,0,0,0
8746011191351,24,34,0,0,0,0,0,0,0,0,0
8746011191390,24,55,0,0,0,0,0,0,0,0,0
8746011191423,24,0,0,0,0,0,0,0,0,54,0
8746011191459,24,58,0,0,0,0,0,0,0,0,0
8746011191495,24,50,0,0,0,0,0,0,0,0,0
8746011191531,24,54,0,0,0,0,0,0,0,0,0
8746011192339,24,50,0,0,0,0,0,0,0,0,0
8746011192375,24,49,0,0,0,0,0,0,0,0,0
8746011192411,24,49,0,0,0,0,0,0,0,0,0
8746011192447,24,0,0,0,0,0,0,0,0,44,0
8746011192486,24,64,0,0,0,0,0,0,0,0,0
8746011192522,24,0,0,0,0,0,0,0,0,57,0
8746011192561,24,48,0,0,0,0,0,0,0,0,0
8746011193363,24,42,0,0,0,0,0,0,0,0,0
8746011193399,24,56,0,0,0,0,0,0,0,0,0
8746011193435,24,53,0,0,0,0,0,0,0,0,0
8746042359134,25,0,0,0,0,0,0,0,0,49,0
8746011188005,25,52,0,0,0,0,0,0,0,0,0
8746011188203,25,0,0,0,0,0,0,0,0,42,0
8746011191315,25,40,0,0,0,0,0,0,0,0,0
8746011191351,25,34,0,0,0,0,0,0,0,0,0
8746011191390,25,55,0,0,0,0,0,0,0,0,0
8746011191423,25,0,0,0,0,0,0,0,0,54,0
8746011191459,25,58,0,0,0,0,0,0,0,0,0
8746011191495,25,50,0,0,0,0,0,0,0,0,0
8746011191531,25,54,0,0,0,0,0,0,0,0,0
8746011192339,25,50,0,0,0,0,0,0,0,0,0
8746011192375,25,49,0,0,0,0,0,0,0,0,0
8746011192411,25,49,0,0,0,0,0,0,0,0,0
8746011192447,25,0,0,0,0,0,0,0,0,44,0
8746011192486,25,64,0,0,0,0,0,0,0,0,0
8746011192522,25,0,0,0,0,0,0,0,0,57,0
8746011192561,25,48,0,0,0,0,0,0,0,0,0
8746011193363,25,42,0,0,0,0,0,0,0,0,0
8746011193399,25,56,0,0,0,0,0,0,0,0,0
8746011193435,25,53,0,0,0,0,0,0,0,0,0
8746042359134,26,0,0,0,0,0,0,0,0,49,0
8746011188005,26,52,0,0,0,0,0,0,0,0,0
8746011188203,26,0,0,0,0,0,0,0,0,42,0
8746011191315,26,40,0,0,0,0,0,0,0,0,0
8746011191351,26,34,0,0,0,0,0,0,0,0,0
8746011191390,26,55,0,0,0,0,0,0,0,0,0
8746011191423,26,0,0,0,0,0,0,0,0,54,0
8746011191459,26,58,0,0,0,0,0,0,0,0,0
8746011191495,26,50,0,0,0,0,0,0,0,0,0
8746011191531,26,54,0,0,0,0,0,0,0,0,0
8746011192339,26,50,0,0,0,0,0,0,0,0,0
8746011192375,26,49,0,0,0,0,0,0,0,0,0
8746011192411,26,49,0,0,0,0,0,0,0,0,0
8746011192447,26,0,0,0,0,0,0,0,0,44,0
8746011192486,26,64,0,0,0,0,0,0,0,0,0
8746011192522,26,0,0,0,0,0,0,0,0,57,0
8746011192561,26,48,0,0,0,0,0,0,0,0,0
8746011193363,26,42,0,0,0,0,0,0,0,0,0
8746011193399,26,56,0,0,0,0,0,0,0,0,0
8746011193435,26,53,0,0,0,0,0,0,0,0,0
8746042359134,27,0,0,0,0,0,0,0,0,49,0
8746011188005,27,52,0,0,0,0,0,0,0,0,0
8746011188203,27,0,0,0,0,0,0,0,0,42,0
8746011191315,27,40,0,0,0,0,0,0,0,0,0
8746011191351,27,34,0,0,0,0,0,0,0,0,0
8746011191390,27,55,0,0,0,0,0,0,0,0,0
8746011191423,27,0,0,0,0,0,0,0,0,54,0
8746011191459,27,58,0,0,0,0,0,0,0,0,0
8746011191495,27,50,0,0,0,0,0,0,0,0,0
8746011191531,27,54,0,0,0,0,0,0,0,0,0
8746011192339,27,50,0,0,0,0,0,0,0,0,0
8746011192375,27,49,0,0,0,0,0,0,0,0,0
8746011192411,27,49,0,0,0,0,0,0,0,0,0
8746011192447,27,0,0,0,0,0,0,0,0,44,0
8746011192486,27,64,0,0,0,0,0,0,0,0,0
8746011192522,27,0,0,0,0,0,0,0,0,57,0
8746011192561,27,48,0,0,0,0,0,0,0,0,0
8746011193363,27,42,0,0,0,0,0,0,0,0,0
8746011193399,27,56,0,0,0,0,0,0,0,0,0
8746011193435,27,53,0,0,0,0,0,0,0,0,0
8746042359134,28,0,0,0,0,0,0,0,0,49,0
8746011188005,28,52,0,0,0,0,0,0,0,0,0
8746011188203,28,0,0,0,0,0,0,0,0,42,0
8746011191315,28,40,0,0,0,0,0,0,0,0,0
8746011191351,28,34,0,0,0,0,0,0,0,0,0
8746011191390,28,55,0,0,0,0,0,0,0,0,0
8746011191423,28,0,0,0,0,0,0,0,0,54,0
8746011191459,28,58,0,0,0,0,0,0,0,0,0
8746011191495,28,50,0,0,0,0,0,0,0,0,0
8746011191531,28,54,0,0,0,0,0,0,0,0,0
8746011192339,28,50,0,0,0,0,0,0,0,0,0
8746011192375,28,49,0,0,0,0,0,0,0,0,0
8746011192411,28,49,0,0,0,0,0,0,0,0,0
8746011192447,28,0,0,0,0,0,0,0,0,44,0
8746011192486,28,64,0,0,0,0,0,0,0,0,0
8746011192522,28,0,0,0,0,0,0,0,0,57,0
8746011192561,28,48,0,0,0,0,0,0,0,0,0
8746011193363,28,42,0,0,0,0,0,0,0,0,0
8746011193399,28,56,0,0,0,0,0,0,0,0,0
8746011193435,28,53,0,0,0,0,0,0,0,0,0
8746042359134,29,0,0,0,0,0,0,0,0,49,0
8746011188005,29,52,0,0,0,0,0,0,0,0,0
8746011188203,29,0,0,0,0,0,0,0,0,42,0
8746011191315,29,40,0,0,0,0,0,0,0,0,0
8746011191351,29,34,0,0,0,0,0,0,0,0,0
8746011191390,29,55,0,0,0,0,0,0,0,0,0
8746011191423,29,0,0,0,0,0,0,0,0,54,0
8746011191459,29,58,0,0,0,0,0,0,0,0,0
8746011191495,29,50,0,0,0,0,0,0,0,0,0
8746011191531,29,54,0,0,0,0,0,0,0,0,0
8746011192339,29,50,0,0,0,0,0,0,0,0,0
8746011192375,29,49,0,0,0,0,0,0,0,0,0
8746011192411,29,49,0,0,0,0,0,0,0,0,0
8746011192447,29,0,0,0,0,0,0,0,0,44,0
8746011192486,29,64,0,0,0,0,0,0,0,0,0
8746011192522,29,0,0,0,0,0,0,0,0,57,0
8746011192561,29,48,0,0,0,0,0,0,0,0,0
8746011193363,29,42,0,0,0,0,0,0,0,0,0
8746011193399,29,56,0,0,0,0,0,0,0,0,0
8746011193435,29,53,0,0,0,0,0,0,0,0,0
8746042359134,30,0,0,0,0,0,0,0,0,49,0
8746011188005,30,52,0,0,0,0,0,0,0,0,0
8746011188203,30,0,0,0,0,0,0,0,0,42,0
8746011191315,30,40,0,0,0,0,0,0,0,0,0
8746011191351,30,34,0,0,0,0,0,0,0,0,0
8746011191390,30,55,0,0,0,0,0,0,0,0,0
8746011191423,30,0,0,0,0,0,0,0,0,54,0
8746011191459,30,58,0,0,0,0,0,0,0,0,0
8746011191495,30,50,0,0,0,0,0,0,0,0,0
8746011191531,30,54,0,0,0,0,0,0,0,0,0
8746011192339,30,50,0,0,0,0,0,0,0,0,0
8746011192375,30,49,0,0,0,0,0,0,0,0,0
8746011192411,30,49,0,0,0,0,0,0,0,0,0
8746011192447,30,0,0,0,0,0,0,0,0,44,0
8746011192486,30,64,0,0,0,0,0,0,0,0,0
8746011192522,30,0,0,0,0,0,0,0,0,57,0
8746011192561,30,48,0,0,0,0,0,0,0,0,0
8746011193363,30,42,0,0,0,0,0,0,0,0,0
8746011193399,30,56,0,0,0,0,0,0,0,0,0
8746011193435,30,53,0,0,0,0,0,0,0,0,0
8746042359134,31,0,0,0,0,0,0,0,0,49,0
8746011188005,31,52,0,0,0,0,0,0,0,0,0
8746011188203,31,0,0,0,0,0,0,0,0,42,0
8746011191315,31,40,0,0,0,0,0,0,0,0,0
8746011191351,31,34,0,0,0,0,0,0,0,0,0
8746011191390,31,55,0,0,0,0,0,0,0,0,0
8746011191423,31,0,0,0,0,0,0,0,0,54,0
8746011191459,31,58,0,0,0,0,0,0,0,0,0
8746011191495,31,50,0,0,0,0,0,0,0,0,0
8746011191531,31,54,0,0,0,0,0,0,0,0,0
8746011192339,31,50,0,0,0,0,0,0,0,0,0
8746011192375,31,49,0,0,0,0,0,0,0,0,0
8746011192411,31,49,0,0,0,0,0,0,0,0,0
8746011192447,31,0,0,0,0,0,0,0,0,44,0
8746011192486,31,64,0,0,0,0,0,0,0,0,0
8746011192522,31,0,0,0,0,0,0,0,0,57,0
8746011192561,31,48,0,0,0,0,0,0,0,0,0
8746011193363,31,42,0,0,0,0,0,0,0,0,0
8746011193399,31,56,0,0,0,0,0,0,0,0,0
8746011193435,31,53,0,0,0,0,0,0,0,0,0
8746042359134,32,0,0,0,0,0,0,0,0,49,0
8746011188005,32,52,0,0,0,0,0,0,0,0,0
8746011188203,32,0,0,0,0,0,0,0,0,42,0
8746011191315,32,40,0,0,0,0,0,0,0,0,0
8746011191351,32,34,0,0,0,0,0,0,0,0,0
8746011191390,32,55,0,0,0,0,0,0,0,0,0
8746011191423,32,0,0,0,0,0,0,0,0,54,0
8746011191459,32,58,0,0,0,0,0,0,0,0,0
8746011191495,32,50,0,0,0,0,0,0,0,0,0
8746011191531,32,54,0,0,0,0,0,0,0,0,0
8746011192339,32,50,0,0,0,0,0,0,0,0,0
8746011192375,32,49,0,0,0,0,0,0,0,0,0
8746011192411,32,49,0,0,0,0,0,0,0,0,0
8746011192447,32,0,0,0,0,0,0,0,0,44,0
8746011192486,32,64,0,0,0,0,0,0,0,0,0
8746011192522,32,0,0,0,0,0,0,0,0,57,0
8746011192561,32,48,0,0,0,0,0,0,0,0,0
8746011193363,32,42,0,0,0,0,0,0,0,0,0
8746011193399,32,56,0,0,0,0,0,0,0,0,0
8746011193435,32,53,0,0,0,0,0,0,0,0,0
8746042359134,33,0,0,0,0,0,0,0,0,49,0
8746011188005,33,52,0,0,0,0,0,0,0,0,0
8746011188203,33,0,0,0,0,0,0,0,0,42,0
8746011191315,33,40,0,0,0,0,0,0,0,0,0
8746011191351,33,34,0,0,0,0,0,0,0,0,0
8746011191390,33,55,0,0,0,0,0,0,0,0,0
8746011191423,33,0,0,0,0,0,0,0,0,54,0
8746011191459,33,58,0,0,0,0,0,0,0,0,0
8746011191495,33,50,0,0,0,0,0,0,0,0,0
8746011191531,33,54,0,0,0,0,0,0,0,0,0
8746011192339,33,50,0,0,0,0,0,0,0,0,0
8746011192375,33,49,0,0,0,0,0,0,0,0,0
8746011192411,33,49,0,0,0,0,0,0,0,0,0
8746011192447,33,0,0,0,0,0,0,0,0,44,0
8746011192486,33,64,0,0,0,0,0,0,0,0,0
8746011192522,33,0,0,0,0,0,0,0,0,57,0
8746011192561,33,48,0,0,0,0,0,0,0,0,0
8746011193363,33,42,0,0,0,0,0,0,0,0,0
8746011193399,33,56,0,0,0,0,0,0,0,0,0
8746011193435,33,53,0,0,0,0,0,0,0,0,0
8746042359134,34,0,0,0,0,0,0,0,0,49,0
8746011188005,34,52,0,0,0,0,0,0,0,0,0
8746011188203,34,0,0,0,0,0,0,0,0,42,0
8746011191315,34,40,0,0,0,0,0,0,0,0,0
8746011191351,34,34,0,0,0,0,0,0,0,0,0
8746011191390,34,55,0,0,0,0,0,0,0,0,0
8746011191423,34,0,0,0,0,0,0,0,0,54,0
8746011191459,34,58,0,0,0,0,0,0,0,0,0
8746011191495,34,50,0,0,0,0,0,0,0,0,0
8746011191531,34,54,0,0,0,0,0,0,0,0,0
8746011192339,34,50,0,0,0,0,0,0,0,0,0
8746011192375,34,49,0,0,0,0,0,0,0,0,0
8746011192411,34,49,0,0,0,0,0,0,0,0,0
8746011192447,34,0,0,0,0,0,0,0,0,44,0
8746011192486,34,64,0,0,0,0,0,0,0,0,0
8746011192522,34,0,0,0,0,0,0,0,0,57,0
8746011192561,34,48,0,0,0,0,0,0,0,0,0
8746011193363,34,42,0,0,0,0,0,0,0,0,0
8746011193399,34,56,0,0,0,0,0,0,0,0,0
8746011193435,34,53,0,0,0,0,0,0,0,0,0
8746042359134,35,0,0,0,0,0,0,0,0,49,0
8746011188005,35,52,0,0,0,0,0,0,0,0,0
8746011188203,35,0,0,0,0,0,0,0,0,42,0
8746011191315,35,40,0,0,0,0,0,0,0,0,0
8746011191351,35,34,0,0,0,0,0,0,0,0,0
8746011191390,35,55,0,0,0,0,0,0,0,0,0
8746011191423,35,0,0,0,0,0,0,0,0,54,0
8746011191459,35,58,0,0,0,0,0,0,0,0,0
8746011191495,35,50,0,0,0,0,0,0,0,0,0
8746011191531,35,54,0,0,0,0,0,0,0,0,0
8746011192339,35,50,0,0,0,0,0,0,0,0,0
8746011192375,35,49,0,0,0,0,0,0,0,0,0
8746011192411,35,49,0,0,0,0,0,0,0,0,0
8746011192447,35,0,0,0,0,0,0,0,0,44,0
8746011192486,35,64,0,0,0,0,0,0,0,0,0
8746011192522,35,0,0,0,0,0,0,0,0,57,0
8746011192561,35,48,0,0,0,0,0,0,0,0,0
8746011193363,35,42,0,0,0,0,0,0,0,0,0
8746011193399,35,56,0,0,0,0,0,0,0,0,0
8746011193435,35,53,0,0,0,0,0,0,0,0,0
8746042359134,36,0,0,0,0,0,0,0,0,49,0
8746011188005,36,52,0,0,0,0,0,0,0,0,0
8746011188203,36,0,0,0,0,0,0,0,0,42,0
8746011191315,36,40,0,0,0,0,0,0,0,0,0
8746011191351,36,34,0,0,0,0,0,0,0,0,0
8746011191390,36,55,0,0,0,0,0,0,0,0,0
8746011191423,36,0,0,0,0,0,0,0,0,54,0
8746011191459,36,58,0,0,0,0,0,0,0,0,0
8746011191495,36,50,0,0,0,0,0,0,0,0,0
8746011191531,36,54,0,0,0,0,0,0,0,0,0
8746011192339,36,50,0,0,0,0,0,0,0,0,0
8746011192375,36,49,0,0,0,0,0,0,0,0,0
8746011192411,36,49,0,0,0,0,0,0,0,0,0
8746011192447,36,0,0,0,0,0,0,0,0,44,0
8746011192486,36,64,0,0,0,0,0,0,0,0,0
8746011192522,36,0,0,0,0,0,0,0,0,57,0
8746011192561,36,48,0,0,0,0,0,0,0,0,0
8746011193363,36,42,0,0,0,0,0,0,0,0,0
8746011193399,36,56,0,0,0,0,0,0,0,0,0
8746011193435,36,53,0,0,0,0,0,0,0,0,0
8746042359134,37,0,0,0,0,0,0,0,0,49,0
8746011188005,37,52,0,0,0,0,0,0,0,0,0
8746011188203,37,0,0,0,0,0,0,0,0,42,0
8746011191315,37,40,0,0,0,0,0,0,0,0,0
8746011191351,37,34,0,0,0,0,0,0,0,0,0
8746011191390,37,55,0,0,0,0,0,0,0,0,0
8746011191423,37,0,0,0,0,0,0,0,0,54,0
8746011191459,37,58,0,0,0,0,0,0,0,0,0
8746011191495,37,50,0,0,0,0,0,0,0,0,0
8746011191531,37,54,0,0,0,0,0,0,0,0,0
8746011192339,37,50,0,0,0,0,0,0,0,0,0
8746011192375,37,49,0,0,0,0,0,0,0,0,0
8746011192411,37,49,0,0,0,0,0,0,0,0,0
8746011192447,37,0,0,0,0,0,0,0,0,44,0
8746011192486,37,64,0,0,0,0,0,0,0,0,0
8746011192522,37,0,0,0,0,0,0,0,0,57,0
8746011192561,37,48,0,0,0,0,0,0,0,0,0
8746011193363,37,42,0,0,0,0,0,0,0,0,0
8746011193399,37,56,0,0,0,0,0,0,0,0,0
8746011193435,37,53,0,0,0,0,0,0,0,0,0
8746042359134,38,0,0,0,0,0,0,0,0,49,0
8746011188005,38,52,0,0,0,0,0,0,0,0,0
8746011188203,38,0,0,0,0,0,0,0,0,42,0
8746011191315,38,40,0,0,0,0,0,0,0,0,0
8746011191351,38,34,0,0,0,0,0,0,0,0,0
8746011191390,38,55,0,0,0,0,0,0,0,0,0
8746011191423,38,0,0,0,0,0,0,0,0,54,0
8746011191459,38,58,0,0,0,0,0,0,0,0,0
8746011191495,38,50,0,0,0,0,0,0,0,0,0
8746011191531,38,54,0,0,0,0,0,0,0,0,0
8746011192339,38,50,0,0,0,0,0,0,0,0,0
8746011192375,38,49,0,0,0,0,0,0,0,0,0
8746011192411,38,49,0,0,0,0,0,0,0,0,0
8746011192447,38,0,0,0,0,0,0,0,0,44,0
8746011192486,38,64,0,0,0,0,0,0,0,0,0
8746011192522,38,0,0,0,0,0,0,0,0,57,0
8746011192561,38,48,0,0,0,0,0,0,0,0,0
8746011193363,38,42,0,0,0,0,0,0,0,0,0
8746011193399,38,56,0,0,0,0,0,0,0,0,0
8746011193435,38,53,0,0,0,0,0,0,0,0,0
8746042359134,39,0,0,0,0,0,0,0,0,49,0
8746011188005,39,52,0,0,0,0,0,0,0,0,0
8746011188203,39,0,0,0,0,0,0,0,0,42,0
8746011191315,39,40,0,0,0,0,0,0,0,0,0
8746011191351,39,34,0,0,0,0,0,0,0,0,0
8746011191390,39,55,0,0,0,0,0,0,0,0,0
8746011191423,39,0,0,0,0,0,0,0,0,54,0
8746011191459,39,58,0,0,0,0,0,0,0,0,0
8746011191495,39,50,0,0,0,0,0,0,0,0,0
8746011191531,39,54,0,0,0,0,0,0,0,0,0
8746011192339,39,50,0,0,0,0,0,0,0,0,0
8746011192375,39,49,0,0,0,0,0,0,0,0,0
8746011192411,39,49,0,0,0,0,0,0,0,0,0
8746011192447,39,0,0,0,0,0,0,0,0,44,0
8746011192486,39,64,0,0,0,0,0,0,0,0,0
8746011192522,39,0,0,0,0,0,0,0,0,57,0
8746011192561,39,48,0,0,0,0,0,0,0,0,0
8746011193363,39,42,0,0,0,0,0,0,0,0,0
8746011193399,39,56,0,0,0,0,0,0,0,0,0
8746011193435,39,53,0,0,0,0,0,0,0,0,0
8746042359134,40,0,0,0,0,0,0,0,0,49,0
8746011188005,40,52,0,0,0,0,0,0,0,0,0
8746011188203,40,0,0,0,0,0,0,0,0,42,0
8746011191315,40,40,0,0,0,0,0,0,0,0,0
8746011191351,40,34,0,0,0,0,0,0,0,0,0
8746011191390,40,55,0,0,0,0,0,0,0,0,0
8746011191423,40,0,0,0,0,0,0,0,0,54,0
8746011191459,40,58,0,0,0,0,0,0,0,0,0
8746011191495,40,50,0,0,0,0,0,0,0,0,0
8746011191531,40,54,0,0,0,0,0,0,0,0,0
8746011192339,40,50,0,0,0,0,0,0,0,0,0
8746011192375,40,49,0,0,0,0,0,0,0,0,0
8746011192411,40,49,0,0,0,0,0,0,0,0,0
8746011192447,40,0,0,0,0,0,0,0,0,44,0
8746011192486,40,64,0,0,0,0,0,0,0,0,0
8746011192522,40,0,0,0,0,0,0,0,0,57,0
8746011192561,40,48,0,0,0,0,0,0,0,0,0
8746011193363,40,42,0,0,0,0,0,0,0,0,0
8746011193399,40,56,0,0,0,0,0,0,0,0,0
8746011193435,40,53,0,0,0,0,0,0,0,0,0
8746042359134,41,0,0,0,0,0,0,0,0,49,0
8746011188005,41,52,0,0,0,0,0,0,0,0,0
8746011188203,41,0,0,0,0,0,0,0,0,42,0
8746011191315,41,40,0,0,0,0,0,0,0,0,0
8746011191351,41,34,0,0,0,0,0,0,0,0,0
8746011191390,41,55,0,0,0,0,0,0,0,0,0
8746011191423,41,0,0,0,0,0,0,0,0,54,0
8746011191459,41,58,0,0,0,0,0,0,0,0,0
8746011191495,41,50,0,0,0,0,0,0,0,0,0
8746011191531,41,54,0,0,0,0,0,0,0,0,0
8746011192339,41,50,0,0,0,0,0,0,0,0,0
8746011192375,41,49,0,0,0,0,0,0,0,0,0
8746011192411,41,49,0,0,0,0,0,0,0,0,0
8746011192447,41,0,0,0,0,0,0,0,0,44,0
8746011192486,41,64,0,0,0,0,0,0,0,0,0
8746011192522,41,0,0,0,0,0,0,0,0,57,0
8746011192561,41,48,0,0,0,0,0,0,0,0,0
8746011193363,41,42,0,0,0,0,0,0,0,0,0
8746011193399,41,56,0,0,0,0,0,0,0,0,0
8746011193435,41,53,0,0,0,0,0,0,0,0,0
8746042359134,42,0,0,0,0,0,0,0,0,49,0
8746011188005,42,52,0,0,0,0,0,0,0,0,0
8746011188203,42,0,0,0,0,0,0,0,0,42,0
8746011191315,42,40,0,0,0,0,0,0,0,0,0
8746011191351,42,34,0,0,0,0,0,0,0,0,0
8746011191390,42,55,0,0,0,0,0,0,0,0,0
8746011191423,42,0,0,0,0,0,0,0,0,54,0
8746011191459,42,58,0,0,0,0,0,0,0,0,0
8746011191495,42,50,0,0,0,0,0,0,0,0,0
8746011191531,42,54,0,0,0,0,0,0,0,0,0
8746011192339,42,50,0,0,0,0,0,0,0,0,0
8746011192375,42,49,0,0,0,0,0,0,0,0,0
8746011192411,42,49,0,0,0,0,0,0,0,0,0
8746011192447,42,0,0,0,0,0,0,0,0,44,0
8746011192486,42,64,0,0,0,0,0,0,0,0,0
8746011192522,42,0,0,0,0,0,0,0,0,57,0
8746011192561,42,48,0,0,0,0,0,0,0,0,0
8746011193363,42,42,0,0,0,0,0,0,0,0,0
8746011193399,42,56,0,0,0,0,0,0,0,0,0
8746011193435,42,53,0,0,0,0,0,0,0,0,0
8746042359134,43,0,0,0,0,0,0,0,0,49,0
8746011188005,43,52,0,0,0,0,0,0,0,0,0
8746011188203,43,0,0,0,0,0,0,0,0,42,0
8746011191315,43,40,0,0,0,0,0,0,0,0,0
8746011191351,43,34,0,0,0,0,0,0,0,0,0
8746011191390,43,55,0,0,0,0,0,0,0,0,0
8746011191423,43,0,0,0,0,0,0,0,0,54,0
8746011191459,43,58,0,0,0,0,0,0,0,0,0
8746011191495,43,50,0,0,0,0,0,0,0,0,0
8746011191531,43,54,0,0,0,0,0,0,0,0,0
8746011192339,43,50,0,0,0,0,0,0,0,0,0
8746011192375,43,49,0,0,0,0,0,0,0,0,0
8746011192411,43,49,0,0,0,0,0,0,0,0,0
8746011192447,43,0,0,0,0,0,0,0,0,44,0
8746011192486,43,64,0,0,0,0,0,0,0,0,0
8746011192522,43,0,0,0,0,0,0,0,0,57,0
8746011192561,43,48,0,0,0,0,0,0,0,0,0
8746011193363,43,42,0,0,0,0,0,0,0,0,0
8746011193399,43,56,0,0,0,0,0,0,0,0,0
8746011193435,43,53,0,0,0,0,0,0,0,0,0
8746042359134,44,0,0,0,0,0,0,0,0,49,0
8746011188005,44,52,0,0,0,0,0,0,0,0,0
8746011188203,44,0,0,0,0,0,0,0,0,42,0
8746011191315,44,40,0,0,0,0,0,0,0,0,0
8746011191351,44,34,0,0,0,0,0,0,0,0,0
8746011191390,44,55,0,0,0,0,0,0,0,0,0
8746011191423,44,0,0,0,0,0,0,0,0,54,0
8746011191459,44,58,0,0,0,0,0,0,0,0,0
8746011191495,44,50,0,0,0,0,0,0,0,0,0
8746011191531,44,54,0,0,0,0,0,0,0,0,0
8746011192339,44,50,0,0,0,0,0,0,0,0,0
8746011192375,44,49,0,0,0,0,0,0,0,0,0
8746011192411,44,49,0,0,0,0,0,0,0,0,0
8746011192447,44,0,0,0,0,0,0,0,0,44,0
8746011192486,44,64,0,0,0,0,0,0,0,0,0
8746011192522,44,0,0,0,0,0,0,0,0,57,0
8746011192561,44,48,0,0,0,0,0,0,0,0,0
8746011193363,44,42,0,0,0,0,0,0,0,0,0
8746011193399,44,56,0,0,0,0,0,0,0,0,0
8746011193435,44,53,0,0,0,0,0,0,0,0,0
8746042359134,45,0,0,0,0,0,0,0,0,49,0
8746011188005,45,52,0,0,0,0,0,0,0,0,0
8746011188203,45,0,0,0,0,0,0,0,0,42,0
8746011191315,45,40,0,0,0,0,0,0,0,0,0
8746011191351,45,34,0,0,0,0,0,0,0,0,0
8746011191390,45,55,0,0,0,0,0,0,0,0,0
8746011191423,45,0,0,0,0,0,0,0,0,54,0
8746011191459,45,58,0,0,0,0,0,0,0,0,0
8746011191495,45,50,0,0,0,0,0,0,0,0,0
8746011191531,45,54,0,0,0,0,0,0,0,0,0
8746011192339,45,50,0,0,0,0,0,0,0,0,0
8746011192375,45,49,0,0,0,0,0,0,0,0,0
8746011192411,45,49,0,0,0,0,0,0,0,0,0
8746011192447,45,0,0,0,0,0,0,0,0,44,0
8746011192486,45,64,0,0,0,0,0,0,0,0,0
8746011192522,45,0,0,0,0,0,0,0,0,57,0
8746011192561,45,48,0,0,0,0,0,0,0,0,0
8746011193363,45,42,0,0,0,0,0,0,0,0,0
8746011193399,45,56,0,0,0,0,0,0,0,0,0
8746011193435,45,53,0,0,0,0,0,0,0,0,0
8746042359134,46,0,0,0,0,0,0,0,0,49,0
8746011188005,46,52,0,0,0,0,0,0,0,0,0
8746011188203,46,0,0,0,0,0,0,0,0,42,0
8746011191315,46,40,0,0,0,0,0,0,0,0,0
8746011191351,46,34,0,0,0,0,0,0,0,0,0
8746011191390,46,55,0,0,0,0,0,0,0,0,0
8746011191423,46,0,0,0,0,0,0,0,0,54,0
8746011191459,46,58,0,0,0,0,0,0,0,0,0
8746011191495,46,50,0,0,0,0,0,0,0,0,0
8746011191531,46,54,0,0,0,0,0,0,0,0,0
8746011192339,46,50,0,0,0,0,0,0,0,0,0
8746011192375,46,49,0,0,0,0,0,0,0,0,0
8746011192411,46,49,0,0,0,0,0,0,0,0,0
8746011192447,46,0,0,0,0,0,0,0,0,44,0
8746011192486,46,64,0,0,0,0,0,0,0,0,0
8746011192522,46,0,0,0,0,0,0,0,0,57,0
8746011192561,46,48,0,0,0,0,0,0,0,0,0
8746011193363,46,42,0,0,0,0,0,0,0,0,0
8746011193399,46,56,0,0,0,0,0,0,0,0,0
8746011193435,46,53,0,0,0,0,0,0,0,0,0
8746042359134,47,0,0,0,0,0,0,0,0,49,0
8746011188005,47,52,0,0,0,0,0,0,0,0,0
8746011188203,47,0,0,0,0,0,0,0,0,42,0
8746011191315,47,40,0,0,0,0,0,0,0,0,0
8746011191351,47,34,0,0,0,0,0,0,0,0,0
8746011191390,47,55,0,0,0,0,0,0,0,0,0
8746011191423,47,0,0,0,0,0,0,0,0,54,0
8746011191459,47,58,0,0,0,0,0,0,0,0,0
8746011191495,47,50,0,0,0,0,0,0,0,0,0
8746011191531,47,54,0,0,0,0,0,0,0,0,0
8746011192339,47,50,0,0,0,0,0,0,0,0,0
8746011192375,47,49,0,0,0,0,0,0,0,0,0
8746011192411,47,49,0,0,0,0,0,0,0,0,0
8746011192447,47,0,0,0,0,0,0,0,0,44,0
8746011192486,47,64,0,0,0,0,0,0,0,0,0
8746011192522,47,0,0,0,0,0,0,0,0,57,0
8746011192561,47,48,0,0,0,0,0,0,0,0,0
8746011193363,47,42,0,0,0,0,0,0,0,0,0
8746011193399,47,56,0,0,0,0,0,0,0,0,0
8746011193435,47,53,0,0,0,0,0,0,0,0,0
8746042359134,48,0,0,0,0,0,0,0,0,49,0
8746011188005,48,52,0,0,0,0,0,0,0,0,0
8746011188203,48,0,0,0,0,0,0,0,0,42,0
8746011191315,48,40,0,0,0,0,0,0,0,0,0
8746011191351,48,34,0,0,0,0,0,0,0,0,0
8746011191390,48,55,0,0,0,0,0,0,0,0,0
8746011191423,48,0,0,0,0,0,0,0,0,54,0
8746011191459,48,58,0,0,0,0,0,0,0,0,0
8746011191495,48,50,0,0,0,0,0,0,0,0,0
8746011191531,48,54,0,0,0,0,0,0,0,0,0
8746011192339,48,50,0,0,0,0,0,0,0,0,0
8746011192375,48,49,0,0,0,0,0,0,0,0,0
8746011192411,48,49,0,0,0,0,0,0,0,0,0
8746011192447,48,0,0,0,0,0,0,0,0,44,0
8746011192486,48,64,0,0,0,0,0,0,0,0,0
8746011192522,48,0,0,0,0,0,0,0,0,57,0
8746011192561,48,48,0,0,0,0,0,0,0,0,0
8746011193363,48,42,0,0,0,0,0,0,0,0,0
8746011193399,48,56,0,0,0,0,0,0,0,0,0
8746011193435,48,53,0,0,0,0,0,0,0,0,0
8746042359134,49,0,0,0,0,0,0,0,0,49,0
8746011188005,49,52,0,0,0,0,0,0,0,0,0
8746011188203,49,0,0,0,0,0,0,0,0,42,0
8746011191315,49,40,0,0,0,0,0,0,0,0,0
8746011191351,49,34,0,0,0,0,0,0,0,0,0
8746011191390,49,55,0,0,0,0,0,0,0,0,0
8746011191423,49,0,0,0,0,0,0,0,0,54,0
8746011191459,49,58,0,0,0,0,0,0,0,0,0
8746011191495,49,50,0,0,0,0,0,0,0,0,0
8746011191531,49,54,0,0,0,0,0,0,0,0,0
8746011192339,49,50,0,0,0,0,0,0,0,0,0
8746011192375,49,49,0,0,0,0,0,0,0,0,0
8746011192411,49,49,0,0,0,0,0,0,0,0,0
8746011192447,49,0,0,0,0,0,0,0,0,44,0
8746011192486,49,64,0,0,0,0,0,0,0,0,0
8746011192522,49,0,0,0,0,0,0,0,0,57,0
8746011192561,49,48,0,0,0,0,0,0,0,0,0
8746011193363,49,42,0,0,0,0,0,0,0,0,0
8746011193399,49,56,0,0,0,0,0,0,0,0,0
8746011193435,49,53,0,0,0,0,0,0,0,0,0
8746042359134,50,0,0,0,0,0,0,0,0,49,0
8746011188005,50,52,0,0,0,0,0,0,0,0,0
8746011188203,50,0,0,0,0,0,0,0,0,42,0
8746011191315,50,40,0,0,0,0,0,0,0,0,0
8746011191351,50,34,0,0,0,0,0,0,0,0,0
8746011191390,50,55,0,0,0,0,0,0,0,0,0
8746011191423,50,0,0,0,0,0,0,0,0,54,0
8746011191459,50,58,0,0,0,0,0,0,0,0,0
8746011191495,50,50,0,0,0,0,0,0,0,0,0
8746011191531,50,54,0,0,0,0,0,0,0,0,0
8746011192339,50,50,0,0,0,0,0,0,0,0,0
8746011192375,50,49,0,0,0,0,0,0,0,0,0
8746011192411,50,49,0,0,0,0,0,0,0,0,0
8746011192447,50,0,0,0,0,0,0,0,0,44,0
8746011192486,50,64,0,0,0,0,0,0,0,0,0
8746011192522,50,0,0,0,0,0,0,0,0,57,0
8746011192561,50,48,0,0,0,0,0,0,0,0,0
8746011193363,50,42,0,0,0,0,0,0,0,0,0
8746011193399,50,56,0,0,0,0,0,0,0,0,0
8746011193435,50,53,0,0,0,0,0,0,0,0,0
8746042359134,51,0,0,0,0,0,0,0,0,49,0
8746011188005,51,52,0,0,0,0,0,0,0,0,0
8746011188203,51,0,0,0,0,0,0,0,0,42,0
8746011191315,51,40,0,0,0,0,0,0,0,0,0
8746011191351,51,34,0,0,0,0,0,0,0,0,0
8746011191390,51,55,0,0,0,0,0,0,0,0,0
8746011191423,51,0,0,0,0,0,0,0,0,54,0
8746011191459,51,58,0,0,0,0,0,0,0,0,0
8746011191495,51,50,0,0,0,0,0,0,0,0,0
8746011191531,51,54,0,0,0,0,0,0,0,0,0
8746011192339,51,50,0,0,0,0,0,0,0,0,0
8746011192375,51,49,0,0,0,0,0,0,0,0,0
8746011192411,51,49,0,0,0,0,0,0,0,0,0
8746011192447,51,0,0,0,0,0,0,0,0,44,0
8746011192486,51,64,0,0,0,0,0,0,0,0,0
8746011192522,51,0,0,0,0,0,0,0,0,57,0
8746011192561,51,48,0,0,0,0,0,0,0,0,0
8746011193363,51,42,0,0,0,0,0,0,0,0,0
8746011193399,51,56,0,0,0,0,0,0,0,0,0
8746011193435,51,53,0,0,0,0,0,0,0,0,0
8746042359134,52,0,0,0,0,0,0,0,0,49,0
8746011188005,52,52,0,0,0,0,0,0,0,0,0
8746011188203,52,0,0,0,0,0,0,0,0,42,0
8746011191315,52,40,0,0,0,0,0,0,0,0,0
8746011191351,52,34,0,0,0,0,0,0,0,0,0
8746011191390,52,55,0,0,0,0,0,0,0,0,0
8746011191423,52,0,0,0,0,0,0,0,0,54,0
8746011191459,52,58,0,0,0,0,0,0,0,0,0
8746011191495,52,50,0,0,0,0,0,0,0,0,0
8746011191531,52,54,0,0,0,0,0,0,0,0,0
8746011192339,52,50,0,0,0,0,0,0,0,0,0
8746011192375,52,49,0,0,0,0,0,0,0,0,0
8746011192411,52,49,0,0,0,0,0,0,0,0,0
8746011192447,52,0,0,0,0,0,0,0,0,44,0
8746011192486,52,64,0,0,0,0,0,0,0,0,0
8746011192522,52,0,0,0,0,0,0,0,0,57,0
8746011192561,52,48,0,0,0,0,0,0,0,0,0
8746011193363,52,42,0,0,0,0,0,0,0,0,0
8746011193399,52,56,0,0,0,0,0,0,0,0,0
8746011193435,52,53,0,0,0,0,0,0,0,0,0
8746042359134,53,0,0,0,0,0,0,0,0,49,0
8746011188005,53,52,0,0,0,0,0,0,0,0,0
8746011188203,53,0,0,0,0,0,0,0,0,42,0
8746011191315,53,40,0,0,0,0,0,0,0,0,0
8746011191351,53,34,0,0,0,0,0,0,0,0,0
8746011191390,53,55,0,0,0,0,0,0,0,0,0
8746011191423,53,0,0,0,0,0,0,0,0,54,0
8746011191459,53,58,0,0,0,0,0,0,0,0,0
8746011191495,53,50,0,0,0,0,0,0,0,0,0
8746011191531,53,54,0,0,0,0,0,0,0,0,0
8746011192339,53,50,0,0,0,0,0,0,0,0,0
8746011192375,53,49,0,0,0,0,0,0,0,0,0
8746011192411,53,49,0,0,0,0,0,0,0,0,0
8746011192447,53,0,0,0,0,0,0,0,0,44,0
8746011192486,53,64,0,0,0,0,0,0,0,0,0
8746011192522,53,0,0,0,0,0,0,0,0,57,0
8746011192561,53,48,0,0,0,0,0,0,0,0,0
8746011193363,53,42,0,0,0,0,0,0,0,0,0
8746011193399,53,56,0,0,0,0,0,0,0,0,0
8746011193435,53,53,0,0,0,0,0,0,0,0,0
8746042359134,54,0,0,0,0,0,0,0,0,49,0
8746011188005,54,52,0,0,0,0,0,0,0,0,0
8746011188203,54,0,0,0,0,0,0,0,0,42,0
8746011191315,54,40,0,0,0,0,0,0,0,0,0
8746011191351,54,34,0,0,0,0,0,0,0,0,0
8746011191390,54,55,0,0,0,0,0,0,0,0,0
8746011191423,54,0,0,0,0,0,0,0,0,54,0
8746011191459,54,58,0,0,0,0,0,0,0,0,0
8746011191495,54,50,0,0,0,0,0,0,0,0,0
8746011191531,54,54,0,0,0,0,0,0,0,0,0
8746011192339,54,50,0,0,0,0,0,0,0,0,0
8746011192375,54,49,0,0,0,0,0,0,0,0,0
8746011192411,54,49,0,0,0,0,0,0,0,0,0
8746011192447,54,0,0,0,0,0,0,0,0,44,0
8746011192486,54,64,0,0,0,0,0,0,0,0,0
8746011192522,54,0,0,0,0,0,0,0,0,57,0
8746011192561,54,48,0,0,0,0,0,0,0,0,0
8746011193363,54,42,0,0,0,0,0,0,0,0,0
8746011193399,54,56,0,0,0,0,0,0,0,0,0
8746011193435,54,53,0,0,0,0,0,0,0,0,0
8746042359134,55,0,0,0,0,0,0,0,0,49,0
8746011188005,55,52,0,0,0,0,0,0,0,0,0
8746011188203,55,0,0,0,0,0,0,0,0,42,0
8746011191315,55,40,0,0,0,0,0,0,0,0,0
8746011191351,55,34,0,0,0,0,0,0,0,0,0
8746011191390,55,55,0,0,0,0,0,0,0,0,0
8746011191423,55,0,0,0,0,0,0,0,0,54,0
8746011191459,55,58,0,0,0,0,0,0,0,0,0
8746011191495,55,50,0,0,0,0,0,0,0,0,0
8746011191531,55,54,0,0,0,0,0,0,0,0,0
8746011192339,55,50,0,0,0,0,0,0,0,0,0
8746011192375,55,49,0,0,0,0,0,0,0,0,0
8746011192411,55,49,0,0,0,0,0,0,0,0,0
8746011192447,55,0,0,0,0,0,0,0,0,44,0
8746011192486,55,64,0,0,0,0,0,0,0,0,0
8746011192522,55,0,0,0,0,0,0,0,0,57,0
8746011192561,55,48,0,0,0,0,0,0,0,0,0
8746011193363,55,42,0,0,0,0,0,0,0,0,0
8746011193399,55,56,0,0,0,0,0,0,0,0,0
8746011193435,55,53,0,0,0,0,0,0,0,0,0
8746042359134,56,0,0,0,0,0,0,0,0,49,0
8746011188005,56,52,0,0,0,0,0,0,0,0,0
8746011188203,56,0,0,0,0,0,0,0,0,42,0
8746011191315,56,40,0,0,0,0,0,0,0,0,0
8746011191351,56,34,0,0,0,0,0,0,0,0,0
8746011191390,56,55,0,0,0,0,0,0,0,0,0
8746011191423,56,0,0,0,0,0,0,0,0,54,0
8746011191459,56,58,0,0,0,0,0,0,0,0,0
8746011191495,56,50,0,0,0,0,0,0,0,0,0
8746011191531,56,54,0,0,0,0,0,0,0,0,0
8746011192339,56,50,0,0,0,0,0,0,0,0,0
8746011192375,56,49,0,0,0,0,0,0,0,0,0
8746011192411,56,49,0,0,0,0,0,0,0,0,0
8746011192447,56,0,0,0,0,0,0,0,0,44,0
8746011192486,56,64,0,0,0,0,0,0,0,0,0
8746011192522,56,0,0,0,0,0,0,0,0,57,0
8746011192561,56,48,0,0,0,0,0,0,0,0,0
8746011193363,56,42,0,0,0,0,0,0,0,0,0
8746011193399,56,56,0,0,0,0,0,0,0,0,0
8746011193435,56,53,0,0,0,0,0,0,0,0,0
8746042359134,57,0,0,0,0,0,0,0,0,49,0
8746011188005,57,52,0,0,0,0,0,0,0,0,0
8746011188203,57,0,0,0,0,0,0,0,0,42,0
8746011191315,57,40,0,0,0,0,0,0,0,0,0
8746011191351,57,34,0,0,0,0,0,0,0,0,0
8746011191390,57,55,0,0,0,0,0,0,0,0,0
8746011191423,57,0,0,0,0,0,0,0,0,54,0
8746011191459,57,58,0,0,0,0,0,0,0,0,0
8746011191495,57,50,0,0,0,0,0,0,0,0,0
8746011191531,57,54,0,0,0,0,0,0,0,0,0
8746011192339,57,50,0,0,0,0,0,0,0,0,0
8746011192375,57,49,0,0,0,0,0,0,0,0,0
8746011192411,57,49,0,0,0,0,0,0,0,0,0
8746011192447,57,0,0,0,0,0,0,0,0,44,0
8746011192486,57,64,0,0,0,0,0,0,0,0,0
8746011192522,57,0,0,0,0,0,0,0,0,57,0
8746011192561,57,48,0,0,0,0,0,0,0,0,0
8746011193363,57,42,0,0,0,0,0,0,0,0,0
8746011193399,57,56,0,0,0,0,0,0,0,0,0
8746011193435,57,53,0,0,0,0,0,0,0,0,0
8746042359134,58,0,0,0,0,0,0,0,0,49,0
8746011188005,58,52,0,0,0,0,0,0,0,0,0
8746011188203,58,0,0,0,0,0,0,0,0,42,0
8746011191315,58,40,0,0,0,0,0,0,0,0,0
8746011191351,58,34,0,0,0,0,0,0,0,0,0
8746011191390,58,55,0,0,0,0,0,0,0,0,0
8746011191423,58,0,0,0,0,0,0,0,0,54,0
8746011191459,58,58,0,0,0,0,0,0,0,0,0
8746011191495,58,50,0,0,0,0,0,0,0,0,0
8746011191531,58,54,0,0,0,0,0,0,0,0,0
8746011192339,58,50,0,0,0,0,0,0,0,0,0
8746011192375,58,49,0,0,0,0,0,0,0,0,0
8746011192411,58,49,0,0,0,0,0,0,0,0,0
8746011192447,58,0,0,0,0,0,0,0,0,44,0
8746011192486,58,64,0,0,0,0,0,0,0,0,0
8746011192522,58,0,0,0,0,0,0,0,0,57,0
8746011192561,58,48,0,0,0,0,0,0,0,0,0
8746011193363,58,42,0,0,0,0,0,0,0,0,0
8746011193399,58,56,0,0,0,0,0,0,0,0,0
8746011193435,58,53,0,0,0,0,0,0,0,0,0
8746042359134,59,0,0,0,0,0,0,0,0,49,0
8746011188005,59,52,0,0,0,0,0,0,0,0,0
8746011188203,59,0,0,0,0,0,0,0,0,42,0
8746011191315,59,40,0,0,0,0,0,0,0,0,0
8746011191351,59,34,0,0,0,0,0,0,0,0,0
8746011191390,59,55,0,0,0,0,0,0,0,0,0
8746011191423,59,0,0,0,0,0,0,0,0,54,0
8746011191459,59,58,0,0,0,0,0,0,0,0,0
8746011191495,59,50,0,0,0,0,0,0,0,0,0
8746011191531,59,54,0,0,0,0,0,0,0,0,0
8746011192339,59,50,0,0,0,0,0,0,0,0,0
8746011192375,59,49,0,0,0,0,0,0,0,0,0
8746011192411,59,49,0,0,0,0,0,0,0,0,0
8746011192447,59,0,0,0,0,0,0,0,0,44,0
8746011192486,59,64,0,0,0,0,0,0,0,0,0
8746011192522,59,0,0,0,0,0,0,0,0,57,0
8746011192561,59,48,0,0,0,0,0,0,0,0,0
8746011193363,59,42,0,0,0,0,0,0,0,0,0
8746011193399,59,56,0,0,0,0,0,0,0,0,0
8746011193435,59,53,0,0,0,0,0,0,0,0,0
