time,cell,location_x,location_y,InfectionStatus.Susceptible,InfectionStatus.Exposed,InfectionStatus.InfectASympt,InfectionStatus.InfectMild,InfectionStatus.InfectGP,InfectionStatus.InfectHosp,InfectionStatus.InfectICU,InfectionStatus.InfectICURecov,InfectionStatus.Recovered,InfectionStatus.Dead,InfectionStatus.Vaccinated
0,0,0,0,621,0,0,0,0,0,0,0,0,0,0
0,1,0,1,621,0,0,0,0,0,0,0,0,0,0
0,2,0,2,621,0,0,0,0,0,0,0,0,0,0
0,3,0,3,621,0,0,0,0,0,0,0,0,0,0
0,4,1,0,621,0,0,0,0,0,0,0,0,0,0
0,5,1,1,621,0,0,0,0,0,0,0,0,0,0
0,6,1,2,621,0,0,0,0,0,0,0,0,0,0
0,7,1,3,621,0,0,0,0,0,0,0,0,0,0
0,8,2,0,611,0,0,10,0,0,0,0,0,0,0
0,9,2,1,621,0,0,0,0,0,0,0,0,0,0
0,10,2,2,621,0,0,0,0,0,0,0,0,0,0
0,11,2,3,621,0,0,0,0,0,0,0,0,0,0
0,12,3,0,621,0,0,0,0,0,0,0,0,0,0
0,13,3,1,621,0,0,0,0,0,0,0,0,0,0
0,14,3,2,621,0,0,0,0,0,0,0,0,0,0
0,15,3,3,621,0,0,0,0,0,0,0,0,0,0
1.0,0,0,0,621,0,0,0,0,0,0,0,0,0,0
1.0,1,0,1,621,0,0,0,0,0,0,0,0,0,0
1.0,2,0,2,621,0,0,0,0,0,0,0,0,0,0
1.0,3,0,3,621,0,0,0,0,0,0,0,0,0,0
1.0,4,1,0,621,0,0,0,0,0,0,0,0,0,0
1.0,5,1,1,621,0,0,0,0,0,0,0,0,0,0
1.0,6,1,2,621,0,0,0,0,0,0,0,0,0,0
1.0,7,1,3,621,0,0,0,0,0,0,0,0,0,0
1.0,8,2,0,611,0,0,10,0,0,0,0,0,0,0
1.0,9,2,1,621,0,0,0,0,0,0,0,0,0,0
1.0,10,2,2,621,0,0,0,0,0,0,0,0,0,0
1.0,11,2,3,621,0,0,0,0,0,0,0,0,0,0
1.0,12,3,0,621,0,0,0,0,0,0,0,0,0,0
1.0,13,3,1,621,0,0,0,0,0,0,0,0,0,0
1.0,14,3,2,621,0,0,0,0,0,0,0,0,0,0
1.0,15,3,3,621,0,0,0,0,0,0,0,0,0,0
2.0,0,0,0,621,0,0,0,0,0,0,0,0,0,0
2.0,1,0,1,621,0,0,0,0,0,0,0,0,0,0
2.0,2,0,2,621,0,0,0,0,0,0,0,0,0,0
2.0,3,0,3,621,0,0,0,0,0,0,0,0,0,0
2.0,4,1,0,619,2,0,0,0,0,0,0,0,0,0
2.0,5,1,1,621,0,0,0,0,0,0,0,0,0,0
2.0,6,1,2,621,0,0,0,0,0,0,0,0,0,0
2.0,7,1,3,621,0,0,0,0,0,0,0,0,0,0
2.0,8,2,0,559,51,2,9,0,0,0,0,0,0,0
2.0,9,2,1,617,4,0,0,0,0,0,0,0,0,0
2.0,10,2,2,621,0,0,0,0,0,0,0,0,0,0
2.0,11,2,3,621,0,0,0,0,0,0,0,0,0,0
2.0,12,3,0,617,4,0,0,0,0,0,0,0,0,0
2.0,13,3,1,621,0,0,0,0,0,0,0,0,0,0
2.0,14,3,2,621,0,0,0,0,0,0,0,0,0,0
2.0,15,3,3,621,0,0,0,0,0,0,0,0,0,0
3.0,0,0,0,621,0,0,0,0,0,0,0,0,0,0
3.0,1,0,1,621,0,0,0,0,0,0,0,0,0,0
3.0,2,0,2,621,0,0,0,0,0,0,0,0,0,0
3.0,3,0,3,621,0,0,0,0,0,0,0,0,0,0
3.0,4,1,0,619,2,0,0,0,0,0,0,0,0,0
3.0,5,1,1,621,0,0,0,0,0,0,0,0,0,0
3.0,6,1,2,621,0,0,0,0,0,0,0,0,0,0
3.0,7,1,3,621,0,0,0,0,0,0,0,0,0,0
3.0,8,2,0,506,96,5,10,2,0,0,0,2,0,0
3.0,9,2,1,617,4,0,0,0,0,0,0,0,0,0
3.0,10,2,2,621,0,0,0,0,0,0,0,0,0,0
3.0,11,2,3,621,0,0,0,0,0,0,0,0,0,0
3.0,12,3,0,617,4,0,0,0,0,0,0,0,0,0
3.0,13,3,1,621,0,0,0,0,0,0,0,0,0,0
3.0,14,3,2,621,0,0,0,0,0,0,0,0,0,0
3.0,15,3,3,621,0,0,0,0,0,0,0,0,0,0
4.0,0,0,0,621,0,0,0,0,0,0,0,0,0,0
4.0,1,0,1,621,0,0,0,0,0,0,0,0,0,0
4.0,2,0,2,621,0,0,0,0,0,0,0,0,0,0
4.0,3,0,3,621,0,0,0,0,0,0,0,0,0,0
4.0,4,1,0,619,0,2,0,0,0,0,0,0,0,0
4.0,5,1,1,621,0,0,0,0,0,0,0,0,0,0
4.0,6,1,2,621,0,0,0,0,0,0,0,0,0,0
4.0,7,1,3,621,0,0,0,0,0,0,0,0,0,0
4.0,8,2,0,477,109,11,17,5,0,0,0,2,0,0
4.0,9,2,1,614,5,1,1,0,0,0,0,0,0,0
4.0,10,2,2,621,0,0,0,0,0,0,0,0,0,0
4.0,11,2,3,621,0,0,0,0,0,0,0,0,0,0
4.0,12,3,0,614,7,0,0,0,0,0,0,0,0,0
4.0,13,3,1,621,0,0,0,0,0,0,0,0,0,0
4.0,14,3,2,621,0,0,0,0,0,0,0,0,0,0
4.0,15,3,3,621,0,0,0,0,0,0,0,0,0,0
5.0,0,0,0,621,0,0,0,0,0,0,0,0,0,0
5.0,1,0,1,621,0,0,0,0,0,0,0,0,0,0
5.0,2,0,2,621,0,0,0,0,0,0,0,0,0,0
5.0,3,0,3,621,0,0,0,0,0,0,0,0,0,0
5.0,4,1,0,611,8,2,0,0,0,0,0,0,0,0
5.0,5,1,1,620,1,0,0,0,0,0,0,0,0,0
5.0,6,1,2,621,0,0,0,0,0,0,0,0,0,0
5.0,7,1,3,621,0,0,0,0,0,0,0,0,0,0
5.0,8,2,0,441,119,22,27,9,0,0,0,3,0,0
5.0,9,2,1,600,18,1,1,1,0,0,0,0,0,0
5.0,10,2,2,621,0,0,0,0,0,0,0,0,0,0
5.0,11,2,3,621,0,0,0,0,0,0,0,0,0,0
5.0,12,3,0,605,16,0,0,0,0,0,0,0,0,0
5.0,13,3,1,621,0,0,0,0,0,0,0,0,0,0
5.0,14,3,2,621,0,0,0,0,0,0,0,0,0,0
5.0,15,3,3,621,0,0,0,0,0,0,0,0,0,0
6.0,0,0,0,621,0,0,0,0,0,0,0,0,0,0
6.0,1,0,1,621,0,0,0,0,0,0,0,0,0,0
6.0,2,0,2,621,0,0,0,0,0,0,0,0,0,0
6.0,3,0,3,621,0,0,0,0,0,0,0,0,0,0
6.0,4,1,0,611,7,2,1,0,0,0,0,0,0,0
6.0,5,1,1,618,3,0,0,0,0,0,0,0,0,0
6.0,6,1,2,621,0,0,0,0,0,0,0,0,0,0
6.0,7,1,3,621,0,0,0,0,0,0,0,0,0,0
6.0,8,2,0,374,167,27,36,12,0,0,0,5,0,0
6.0,9,2,1,587,27,2,2,3,0,0,0,0,0,0
6.0,10,2,2,621,0,0,0,0,0,0,0,0,0,0
6.0,11,2,3,621,0,0,0,0,0,0,0,0,0,0
6.0,12,3,0,603,12,4,1,1,0,0,0,0,0,0
6.0,13,3,1,619,2,0,0,0,0,0,0,0,0,0
6.0,14,3,2,621,0,0,0,0,0,0,0,0,0,0
6.0,15,3,3,621,0,0,0,0,0,0,0,0,0,0
7.0,0,0,0,621,0,0,0,0,0,0,0,0,0,0
7.0,1,0,1,621,0,0,0,0,0,0,0,0,0,0
7.0,2,0,2,621,0,0,0,0,0,0,0,0,0,0
7.0,3,0,3,621,0,0,0,0,0,0,0,0,0,0
7.0,4,1,0,609,5,2,3,2,0,0,0,0,0,0
7.0,5,1,1,615,6,0,0,0,0,0,0,0,0,0
7.0,6,1,2,621,0,0,0,0,0,0,0,0,0,0
7.0,7,1,3,621,0,0,0,0,0,0,0,0,0,0
7.0,8,2,0,267,232,43,43,27,0,0,0,9,0,0
7.0,9,2,1,544,63,5,5,4,0,0,0,0,0,0
7.0,10,2,2,621,0,0,0,0,0,0,0,0,0,0
7.0,11,2,3,621,0,0,0,0,0,0,0,0,0,0
7.0,12,3,0,568,42,5,3,3,0,0,0,0,0,0
7.0,13,3,1,616,4,1,0,0,0,0,0,0,0,0
7.0,14,3,2,621,0,0,0,0,0,0,0,0,0,0
7.0,15,3,3,621,0,0,0,0,0,0,0,0,0,0
8.0,0,0,0,618,3,0,0,0,0,0,0,0,0,0
8.0,1,0,1,621,0,0,0,0,0,0,0,0,0,0
8.0,2,0,2,621,0,0,0,0,0,0,0,0,0,0
8.0,3,0,3,621,0,0,0,0,0,0,0,0,0,0
8.0,4,1,0,605,7,3,4,2,0,0,0,0,0,0
8.0,5,1,1,608,12,0,0,1,0,0,0,0,0,0
8.0,6,1,2,621,0,0,0,0,0,0,0,0,0,0
8.0,7,1,3,621,0,0,0,0,0,0,0,0,0,0
8.0,8,2,0,134,308,60,65,36,0,0,0,18,0,0
8.0,9,2,1,475,119,10,7,10,0,0,0,0,0,0
8.0,10,2,2,619,2,0,0,0,0,0,0,0,0,0
8.0,11,2,3,621,0,0,0,0,0,0,0,0,0,0
8.0,12,3,0,483,117,7,8,5,0,0,0,1,0,0
8.0,13,3,1,616,4,1,0,0,0,0,0,0,0,0
8.0,14,3,2,621,0,0,0,0,0,0,0,0,0,0
8.0,15,3,3,621,0,0,0,0,0,0,0,0,0,0
9.0,0,0,0,616,4,0,1,0,0,0,0,0,0,0
9.0,1,0,1,621,0,0,0,0,0,0,0,0,0,0
9.0,2,0,2,621,0,0,0,0,0,0,0,0,0,0
9.0,3,0,3,621,0,0,0,0,0,0,0,0,0,0
9.0,4,1,0,568,40,6,5,2,0,0,0,0,0,0
9.0,5,1,1,601,19,0,0,1,0,0,0,0,0,0
9.0,6,1,2,620,1,0,0,0,0,0,0,0,0,0
9.0,7,1,3,621,0,0,0,0,0,0,0,0,0,0
9.0,8,2,0,56,330,81,85,49,0,0,0,20,0,0
9.0,9,2,1,430,139,17,18,17,0,0,0,0,0,0
9.0,10,2,2,609,12,0,0,0,0,0,0,0,0,0
9.0,11,2,3,621,0,0,0,0,0,0,0,0,0,0
9.0,12,3,0,430,151,11,20,8,0,0,0,1,0,0
9.0,13,3,1,603,14,2,2,0,0,0,0,0,0,0
9.0,14,3,2,620,0,0,1,0,0,0,0,0,0,0
9.0,15,3,3,621,0,0,0,0,0,0,0,0,0,0
10.0,0,0,0,614,5,1,1,0,0,0,0,0,0,0
10.0,1,0,1,621,0,0,0,0,0,0,0,0,0,0
10.0,2,0,2,621,0,0,0,0,0,0,0,0,0,0
10.0,3,0,3,621,0,0,0,0,0,0,0,0,0,0
10.0,4,1,0,530,69,7,13,1,0,1,0,0,0,0
10.0,5,1,1,573,40,3,1,4,0,0,0,0,0,0
10.0,6,1,2,619,2,0,0,0,0,0,0,0,0,0
10.0,7,1,3,621,0,0,0,0,0,0,0,0,0,0
10.0,8,2,0,8,307,104,112,58,1,0,0,31,0,0
10.0,9,2,1,365,177,27,30,19,0,0,0,3,0,0
10.0,10,2,2,607,11,2,1,0,0,0,0,0,0,0
10.0,11,2,3,621,0,0,0,0,0,0,0,0,0,0
10.0,12,3,0,356,193,24,30,13,0,0,0,5,0,0
10.0,13,3,1,593,19,4,4,1,0,0,0,0,0,0
10.0,14,3,2,617,3,0,1,0,0,0,0,0,0,0
10.0,15,3,3,621,0,0,0,0,0,0,0,0,0,0
11.0,0,0,0,600,17,1,2,1,0,0,0,0,0,0
11.0,1,0,1,619,2,0,0,0,0,0,0,0,0,0
11.0,2,0,2,621,0,0,0,0,0,0,0,0,0,0
11.0,3,0,3,621,0,0,0,0,0,0,0,0,0,0
11.0,4,1,0,483,101,10,20,6,0,1,0,0,0,0
11.0,5,1,1,557,43,9,6,6,0,0,0,0,0,0
11.0,6,1,2,619,2,0,0,0,0,0,0,0,0,0
11.0,7,1,3,621,0,0,0,0,0,0,0,0,0,0
11.0,8,2,0,2,258,123,124,62,3,0,0,49,0,0
11.0,9,2,1,302,187,41,49,31,0,0,0,11,0,0
11.0,10,2,2,599,17,3,2,0,0,0,0,0,0,0
11.0,11,2,3,621,0,0,0,0,0,0,0,0,0,0
11.0,12,3,0,234,272,35,49,23,1,0,0,7,0,0
11.0,13,3,1,578,32,4,5,2,0,0,0,0,0,0
11.0,14,3,2,616,3,1,1,0,0,0,0,0,0,0
11.0,15,3,3,621,0,0,0,0,0,0,0,0,0,0
12.0,0,0,0,554,60,3,3,0,0,0,0,1,0,0
12.0,1,0,1,617,4,0,0,0,0,0,0,0,0,0
12.0,2,0,2,621,0,0,0,0,0,0,0,0,0,0
12.0,3,0,3,621,0,0,0,0,0,0,0,0,0,0
12.0,4,1,0,422,142,18,25,11,0,1,0,2,0,0
12.0,5,1,1,515,74,15,8,9,0,0,0,0,0,0
12.0,6,1,2,618,3,0,0,0,0,0,0,0,0,0
12.0,7,1,3,621,0,0,0,0,0,0,0,0,0,0
12.0,8,2,0,0,208,143,138,54,5,0,0,73,0,0
12.0,9,2,1,210,232,58,68,39,0,0,0,14,0,0
12.0,10,2,2,573,39,6,2,1,0,0,0,0,0,0
12.0,11,2,3,621,0,0,0,0,0,0,0,0,0,0
12.0,12,3,0,134,325,58,60,31,1,0,0,12,0,0
12.0,13,3,1,543,59,6,11,2,0,0,0,0,0,0
12.0,14,3,2,616,3,1,1,0,0,0,0,0,0,0
12.0,15,3,3,621,0,0,0,0,0,0,0,0,0,0
13.0,0,0,0,546,58,5,8,3,0,0,0,1,0,0
13.0,1,0,1,609,9,1,1,0,0,0,0,1,0,0
13.0,2,0,2,621,0,0,0,0,0,0,0,0,0,0
13.0,3,0,3,621,0,0,0,0,0,0,0,0,0,0
13.0,4,1,0,399,133,31,34,16,0,1,0,7,0,0
13.0,5,1,1,427,146,20,16,11,0,0,0,1,0,0
13.0,6,1,2,617,4,0,0,0,0,0,0,0,0,0
13.0,7,1,3,621,0,0,0,0,0,0,0,0,0,0
13.0,8,2,0,0,153,155,148,62,5,0,0,98,0,0
13.0,9,2,1,120,272,74,83,51,1,0,0,20,0,0
13.0,10,2,2,541,64,9,3,4,0,0,0,0,0,0
13.0,11,2,3,621,0,0,0,0,0,0,0,0,0,0
13.0,12,3,0,75,319,74,83,46,2,0,0,22,0,0
13.0,13,3,1,499,96,8,12,5,0,0,0,1,0,0
13.0,14,3,2,612,7,1,1,0,0,0,0,0,0,0
13.0,15,3,3,621,0,0,0,0,0,0,0,0,0,0
14.0,0,0,0,542,52,7,12,6,0,0,0,2,0,0
14.0,1,0,1,597,17,2,2,2,0,0,0,1,0,0
14.0,2,0,2,620,1,0,0,0,0,0,0,0,0,0
14.0,3,0,3,621,0,0,0,0,0,0,0,0,0,0
14.0,4,1,0,374,125,38,50,21,1,1,0,11,0,0
14.0,5,1,1,365,174,34,28,17,0,0,0,3,0,0
14.0,6,1,2,610,10,1,0,0,0,0,0,0,0,0
14.0,7,1,3,621,0,0,0,0,0,0,0,0,0,0
14.0,8,2,0,0,121,161,145,58,4,0,0,131,1,0
14.0,9,2,1,80,257,90,92,62,1,0,0,39,0,0
14.0,10,2,2,532,62,12,6,6,0,0,0,3,0,0
14.0,11,2,3,617,3,1,0,0,0,0,0,0,0,0
14.0,12,3,0,45,271,89,117,68,3,0,0,28,0,0
14.0,13,3,1,472,108,17,17,6,0,0,0,1,0,0
14.0,14,3,2,597,20,2,1,0,0,0,0,1,0,0
14.0,15,3,3,621,0,0,0,0,0,0,0,0,0,0
15.0,0,0,0,491,86,13,20,9,0,0,0,2,0,0
15.0,1,0,1,548,59,2,7,4,0,0,0,1,0,0
15.0,2,0,2,617,4,0,0,0,0,0,0,0,0,0
15.0,3,0,3,621,0,0,0,0,0,0,0,0,0,0
15.0,4,1,0,330,137,52,55,26,1,1,0,19,0,0
15.0,5,1,1,298,196,47,47,27,0,0,0,6,0,0
15.0,6,1,2,600,16,1,3,1,0,0,0,0,0,0
15.0,7,1,3,621,0,0,0,0,0,0,0,0,0,0
15.0,8,2,0,0,94,159,136,61,3,0,0,165,3,0
15.0,9,2,1,57,218,109,108,74,2,0,0,53,0,0
15.0,10,2,2,487,97,14,9,10,0,0,0,4,0,0
15.0,11,2,3,613,7,1,0,0,0,0,0,0,0,0
15.0,12,3,0,20,242,98,133,77,4,0,0,47,0,0
15.0,13,3,1,373,180,28,25,14,0,0,0,1,0,0
15.0,14,3,2,582,27,7,1,3,0,0,0,1,0,0
15.0,15,3,3,621,0,0,0,0,0,0,0,0,0,0
16.0,0,0,0,432,121,20,31,14,0,0,0,3,0,0
16.0,1,0,1,457,136,4,12,10,0,0,0,2,0,0
16.0,2,0,2,608,12,0,1,0,0,0,0,0,0,0
16.0,3,0,3,621,0,0,0,0,0,0,0,0,0,0
16.0,4,1,0,286,151,61,62,34,1,1,0,25,0,0
16.0,5,1,1,193,251,68,66,34,0,0,0,9,0,0
16.0,6,1,2,578,36,2,4,1,0,0,0,0,0,0
16.0,7,1,3,618,3,0,0,0,0,0,0,0,0,0
16.0,8,2,0,0,72,156,125,62,5,0,0,198,3,0
16.0,9,2,1,34,202,116,112,75,3,0,0,79,0,0
16.0,10,2,2,450,109,22,17,16,0,0,0,7,0,0
16.0,11,2,3,604,15,1,0,1,0,0,0,0,0,0
16.0,12,3,0,15,201,117,136,77,6,0,0,69,0,0
16.0,13,3,1,297,217,41,41,20,0,1,0,4,0,0
16.0,14,3,2,557,43,9,7,4,0,0,0,1,0,0
16.0,15,3,3,620,1,0,0,0,0,0,0,0,0,0
17.0,0,0,0,345,184,27,42,16,1,0,0,6,0,0
17.0,1,0,1,400,169,13,23,14,0,0,0,2,0,0
17.0,2,0,2,553,63,1,1,2,0,0,0,1,0,0
17.0,3,0,3,620,1,0,0,0,0,0,0,0,0,0
17.0,4,1,0,242,168,73,62,38,2,1,0,35,0,0
17.0,5,1,1,103,306,76,79,40,1,0,0,16,0,0
17.0,6,1,2,555,53,6,6,1,0,0,0,0,0,0
17.0,7,1,3,618,3,0,0,0,0,0,0,0,0,0
17.0,8,2,0,0,53,157,118,60,6,0,0,224,3,0
17.0,9,2,1,9,191,118,121,82,4,0,0,96,0,0
17.0,10,2,2,435,110,30,23,15,0,0,0,8,0,0
17.0,11,2,3,602,15,1,1,2,0,0,0,0,0,0
17.0,12,3,0,7,152,132,139,83,7,0,0,100,1,0
17.0,13,3,1,265,206,54,54,31,0,1,0,10,0,0
17.0,14,3,2,483,110,10,9,7,0,0,0,2,0,0
17.0,15,3,3,618,3,0,0,0,0,0,0,0,0,0
18.0,0,0,0,252,232,37,57,28,1,0,0,14,0,0
18.0,1,0,1,315,215,29,34,23,0,0,0,5,0,0
18.0,2,0,2,533,69,7,3,8,0,0,0,1,0,0
18.0,3,0,3,620,1,0,0,0,0,0,0,0,0,0
18.0,4,1,0,214,157,86,73,46,2,0,1,42,0,0
18.0,5,1,1,64,282,101,91,60,1,0,0,22,0,0
18.0,6,1,2,510,85,11,12,2,0,0,0,1,0,0
18.0,7,1,3,615,6,0,0,0,0,0,0,0,0,0
18.0,8,2,0,0,43,145,109,53,6,0,0,262,3,0
18.0,9,2,1,7,157,123,122,82,4,0,0,126,0,0
18.0,10,2,2,383,137,37,36,16,0,0,0,12,0,0
18.0,11,2,3,583,31,3,2,2,0,0,0,0,0,0
18.0,12,3,0,3,116,136,137,81,6,1,0,140,1,0
18.0,13,3,1,231,197,63,76,34,3,1,0,16,0,0
18.0,14,3,2,406,163,14,18,14,0,0,0,6,0,0
18.0,15,3,3,611,8,1,1,0,0,0,0,0,0,0
19.0,0,0,0,167,259,59,74,40,1,0,0,21,0,0
19.0,1,0,1,234,239,49,56,32,0,0,0,11,0,0
19.0,2,0,2,464,118,12,9,15,0,0,0,3,0,0
19.0,3,0,3,618,3,0,0,0,0,0,0,0,0,0
19.0,4,1,0,193,133,97,85,50,1,1,0,61,0,0
19.0,5,1,1,44,244,114,115,66,0,0,0,37,1,0
19.0,6,1,2,467,105,15,22,9,0,0,0,3,0,0
19.0,7,1,3,614,5,1,0,1,0,0,0,0,0,0
19.0,8,2,0,0,34,132,92,46,7,0,0,307,3,0
19.0,9,2,1,6,121,133,118,71,8,0,0,164,0,0
19.0,10,2,2,369,128,48,41,18,0,0,0,17,0,0
19.0,11,2,3,524,82,5,7,3,0,0,0,0,0,0
19.0,12,3,0,1,89,138,134,86,7,1,0,164,1,0
19.0,13,3,1,192,198,75,92,41,3,1,0,19,0,0
19.0,14,3,2,347,185,24,34,23,0,0,0,8,0,0
19.0,15,3,3,605,12,1,3,0,0,0,0,0,0,0
20.0,0,0,0,87,290,71,90,52,2,0,0,29,0,0
20.0,1,0,1,106,301,68,84,45,1,0,0,16,0,0
20.0,2,0,2,363,188,24,19,24,0,0,0,3,0,0
20.0,3,0,3,601,18,0,1,1,0,0,0,0,0,0
20.0,4,1,0,153,150,106,84,45,4,1,0,78,0,0
20.0,5,1,1,19,223,128,123,73,2,0,0,52,1,0
20.0,6,1,2,425,128,21,29,15,0,0,0,3,0,0
20.0,7,1,3,608,11,1,0,1,0,0,0,0,0,0
20.0,8,2,0,0,27,128,73,40,8,0,0,342,3,0
20.0,9,2,1,1,98,143,109,69,6,1,0,194,0,0
20.0,10,2,2,339,132,50,50,27,0,0,0,23,0,0
20.0,11,2,3,470,114,12,18,7,0,0,0,0,0,0
20.0,12,3,0,0,69,129,116,80,7,1,0,217,2,0
20.0,13,3,1,159,198,81,96,42,4,2,0,39,0,0
20.0,14,3,2,271,217,36,50,33,1,0,0,13,0,0
20.0,15,3,3,574,38,2,5,2,0,0,0,0,0,0
21.0,0,0,0,32,290,88,99,56,1,0,0,55,0,0
21.0,1,0,1,32,311,95,103,57,1,0,0,22,0,0
21.0,2,0,2,247,255,44,38,27,0,0,0,10,0,0
21.0,3,0,3,601,16,0,2,2,0,0,0,0,0,0
21.0,4,1,0,146,130,114,84,42,8,1,0,96,0,0
21.0,5,1,1,15,193,134,126,80,3,0,0,69,1,0
21.0,6,1,2,392,137,27,34,22,0,0,0,9,0,0
21.0,7,1,3,592,19,3,3,4,0,0,0,0,0,0
21.0,8,2,0,0,22,121,64,35,8,1,0,367,3,0
21.0,9,2,1,0,73,147,94,59,7,1,0,239,1,0
21.0,10,2,2,303,141,61,52,33,0,0,0,31,0,0
21.0,11,2,3,404,153,19,28,15,0,0,0,2,0,0
21.0,12,3,0,0,56,127,115,66,10,0,0,244,3,0
21.0,13,3,1,140,174,91,99,55,3,2,0,57,0,0
21.0,14,3,2,192,255,52,63,41,1,0,0,17,0,0
21.0,15,3,3,511,91,5,10,4,0,0,0,0,0,0
22.0,0,0,0,13,241,114,123,63,1,0,0,66,0,0
22.0,1,0,1,8,264,117,120,70,2,0,0,40,0,0
22.0,2,0,2,168,277,65,61,35,1,0,0,14,0,0
22.0,3,0,3,591,24,1,3,2,0,0,0,0,0,0
22.0,4,1,0,133,120,113,82,39,9,1,0,124,0,0
22.0,5,1,1,10,146,142,133,85,2,1,0,101,1,0
22.0,6,1,2,353,147,39,42,29,0,0,0,11,0,0
22.0,7,1,3,563,44,4,4,6,0,0,0,0,0,0
22.0,8,2,0,0,19,112,48,27,9,1,0,402,3,0
22.0,9,2,1,0,61,138,83,57,7,0,0,274,1,0
22.0,10,2,2,253,167,67,53,36,0,0,0,45,0,0
22.0,11,2,3,283,243,33,38,20,0,0,0,4,0,0
22.0,12,3,0,0,42,126,98,61,9,0,0,282,3,0
22.0,13,3,1,113,174,97,96,58,4,2,0,77,0,0
22.0,14,3,2,120,280,65,73,57,2,0,0,24,0,0
22.0,15,3,3,449,124,13,24,11,0,0,0,0,0,0
23.0,0,0,0,8,204,127,130,70,1,0,0,81,0,0
23.0,1,0,1,0,215,136,135,76,5,0,0,54,0,0
23.0,2,0,2,55,336,81,85,43,2,0,0,19,0,0
23.0,3,0,3,561,49,5,4,2,0,0,0,0,0,0
23.0,4,1,0,103,126,119,81,36,7,3,0,146,0,0
23.0,5,1,1,4,116,143,135,75,2,2,0,143,1,0
23.0,6,1,2,301,154,55,57,34,2,0,0,18,0,0
23.0,7,1,3,533,66,8,7,7,0,0,0,0,0,0
23.0,8,2,0,0,13,108,36,18,7,1,0,433,5,0
23.0,9,2,1,0,45,132,79,51,8,0,0,305,1,0
23.0,10,2,2,220,170,81,53,41,1,0,0,55,0,0
23.0,11,2,3,149,330,42,62,26,1,0,0,11,0,0
23.0,12,3,0,0,33,116,87,46,8,1,0,327,3,0
23.0,13,3,1,95,149,107,102,63,3,3,0,99,0,0
23.0,14,3,2,81,261,78,90,79,2,0,0,30,0,0
23.0,15,3,3,366,181,22,32,16,0,0,0,4,0,0
24.0,0,0,0,6,159,142,134,67,2,0,0,111,0,0
24.0,1,0,1,0,175,145,138,73,5,1,0,84,0,0
24.0,2,0,2,15,300,108,106,55,3,0,0,34,0,0
24.0,3,0,3,543,56,7,10,4,0,0,0,1,0,0
24.0,4,1,0,100,103,121,79,33,7,2,0,175,1,0
24.0,5,1,1,3,94,144,128,68,5,2,0,176,1,0
24.0,6,1,2,281,151,61,62,35,2,0,0,29,0,0
24.0,7,1,3,497,90,9,15,10,0,0,0,0,0,0
24.0,8,2,0,0,7,102,30,15,5,2,0,455,5,0
24.0,9,2,1,0,35,124,75,46,5,1,0,334,1,0
24.0,10,2,2,207,143,89,66,49,1,0,0,66,0,0
24.0,11,2,3,77,340,65,82,40,1,0,0,16,0,0
24.0,12,3,0,0,27,107,77,31,10,1,0,365,3,0
24.0,13,3,1,87,122,109,100,66,3,3,0,131,0,0
24.0,14,3,2,33,251,88,107,88,3,0,0,51,0,0
24.0,15,3,3,266,243,32,51,24,0,0,0,5,0,0
25.0,0,0,0,2,126,148,129,68,1,0,0,147,0,0
25.0,1,0,1,0,133,153,143,66,7,1,0,118,0,0
25.0,2,0,2,8,241,125,127,69,3,1,0,47,0,0
25.0,3,0,3,514,72,12,12,9,0,0,0,2,0,0
25.0,4,1,0,82,100,118,81,35,6,3,0,195,1,0
25.0,5,1,1,1,73,143,123,58,8,2,0,212,1,0
25.0,6,1,2,221,180,72,68,37,1,0,0,42,0,0
25.0,7,1,3,403,165,15,23,14,0,0,0,1,0,0
25.0,8,2,0,0,3,98,27,14,2,2,0,469,6,0
25.0,9,2,1,0,25,117,69,40,5,1,0,363,1,0
25.0,10,2,2,172,147,94,75,45,3,0,0,85,0,0
25.0,11,2,3,36,311,80,111,54,3,0,0,26,0,0
25.0,12,3,0,0,24,100,61,23,11,1,0,398,3,0
25.0,13,3,1,81,102,111,101,63,3,3,0,157,0,0
25.0,14,3,2,11,217,111,110,86,6,0,0,80,0,0
25.0,15,3,3,208,265,45,62,25,0,0,0,16,0,0
26.0,0,0,0,1,97,148,128,62,2,1,0,182,0,0
26.0,1,0,1,0,108,154,138,65,5,2,0,149,0,0
26.0,2,0,2,6,192,136,135,80,3,1,0,68,0,0
26.0,3,0,3,460,114,15,17,12,0,0,0,3,0,0
26.0,4,1,0,62,103,114,75,35,5,3,0,223,1,0
26.0,5,1,1,0,56,137,113,54,6,5,0,249,1,0
26.0,6,1,2,189,175,83,74,41,1,0,0,58,0,0
26.0,7,1,3,329,211,25,33,19,0,0,0,4,0,0
26.0,8,2,0,0,2,86,24,12,1,2,0,487,7,0
26.0,9,2,1,0,20,111,56,33,6,1,0,393,1,0
26.0,10,2,2,141,142,98,82,54,2,1,0,101,0,0
26.0,11,2,3,7,276,100,130,57,4,0,0,47,0,0
26.0,12,3,0,0,15,96,52,23,8,1,0,422,4,0
26.0,13,3,1,72,96,112,91,65,3,3,0,179,0,0
26.0,14,3,2,9,178,125,111,89,6,0,0,102,1,0
26.0,15,3,3,109,302,58,85,40,2,0,0,25,0,0
27.0,0,0,0,1,77,148,119,64,1,1,0,209,1,0
27.0,1,0,1,0,87,157,114,62,7,2,0,192,0,0
27.0,2,0,2,3,154,144,138,90,2,2,0,88,0,0
27.0,3,0,3,417,124,26,31,17,0,0,0,6,0,0
27.0,4,1,0,53,88,112,75,33,5,1,0,252,2,0
27.0,5,1,1,0,39,133,89,50,4,5,0,299,2,0
27.0,6,1,2,161,176,91,76,44,2,0,0,71,0,0
27.0,7,1,3,224,280,36,47,27,0,0,0,7,0,0
27.0,8,2,0,0,1,76,20,12,1,2,0,502,7,0
27.0,9,2,1,0,12,105,40,32,4,0,1,425,2,0
27.0,10,2,2,114,135,107,82,50,4,1,0,128,0,0
27.0,11,2,3,1,238,111,133,64,5,0,0,69,0,0
27.0,12,3,0,0,15,86,39,19,7,1,0,450,4,0
27.0,13,3,1,67,85,112,83,57,4,3,0,210,0,0
27.0,14,3,2,4,155,132,105,81,5,1,0,137,1,0
27.0,15,3,3,77,269,83,96,56,4,0,0,36,0,0
28.0,0,0,0,0,63,145,112,54,1,0,0,244,2,0
28.0,1,0,1,0,72,151,98,62,7,1,1,229,0,0
28.0,2,0,2,1,119,143,134,88,4,3,0,129,0,0
28.0,3,0,3,400,121,29,42,18,0,0,0,11,0,0
28.0,4,1,0,46,70,117,73,35,5,0,1,272,2,0
28.0,5,1,1,0,33,125,77,47,5,3,0,327,4,0
28.0,6,1,2,152,140,108,87,43,3,0,0,88,0,0
28.0,7,1,3,156,283,55,73,38,0,0,0,16,0,0
28.0,8,2,0,0,1,68,16,9,0,2,0,518,7,0
28.0,9,2,1,0,7,99,35,25,3,0,0,449,3,0
28.0,10,2,2,91,129,109,82,50,6,1,0,153,0,0
28.0,11,2,3,0,183,125,143,68,6,0,0,96,0,0
28.0,12,3,0,0,9,77,35,18,6,1,0,471,4,0
28.0,13,3,1,61,67,114,82,52,5,3,0,237,0,0
28.0,14,3,2,3,133,132,101,76,5,1,0,169,1,0
28.0,15,3,3,43,243,100,115,65,5,0,0,50,0,0
29.0,0,0,0,0,54,136,96,47,4,0,0,282,2,0
29.0,1,0,1,0,51,149,93,54,7,0,0,265,2,0
29.0,2,0,2,0,94,147,126,86,5,1,1,160,1,0
29.0,3,0,3,344,154,38,48,20,0,0,0,17,0,0
29.0,4,1,0,42,58,111,69,37,5,0,1,296,2,0
29.0,5,1,1,0,27,120,69,39,3,4,0,354,5,0
29.0,6,1,2,125,141,111,90,40,4,0,0,109,1,0
29.0,7,1,3,54,324,70,96,55,0,0,0,22,0,0
29.0,8,2,0,0,0,59,14,6,0,2,0,533,7,0
29.0,9,2,1,0,6,89,28,20,3,0,0,472,3,0
29.0,10,2,2,77,120,112,84,46,7,1,0,174,0,0
29.0,11,2,3,0,142,132,146,71,6,1,0,123,0,0
29.0,12,3,0,0,6,74,27,15,6,1,0,488,4,0
29.0,13,3,1,58,53,114,74,48,6,2,1,265,0,0
29.0,14,3,2,2,111,128,95,68,9,1,0,206,1,0
29.0,15,3,3,23,194,125,126,71,7,0,0,75,0,0
30.0,0,0,0,0,39,140,83,41,5,0,0,311,2,0
30.0,1,0,1,0,41,141,85,50,7,0,0,295,2,0
30.0,2,0,2,0,70,151,109,77,8,1,0,204,1,0
30.0,3,0,3,306,156,53,61,23,0,0,0,22,0,0
30.0,4,1,0,41,46,110,63,37,6,0,1,315,2,0
30.0,5,1,1,0,25,112,57,30,3,4,0,385,5,0
30.0,6,1,2,104,127,118,86,44,3,0,0,138,1,0
30.0,7,1,3,18,282,100,121,67,1,0,0,32,0,0
30.0,8,2,0,0,0,50,8,5,0,2,0,549,7,0
30.0,9,2,1,0,3,76,24,16,5,0,0,494,3,0
30.0,10,2,2,62,104,110,86,43,7,1,0,208,0,0
30.0,11,2,3,0,110,134,133,77,5,1,0,161,0,0
30.0,12,3,0,0,3,62,16,12,8,0,1,515,4,0
30.0,13,3,1,52,45,108,71,39,7,2,0,296,1,0
30.0,14,3,2,0,93,133,90,62,9,2,0,231,1,0
30.0,15,3,3,6,176,133,130,69,5,1,0,100,1,0
31.0,0,0,0,0,29,132,75,38,4,0,0,340,3,0
31.0,1,0,1,0,30,137,63,45,5,0,0,338,3,0
31.0,2,0,2,0,50,149,102,68,8,1,0,242,1,0
31.0,3,0,3,286,144,63,68,30,1,0,0,29,0,0
31.0,4,1,0,38,38,107,55,37,7,0,0,337,2,0
31.0,5,1,1,0,20,103,49,28,2,4,0,409,6,0
31.0,6,1,2,89,113,124,90,40,3,0,0,161,1,0
31.0,7,1,3,6,238,130,121,70,2,0,0,54,0,0
31.0,8,2,0,0,0,43,5,3,0,2,0,561,7,0
31.0,9,2,1,0,1,67,21,13,5,0,0,511,3,0
31.0,10,2,2,54,90,110,87,39,5,0,0,235,1,0
31.0,11,2,3,0,97,131,122,66,6,1,0,197,1,0
31.0,12,3,0,0,1,58,12,7,8,0,1,530,4,0
31.0,13,3,1,49,41,105,59,38,7,2,0,319,1,0
31.0,14,3,2,0,70,127,84,59,10,2,0,268,1,0
31.0,15,3,3,0,142,143,127,68,5,2,0,132,2,0
32.0,0,0,0,0,19,119,60,32,3,0,0,385,3,0
32.0,1,0,1,0,21,131,52,41,8,0,0,365,3,0
32.0,2,0,2,0,37,143,88,63,9,2,0,278,1,0
32.0,3,0,3,241,157,71,78,37,1,0,0,36,0,0
32.0,4,1,0,34,35,99,50,31,6,0,0,364,2,0
32.0,5,1,1,0,13,94,37,28,3,4,0,436,6,0
32.0,6,1,2,81,94,127,85,39,3,0,0,191,1,0
32.0,7,1,3,2,188,143,134,75,6,0,0,73,0,0
32.0,8,2,0,0,0,39,5,3,0,0,0,565,9,0
32.0,9,2,1,0,1,64,17,9,5,0,0,522,3,0
32.0,10,2,2,49,78,106,87,36,7,0,0,257,1,0
32.0,11,2,3,0,75,141,117,59,8,0,0,219,2,0
32.0,12,3,0,0,0,53,10,7,7,0,0,540,4,0
32.0,13,3,1,46,36,97,54,33,7,2,0,345,1,0
32.0,14,3,2,0,54,125,77,61,9,3,0,291,1,0
32.0,15,3,3,0,112,150,125,63,9,2,0,158,2,0
33.0,0,0,0,0,13,111,51,26,3,0,0,414,3,0
33.0,1,0,1,0,10,126,43,39,8,0,0,392,3,0
33.0,2,0,2,0,33,138,65,58,10,2,0,314,1,0
33.0,3,0,3,224,136,75,86,39,0,0,0,61,0,0
33.0,4,1,0,34,27,95,48,29,6,0,0,380,2,0
33.0,5,1,1,0,10,88,33,23,3,3,0,454,7,0
33.0,6,1,2,73,76,128,82,43,3,0,0,215,1,0
33.0,7,1,3,1,147,152,139,79,6,1,0,96,0,0
33.0,8,2,0,0,0,36,4,2,0,0,0,570,9,0
33.0,9,2,1,0,1,59,13,5,5,0,0,535,3,0
33.0,10,2,2,48,57,100,89,40,5,0,0,281,1,0
33.0,11,2,3,0,54,133,106,53,7,0,0,266,2,0
33.0,12,3,0,0,0,49,9,6,7,0,0,546,4,0
33.0,13,3,1,44,31,89,46,25,7,2,0,376,1,0
33.0,14,3,2,0,39,123,68,62,10,2,1,314,2,0
33.0,15,3,3,0,95,149,116,59,9,2,0,189,2,0
34.0,0,0,0,0,10,104,40,22,3,1,0,438,3,0
34.0,1,0,1,0,9,114,32,32,7,0,0,424,3,0
34.0,2,0,2,0,23,131,60,50,8,2,0,345,2,0
34.0,3,0,3,211,119,84,90,39,0,0,0,78,0,0
34.0,4,1,0,33,24,90,45,22,7,0,0,398,2,0
34.0,5,1,1,0,6,78,32,16,2,3,0,477,7,0
34.0,6,1,2,65,68,129,77,39,3,0,0,239,1,0
34.0,7,1,3,0,119,163,135,81,7,1,0,115,0,0
34.0,8,2,0,0,0,32,4,2,0,0,0,574,9,0
34.0,9,2,1,0,1,51,9,2,5,1,0,549,3,0
34.0,10,2,2,42,52,94,80,36,4,0,0,310,3,0
34.0,11,2,3,0,44,128,91,48,6,0,0,302,2,0
34.0,12,3,0,0,0,42,6,6,6,0,0,556,5,0
34.0,13,3,1,42,26,93,35,20,8,2,0,394,1,0
34.0,14,3,2,0,29,122,53,53,11,1,2,348,2,0
34.0,15,3,3,0,68,150,112,56,10,2,0,221,2,0
35.0,0,0,0,0,4,89,38,16,2,1,0,468,3,0
35.0,1,0,1,0,8,102,25,23,8,0,0,452,3,0
35.0,2,0,2,0,16,121,43,48,7,1,0,382,3,0
35.0,3,0,3,194,111,88,89,37,1,0,0,101,0,0
35.0,4,1,0,33,20,84,38,22,7,0,0,415,2,0
35.0,5,1,1,0,2,74,28,10,3,1,0,494,9,0
35.0,6,1,2,53,61,125,77,37,4,0,0,263,1,0
35.0,7,1,3,0,93,164,129,83,5,1,1,145,0,0
35.0,8,2,0,0,0,27,2,2,0,0,0,581,9,0
35.0,9,2,1,0,0,46,7,1,5,1,0,558,3,0
35.0,10,2,2,37,46,86,72,34,4,0,0,338,4,0
35.0,11,2,3,0,35,124,77,41,4,1,0,336,3,0
35.0,12,3,0,0,0,35,6,6,6,0,0,563,5,0
35.0,13,3,1,42,17,88,33,20,5,3,0,412,1,0
35.0,14,3,2,0,22,118,47,40,10,1,0,380,3,0
35.0,15,3,3,0,50,149,104,47,8,2,0,259,2,0
36.0,0,0,0,0,3,83,32,12,2,1,0,485,3,0
36.0,1,0,1,0,5,96,22,23,6,1,0,464,4,0
36.0,2,0,2,0,13,116,32,40,8,1,0,408,3,0
36.0,3,0,3,183,90,91,97,38,1,1,0,120,0,0
36.0,4,1,0,32,18,78,32,15,6,0,0,437,3,0
36.0,5,1,1,0,1,69,27,8,3,1,0,503,9,0
36.0,6,1,2,51,47,121,83,35,3,0,0,280,1,0
36.0,7,1,3,0,76,159,120,71,4,1,1,189,0,0
36.0,8,2,0,0,0,22,2,2,0,0,0,586,9,0
36.0,9,2,1,0,0,41,5,1,4,1,0,566,3,0
36.0,10,2,2,36,28,92,66,30,4,0,0,361,4,0
36.0,11,2,3,0,30,118,58,31,4,1,0,376,3,0
36.0,12,3,0,0,0,29,5,5,5,0,0,571,6,0
36.0,13,3,1,39,14,84,36,13,4,4,0,426,1,0
36.0,14,3,2,0,20,106,40,35,7,1,0,407,5,0
36.0,15,3,3,0,34,152,90,38,9,2,0,294,2,0
37.0,0,0,0,0,1,75,26,9,2,1,0,504,3,0
37.0,1,0,1,0,3,91,19,16,5,1,0,482,4,0
37.0,2,0,2,0,5,103,27,33,7,1,1,441,3,0
37.0,3,0,3,166,79,96,97,34,1,1,0,147,0,0
37.0,4,1,0,32,10,73,30,10,6,0,0,457,3,0
37.0,5,1,1,0,0,59,20,8,3,1,0,521,9,0
37.0,6,1,2,49,36,112,67,38,4,0,0,314,1,0
37.0,7,1,3,0,62,158,103,59,6,1,1,231,0,0
37.0,8,2,0,0,0,18,2,1,0,0,0,591,9,0
37.0,9,2,1,0,0,35,3,1,4,1,0,574,3,0
37.0,10,2,2,33,19,82,64,28,4,0,0,387,4,0
37.0,11,2,3,0,25,109,51,23,4,1,0,405,3,0
37.0,12,3,0,0,0,23,3,4,4,0,0,580,7,0
37.0,13,3,1,39,11,81,28,10,6,3,0,441,2,0
37.0,14,3,2,0,13,98,32,33,7,1,0,432,5,0
37.0,15,3,3,0,30,143,70,35,8,3,0,330,2,0
38.0,0,0,0,0,0,65,18,7,2,1,0,525,3,0
38.0,1,0,1,0,1,85,14,17,5,1,0,494,4,0
38.0,2,0,2,0,4,94,23,26,8,1,1,461,3,0
38.0,3,0,3,154,80,95,93,30,1,1,0,167,0,0
38.0,4,1,0,32,7,67,28,8,5,0,0,471,3,0
38.0,5,1,1,0,0,54,15,7,3,1,0,532,9,0
38.0,6,1,2,43,36,107,59,38,3,1,0,333,1,0
38.0,7,1,3,0,49,157,90,47,5,1,1,270,1,0
38.0,8,2,0,0,0,18,1,1,0,0,0,592,9,0
38.0,9,2,1,0,0,30,2,1,4,1,0,580,3,0
38.0,10,2,2,31,15,74,55,20,5,0,0,417,4,0
38.0,11,2,3,0,15,103,49,20,3,1,0,427,3,0
38.0,12,3,0,0,0,16,3,3,4,0,0,588,7,0
38.0,13,3,1,39,7,73,27,9,5,3,0,455,3,0
38.0,14,3,2,0,8,90,28,28,8,1,0,453,5,0
38.0,15,3,3,0,21,137,61,30,9,2,1,358,2,0
39.0,0,0,0,0,0,61,14,5,2,1,0,535,3,0
39.0,1,0,1,0,0,77,11,16,4,0,1,507,5,0
39.0,2,0,2,0,2,87,16,22,6,1,1,482,4,0
39.0,3,0,3,145,73,96,92,28,1,1,0,185,0,0
39.0,4,1,0,31,5,61,20,7,4,0,0,490,3,0
39.0,5,1,1,0,0,51,10,7,3,1,0,540,9,0
39.0,6,1,2,40,34,100,52,32,4,1,0,357,1,0
39.0,7,1,3,0,35,151,78,40,5,1,1,309,1,0
39.0,8,2,0,0,0,15,1,1,0,0,0,595,9,0
39.0,9,2,1,0,0,26,2,0,4,1,0,585,3,0
39.0,10,2,2,29,11,68,49,18,5,0,0,437,4,0
39.0,11,2,3,0,11,91,44,15,3,1,0,452,4,0
39.0,12,3,0,0,0,15,2,2,4,0,0,591,7,0
39.0,13,3,1,39,5,61,21,9,5,2,0,475,4,0
39.0,14,3,2,0,7,82,24,21,7,1,0,474,5,0
39.0,15,3,3,0,14,128,54,24,9,2,1,386,3,0
40.0,0,0,0,0,0,55,11,4,2,1,0,545,3,0
40.0,1,0,1,0,0,71,8,14,4,0,1,518,5,0
40.0,2,0,2,0,1,80,11,15,4,1,1,503,5,0
40.0,3,0,3,140,57,102,80,28,2,1,0,211,0,0
40.0,4,1,0,31,5,54,13,6,4,0,0,505,3,0
40.0,5,1,1,0,0,46,9,5,2,1,0,549,9,0
40.0,6,1,2,39,27,97,42,24,4,1,0,386,1,0
40.0,7,1,3,0,33,138,70,29,5,0,2,343,1,0
40.0,8,2,0,0,0,12,0,0,0,0,0,600,9,0
40.0,9,2,1,0,0,23,0,0,3,1,0,591,3,0
40.0,10,2,2,28,9,64,42,17,6,0,0,451,4,0
40.0,11,2,3,0,6,85,40,12,4,1,0,469,4,0
40.0,12,3,0,0,0,12,2,2,4,0,0,594,7,0
40.0,13,3,1,39,3,58,17,7,5,2,0,486,4,0
40.0,14,3,2,0,5,78,19,14,7,0,1,492,5,0
40.0,15,3,3,0,10,119,50,19,7,2,1,410,3,0
41.0,0,0,0,0,0,51,8,2,2,1,0,554,3,0
41.0,1,0,1,0,0,62,5,10,3,0,1,535,5,0
41.0,2,0,2,0,0,77,9,13,3,1,1,511,6,0
41.0,3,0,3,137,47,103,67,28,2,1,0,236,0,0
41.0,4,1,0,31,5,51,10,4,4,0,0,513,3,0
41.0,5,1,1,0,0,43,8,3,2,1,0,555,9,0
41.0,6,1,2,38,18,94,37,23,3,2,0,405,1,0
41.0,7,1,3,0,25,123,59,30,7,0,2,374,1,0
41.0,8,2,0,0,0,8,0,0,0,0,0,604,9,0
41.0,9,2,1,0,0,20,0,0,2,0,1,595,3,0
41.0,10,2,2,28,7,57,37,14,6,0,0,468,4,0
41.0,11,2,3,0,2,78,32,10,4,1,0,490,4,0
41.0,12,3,0,0,0,10,1,1,3,0,0,599,7,0
41.0,13,3,1,39,3,52,15,6,4,1,1,496,4,0
41.0,14,3,2,0,1,73,21,12,7,0,1,501,5,0
41.0,15,3,3,0,8,112,36,12,9,2,0,439,3,0
42.0,0,0,0,0,0,43,8,2,2,1,0,562,3,0
42.0,1,0,1,0,0,55,5,8,3,0,0,545,5,0
42.0,2,0,2,0,0,70,7,6,4,0,1,527,6,0
42.0,3,0,3,134,40,94,58,24,5,0,1,265,0,0
42.0,4,1,0,31,4,47,9,4,2,0,0,521,3,0
42.0,5,1,1,0,0,41,5,2,2,0,0,561,10,0
42.0,6,1,2,38,16,85,31,20,3,2,0,425,1,0
42.0,7,1,3,0,21,114,47,24,8,0,1,405,1,0
42.0,8,2,0,0,0,6,0,0,0,0,0,606,9,0
42.0,9,2,1,0,0,15,0,0,2,0,1,600,3,0
42.0,10,2,2,28,5,52,29,12,5,1,0,485,4,0
42.0,11,2,3,0,1,75,22,10,2,2,0,505,4,0
42.0,12,3,0,0,0,8,1,0,3,0,0,602,7,0
42.0,13,3,1,39,2,45,14,6,4,0,2,505,4,0
42.0,14,3,2,0,0,67,16,9,5,0,1,518,5,0
42.0,15,3,3,0,6,102,29,9,8,1,0,463,3,0
43.0,0,0,0,0,0,38,5,2,2,1,0,570,3,0
43.0,1,0,1,0,0,50,5,5,3,0,0,553,5,0
43.0,2,0,2,0,0,66,6,5,4,0,0,534,6,0
43.0,3,0,3,133,31,90,57,24,7,0,0,279,0,0
43.0,4,1,0,31,3,41,8,4,1,0,0,530,3,0
43.0,5,1,1,0,0,38,4,2,1,0,0,566,10,0
43.0,6,1,2,38,11,82,26,18,4,2,0,439,1,0
43.0,7,1,3,0,12,110,40,17,8,0,0,433,1,0
43.0,8,2,0,0,0,5,0,0,0,0,0,607,9,0
43.0,9,2,1,0,0,12,0,0,1,0,0,605,3,0
43.0,10,2,2,28,4,52,21,9,5,1,0,497,4,0
43.0,11,2,3,0,1,68,16,8,2,2,0,520,4,0
43.0,12,3,0,0,0,8,0,0,1,0,0,605,7,0
43.0,13,3,1,39,1,37,13,4,4,0,1,518,4,0
43.0,14,3,2,0,0,62,11,7,4,0,0,532,5,0
43.0,15,3,3,0,3,96,23,7,8,1,0,480,3,0
44.0,0,0,0,0,0,35,3,1,3,1,0,575,3,0
44.0,1,0,1,0,0,49,5,3,3,0,0,556,5,0
44.0,2,0,2,0,0,60,3,4,3,0,0,545,6,0
44.0,3,0,3,132,27,88,42,24,6,0,0,302,0,0
44.0,4,1,0,31,2,39,7,3,1,0,0,535,3,0
44.0,5,1,1,0,0,33,1,1,1,0,0,575,10,0
44.0,6,1,2,37,8,74,24,16,4,3,0,454,1,0
44.0,7,1,3,0,8,99,34,15,7,0,0,457,1,0
44.0,8,2,0,0,0,4,0,0,0,0,0,608,9,0
44.0,9,2,1,0,0,9,0,0,1,0,0,608,3,0
44.0,10,2,2,28,3,47,18,5,3,1,0,512,4,0
44.0,11,2,3,0,0,64,13,7,2,2,0,529,4,0
44.0,12,3,0,0,0,7,0,0,1,0,0,606,7,0
44.0,13,3,1,39,1,35,10,3,4,0,1,524,4,0
44.0,14,3,2,0,0,58,10,3,4,0,0,541,5,0
44.0,15,3,3,0,2,87,21,5,8,1,0,494,3,0
45.0,0,0,0,0,0,28,2,0,3,1,0,584,3,0
45.0,1,0,1,0,0,46,4,3,3,0,0,560,5,0
45.0,2,0,2,0,0,54,3,3,2,0,0,553,6,0
45.0,3,0,3,131,19,88,42,20,6,0,0,315,0,0
45.0,4,1,0,31,0,33,8,3,1,0,0,542,3,0
45.0,5,1,1,0,0,27,0,1,1,0,0,582,10,0
45.0,6,1,2,37,5,71,23,11,5,3,0,465,1,0
45.0,7,1,3,0,6,90,27,13,7,0,0,477,1,0
45.0,8,2,0,0,0,4,0,0,0,0,0,608,9,0
45.0,9,2,1,0,0,7,0,0,1,0,0,610,3,0
45.0,10,2,2,28,3,45,12,5,3,1,0,520,4,0
45.0,11,2,3,0,0,56,11,5,2,1,0,541,5,0
45.0,12,3,0,0,0,6,0,0,1,0,0,607,7,0
45.0,13,3,1,39,1,30,8,3,3,0,1,531,5,0
45.0,14,3,2,0,0,54,7,2,4,0,0,549,5,0
45.0,15,3,3,0,1,82,15,2,8,0,1,509,3,0
46.0,0,0,0,0,0,26,2,0,2,1,0,587,3,0
46.0,1,0,1,0,0,42,3,2,3,0,0,566,5,0
46.0,2,0,2,0,0,49,2,3,2,0,0,559,6,0
46.0,3,0,3,130,18,83,32,17,6,0,0,334,1,0
46.0,4,1,0,31,0,28,8,2,1,0,0,548,3,0
46.0,5,1,1,0,0,24,0,0,1,0,0,586,10,0
46.0,6,1,2,36,6,65,21,10,5,3,0,474,1,0
46.0,7,1,3,0,2,79,25,8,7,0,0,499,1,0
46.0,8,2,0,0,0,4,0,0,0,0,0,608,9,0
46.0,9,2,1,0,0,5,0,0,1,0,0,612,3,0
46.0,10,2,2,28,2,41,11,3,2,1,0,529,4,0
46.0,11,2,3,0,0,53,6,4,2,0,1,550,5,0
46.0,12,3,0,0,0,4,0,0,1,0,0,609,7,0
46.0,13,3,1,39,1,22,6,2,2,0,1,543,5,0
46.0,14,3,2,0,0,48,4,1,3,0,0,560,5,0
46.0,15,3,3,0,1,79,11,1,5,0,0,520,4,0
47.0,0,0,0,0,0,22,2,0,1,1,0,591,4,0
47.0,1,0,1,0,0,37,2,2,3,0,0,572,5,0
47.0,2,0,2,0,0,44,2,1,3,0,0,565,6,0
47.0,3,0,3,129,16,72,26,13,6,0,0,358,1,0
47.0,4,1,0,31,0,24,7,2,1,0,0,553,3,0
47.0,5,1,1,0,0,19,0,0,1,0,0,591,10,0
47.0,6,1,2,34,5,61,17,7,4,3,0,489,1,0
47.0,7,1,3,0,0,69,24,5,5,0,0,515,3,0
47.0,8,2,0,0,0,3,0,0,0,0,0,609,9,0
47.0,9,2,1,0,0,4,0,0,1,0,0,613,3,0
47.0,10,2,2,28,1,38,9,4,0,1,0,535,5,0
47.0,11,2,3,0,0,45,3,3,1,0,1,563,5,0
47.0,12,3,0,0,0,4,0,0,1,0,0,609,7,0
47.0,13,3,1,39,1,19,4,2,2,0,1,548,5,0
47.0,14,3,2,0,0,45,3,0,3,0,0,565,5,0
47.0,15,3,3,0,1,71,10,1,4,0,0,530,4,0
48.0,0,0,0,0,0,17,1,0,1,1,0,597,4,0
48.0,1,0,1,0,0,34,2,1,4,0,0,575,5,0
48.0,2,0,2,0,0,39,2,0,3,0,0,571,6,0
48.0,3,0,3,128,14,65,23,11,7,0,0,372,1,0
48.0,4,1,0,31,0,20,7,1,1,0,0,558,3,0
48.0,5,1,1,0,0,14,0,0,1,0,0,596,10,0
48.0,6,1,2,34,4,53,16,6,4,2,0,499,3,0
48.0,7,1,3,0,0,65,18,3,4,0,0,528,3,0
48.0,8,2,0,0,0,2,0,0,0,0,0,610,9,0
48.0,9,2,1,0,0,4,0,0,1,0,0,613,3,0
48.0,10,2,2,27,1,28,7,4,0,1,0,548,5,0
48.0,11,2,3,0,0,44,2,2,1,0,1,566,5,0
48.0,12,3,0,0,0,4,0,0,1,0,0,609,7,0
48.0,13,3,1,39,1,17,1,1,3,0,1,553,5,0
48.0,14,3,2,0,0,38,1,0,3,0,0,574,5,0
48.0,15,3,3,0,0,66,8,1,4,0,0,538,4,0
49.0,0,0,0,0,0,14,0,0,0,1,0,602,4,0
49.0,1,0,1,0,0,31,1,0,4,0,0,580,5,0
49.0,2,0,2,0,0,34,0,0,1,0,0,580,6,0
49.0,3,0,3,128,12,61,19,8,6,1,0,385,1,0
49.0,4,1,0,31,0,17,6,1,1,0,0,562,3,0
49.0,5,1,1,0,0,12,0,0,1,0,0,598,10,0
49.0,6,1,2,34,4,44,9,6,4,1,0,515,4,0
49.0,7,1,3,0,0,57,15,3,4,0,0,539,3,0
49.0,8,2,0,0,0,2,0,0,0,0,0,610,9,0
49.0,9,2,1,0,0,3,0,0,1,0,0,614,3,0
49.0,10,2,2,27,0,27,5,4,0,1,0,552,5,0
49.0,11,2,3,0,0,38,1,2,0,0,0,574,6,0
49.0,12,3,0,0,0,3,0,0,1,0,0,610,7,0
49.0,13,3,1,39,1,14,1,1,3,0,0,557,5,0
49.0,14,3,2,0,0,34,1,0,2,0,0,579,5,0
49.0,15,3,3,0,0,59,6,1,3,0,0,547,5,0
50.0,0,0,0,0,0,12,0,0,0,1,0,604,4,0
50.0,1,0,1,0,0,26,0,0,3,0,0,587,5,0
50.0,2,0,2,0,0,30,0,0,1,0,0,584,6,0
50.0,3,0,3,127,10,55,16,9,5,1,0,396,2,0
50.0,4,1,0,31,0,14,4,1,0,0,0,568,3,0
50.0,5,1,1,0,0,10,0,0,1,0,0,600,10,0
50.0,6,1,2,34,3,43,8,4,4,1,0,520,4,0
50.0,7,1,3,0,0,51,12,1,2,0,0,552,3,0
50.0,8,2,0,0,0,2,0,0,0,0,0,610,9,0
50.0,9,2,1,0,0,2,0,0,1,0,0,615,3,0
50.0,10,2,2,26,1,26,5,3,0,0,0,554,6,0
50.0,11,2,3,0,0,36,1,0,0,0,0,578,6,0
50.0,12,3,0,0,0,3,0,0,0,0,0,611,7,0
50.0,13,3,1,39,1,12,1,1,3,0,0,559,5,0
50.0,14,3,2,0,0,28,1,0,1,0,0,586,5,0
50.0,15,3,3,0,0,55,1,1,3,0,0,556,5,0
51.0,0,0,0,0,0,9,0,0,0,0,1,607,4,0
51.0,1,0,1,0,0,23,0,0,3,0,0,590,5,0
51.0,2,0,2,0,0,24,0,0,1,0,0,590,6,0
51.0,3,0,3,127,8,52,13,9,5,1,0,404,2,0
51.0,4,1,0,31,0,12,2,1,0,0,0,572,3,0
51.0,5,1,1,0,0,6,0,0,1,0,0,604,10,0
51.0,6,1,2,34,2,38,7,3,3,1,0,529,4,0
51.0,7,1,3,0,0,41,11,0,2,0,0,564,3,0
51.0,8,2,0,0,0,1,0,0,0,0,0,611,9,0
51.0,9,2,1,0,0,1,0,0,1,0,0,616,3,0
51.0,10,2,2,26,1,22,5,2,0,0,0,559,6,0
51.0,11,2,3,0,0,32,1,0,0,0,0,582,6,0
51.0,12,3,0,0,0,2,0,0,0,0,0,612,7,0
51.0,13,3,1,39,0,11,0,1,2,0,0,563,5,0
51.0,14,3,2,0,0,24,1,0,1,0,0,590,5,0
51.0,15,3,3,0,0,47,1,0,1,0,0,566,6,0
52.0,0,0,0,0,0,8,0,0,0,0,1,608,4,0
52.0,1,0,1,0,0,20,0,0,3,0,0,593,5,0
52.0,2,0,2,0,0,21,0,0,1,0,0,593,6,0
52.0,3,0,3,127,6,50,12,7,6,1,0,410,2,0
52.0,4,1,0,31,0,8,1,0,0,0,0,578,3,0
52.0,5,1,1,0,0,5,0,0,1,0,0,605,10,0
52.0,6,1,2,34,1,37,5,3,3,0,1,533,4,0
52.0,7,1,3,0,0,39,8,0,2,0,0,569,3,0
52.0,8,2,0,0,0,0,0,0,0,0,0,612,9,0
52.0,9,2,1,0,0,0,0,0,1,0,0,617,3,0
52.0,10,2,2,26,1,21,4,1,0,0,0,562,6,0
52.0,11,2,3,0,0,30,0,0,0,0,0,585,6,0
52.0,12,3,0,0,0,1,0,0,0,0,0,613,7,0
52.0,13,3,1,39,0,9,0,1,2,0,0,565,5,0
52.0,14,3,2,0,0,21,0,0,1,0,0,594,5,0
52.0,15,3,3,0,0,42,0,0,1,0,0,572,6,0
53.0,0,0,0,0,0,8,0,0,0,0,1,608,4,0
53.0,1,0,1,0,0,17,0,0,3,0,0,596,5,0
53.0,2,0,2,0,0,20,0,0,1,0,0,594,6,0
53.0,3,0,3,127,5,46,11,7,5,1,0,417,2,0
53.0,4,1,0,31,0,8,0,0,0,0,0,579,3,0
53.0,5,1,1,0,0,3,0,0,1,0,0,607,10,0
53.0,6,1,2,33,2,28,5,2,3,0,0,544,4,0
53.0,7,1,3,0,0,34,5,0,2,0,0,577,3,0
53.0,8,2,0,0,0,0,0,0,0,0,0,612,9,0
53.0,9,2,1,0,0,0,0,0,1,0,0,617,3,0
53.0,10,2,2,26,1,19,4,1,0,0,0,564,6,0
53.0,11,2,3,0,0,26,0,0,0,0,0,589,6,0
53.0,12,3,0,0,0,1,0,0,0,0,0,613,7,0
53.0,13,3,1,39,0,9,0,0,2,0,0,566,5,0
53.0,14,3,2,0,0,16,0,0,1,0,0,599,5,0
53.0,15,3,3,0,0,35,0,0,1,0,0,579,6,0
54.0,0,0,0,0,0,7,0,0,0,0,1,609,4,0
54.0,1,0,1,0,0,12,0,0,2,0,0,602,5,0
54.0,2,0,2,0,0,15,0,0,1,0,0,599,6,0
54.0,3,0,3,126,3,43,10,6,4,1,0,426,2,0
54.0,4,1,0,31,0,6,0,0,0,0,0,581,3,0
54.0,5,1,1,0,0,3,0,0,1,0,0,607,10,0
54.0,6,1,2,33,2,26,4,1,3,0,0,548,4,0
54.0,7,1,3,0,0,28,2,0,0,0,0,588,3,0
54.0,8,2,0,0,0,0,0,0,0,0,0,612,9,0
54.0,9,2,1,0,0,0,0,0,1,0,0,617,3,0
54.0,10,2,2,26,1,19,3,1,0,0,0,565,6,0
54.0,11,2,3,0,0,19,0,0,0,0,0,596,6,0
54.0,12,3,0,0,0,1,0,0,0,0,0,613,7,0
54.0,13,3,1,39,0,8,0,0,2,0,0,567,5,0
54.0,14,3,2,0,0,12,0,0,1,0,0,603,5,0
54.0,15,3,3,0,0,32,0,0,1,0,0,582,6,0
55.0,0,0,0,0,0,6,0,0,0,0,1,610,4,0
55.0,1,0,1,0,0,9,0,0,1,0,0,606,5,0
55.0,2,0,2,0,0,14,0,0,1,0,0,600,6,0
55.0,3,0,3,125,3,37,7,5,4,1,0,437,2,0
55.0,4,1,0,31,0,6,0,0,0,0,0,581,3,0
55.0,5,1,1,0,0,2,0,0,1,0,0,608,10,0
55.0,6,1,2,33,1,21,3,1,3,0,0,555,4,0
55.0,7,1,3,0,0,26,1,0,0,0,0,591,3,0
55.0,8,2,0,0,0,0,0,0,0,0,0,612,9,0
55.0,9,2,1,0,0,0,0,0,1,0,0,617,3,0
55.0,10,2,2,26,1,16,2,1,0,0,0,569,6,0
55.0,11,2,3,0,0,15,0,0,0,0,0,600,6,0
55.0,12,3,0,0,0,1,0,0,0,0,0,613,7,0
55.0,13,3,1,39,0,7,0,0,1,0,0,569,5,0
55.0,14,3,2,0,0,10,0,0,1,0,0,605,5,0
55.0,15,3,3,0,0,29,0,0,1,0,0,585,6,0
56.0,0,0,0,0,0,5,0,0,0,0,0,612,4,0
56.0,1,0,1,0,0,8,0,0,0,0,0,608,5,0
56.0,2,0,2,0,0,12,0,0,1,0,0,602,6,0
56.0,3,0,3,124,3,34,5,4,3,1,0,445,2,0
56.0,4,1,0,31,0,5,0,0,0,0,0,582,3,0
56.0,5,1,1,0,0,2,0,0,1,0,0,608,10,0
56.0,6,1,2,33,1,21,1,0,2,0,0,559,4,0
56.0,7,1,3,0,0,24,0,0,0,0,0,594,3,0
56.0,8,2,0,0,0,0,0,0,0,0,0,612,9,0
56.0,9,2,1,0,0,0,0,0,1,0,0,617,3,0
56.0,10,2,2,26,0,15,2,0,0,0,0,572,6,0
56.0,11,2,3,0,0,11,0,0,0,0,0,604,6,0
56.0,12,3,0,0,0,1,0,0,0,0,0,613,7,0
56.0,13,3,1,39,0,6,0,0,1,0,0,570,5,0
56.0,14,3,2,0,0,10,0,0,1,0,0,605,5,0
56.0,15,3,3,0,0,25,0,0,1,0,0,589,6,0
57.0,0,0,0,0,0,5,0,0,0,0,0,612,4,0
57.0,1,0,1,0,0,3,0,0,0,0,0,613,5,0
57.0,2,0,2,0,0,9,0,0,1,0,0,605,6,0
57.0,3,0,3,124,2,29,3,4,2,0,0,454,3,0
57.0,4,1,0,31,0,3,0,0,0,0,0,584,3,0
57.0,5,1,1,0,0,2,0,0,1,0,0,608,10,0
57.0,6,1,2,33,1,18,1,0,2,0,0,562,4,0
57.0,7,1,3,0,0,21,0,0,0,0,0,597,3,0
57.0,8,2,0,0,0,0,0,0,0,0,0,612,9,0
57.0,9,2,1,0,0,0,0,0,1,0,0,617,3,0
57.0,10,2,2,26,0,12,2,0,0,0,0,575,6,0
57.0,11,2,3,0,0,10,0,0,0,0,0,605,6,0
57.0,12,3,0,0,0,0,0,0,0,0,0,614,7,0
57.0,13,3,1,39,0,5,0,0,0,0,0,572,5,0
57.0,14,3,2,0,0,9,0,0,1,0,0,606,5,0
57.0,15,3,3,0,0,19,0,0,1,0,0,595,6,0
58.0,0,0,0,0,0,3,0,0,0,0,0,614,4,0
58.0,1,0,1,0,0,2,0,0,0,0,0,614,5,0
58.0,2,0,2,0,0,7,0,0,1,0,0,607,6,0
58.0,3,0,3,123,3,25,3,3,2,0,0,459,3,0
58.0,4,1,0,31,0,2,0,0,0,0,0,585,3,0
58.0,5,1,1,0,0,1,0,0,1,0,0,609,10,0
58.0,6,1,2,33,1,16,1,0,2,0,0,564,4,0
58.0,7,1,3,0,0,20,0,0,0,0,0,598,3,0
58.0,8,2,0,0,0,0,0,0,0,0,0,612,9,0
58.0,9,2,1,0,0,0,0,0,1,0,0,617,3,0
58.0,10,2,2,26,0,10,1,0,0,0,0,578,6,0
58.0,11,2,3,0,0,8,0,0,0,0,0,607,6,0
58.0,12,3,0,0,0,0,0,0,0,0,0,614,7,0
58.0,13,3,1,39,0,5,0,0,0,0,0,572,5,0
58.0,14,3,2,0,0,9,0,0,1,0,0,606,5,0
58.0,15,3,3,0,0,17,0,0,1,0,0,597,6,0
59.0,0,0,0,0,0,3,0,0,0,0,0,614,4,0
59.0,1,0,1,0,0,2,0,0,0,0,0,614,5,0
59.0,2,0,2,0,0,5,0,0,1,0,0,609,6,0
59.0,3,0,3,122,3,22,4,3,2,0,0,462,3,0
59.0,4,1,0,31,0,1,0,0,0,0,0,586,3,0
59.0,5,1,1,0,0,1,0,0,1,0,0,609,10,0
59.0,6,1,2,33,1,15,1,0,2,0,0,565,4,0
59.0,7,1,3,0,0,17,0,0,0,0,0,601,3,0
59.0,8,2,0,0,0,0,0,0,0,0,0,612,9,0
59.0,9,2,1,0,0,0,0,0,1,0,0,617,3,0
59.0,10,2,2,26,0,8,1,0,0,0,0,580,6,0
59.0,11,2,3,0,0,6,0,0,0,0,0,609,6,0
59.0,12,3,0,0,0,0,0,0,0,0,0,614,7,0
59.0,13,3,1,39,0,3,0,0,0,0,0,574,5,0
59.0,14,3,2,0,0,8,0,0,1,0,0,607,5,0
59.0,15,3,3,0,0,16,0,0,1,0,0,598,6,0
60.0,0,0,0,0,0,2,0,0,0,0,0,615,4,0
60.0,1,0,1,0,0,2,0,0,0,0,0,614,5,0
60.0,2,0,2,0,0,4,0,0,1,0,0,610,6,0
60.0,3,0,3,122,3,20,4,3,2,0,0,464,3,0
60.0,4,1,0,31,0,1,0,0,0,0,0,586,3,0
60.0,5,1,1,0,0,1,0,0,1,0,0,609,10,0
60.0,6,1,2,33,1,13,1,0,2,0,0,567,4,0
60.0,7,1,3,0,0,16,0,0,0,0,0,602,3,0
60.0,8,2,0,0,0,0,0,0,0,0,0,612,9,0
60.0,9,2,1,0,0,0,0,0,1,0,0,617,3,0
60.0,10,2,2,26,0,7,1,0,0,0,0,581,6,0
60.0,11,2,3,0,0,4,0,0,0,0,0,611,6,0
60.0,12,3,0,0,0,0,0,0,0,0,0,614,7,0
60.0,13,3,1,39,0,3,0,0,0,0,0,574,5,0
60.0,14,3,2,0,0,6,0,0,1,0,0,609,5,0
60.0,15,3,3,0,0,10,0,0,1,0,0,604,6,0
61.0,0,0,0,0,0,2,0,0,0,0,0,615,4,0
61.0,1,0,1,0,0,2,0,0,0,0,0,614,5,0
61.0,2,0,2,0,0,3,0,0,1,0,0,611,6,0
61.0,3,0,3,122,3,18,3,2,1,0,0,469,3,0
61.0,4,1,0,31,0,1,0,0,0,0,0,586,3,0
61.0,5,1,1,0,0,0,0,0,1,0,0,610,10,0
61.0,6,1,2,33,0,11,1,0,1,0,0,571,4,0
61.0,7,1,3,0,0,11,0,0,0,0,0,607,3,0
61.0,8,2,0,0,0,0,0,0,0,0,0,612,9,0
61.0,9,2,1,0,0,0,0,0,1,0,0,617,3,0
61.0,10,2,2,26,0,5,1,0,0,0,0,583,6,0
61.0,11,2,3,0,0,3,0,0,0,0,0,612,6,0
61.0,12,3,0,0,0,0,0,0,0,0,0,614,7,0
61.0,13,3,1,39,0,2,0,0,0,0,0,575,5,0
61.0,14,3,2,0,0,5,0,0,1,0,0,610,5,0
61.0,15,3,3,0,0,9,0,0,1,0,0,605,6,0
62.0,0,0,0,0,0,1,0,0,0,0,0,616,4,0
62.0,1,0,1,0,0,2,0,0,0,0,0,614,5,0
62.0,2,0,2,0,0,3,0,0,1,0,0,611,6,0
62.0,3,0,3,122,3,14,1,2,1,0,0,475,3,0
62.0,4,1,0,31,0,1,0,0,0,0,0,586,3,0
62.0,5,1,1,0,0,0,0,0,1,0,0,610,10,0
62.0,6,1,2,33,0,8,1,0,1,0,0,574,4,0
62.0,7,1,3,0,0,8,0,0,0,0,0,610,3,0
62.0,8,2,0,0,0,0,0,0,0,0,0,612,9,0
62.0,9,2,1,0,0,0,0,0,0,0,0,618,3,0
62.0,10,2,2,26,0,2,1,0,0,0,0,586,6,0
62.0,11,2,3,0,0,3,0,0,0,0,0,612,6,0
62.0,12,3,0,0,0,0,0,0,0,0,0,614,7,0
62.0,13,3,1,39,0,0,0,0,0,0,0,577,5,0
62.0,14,3,2,0,0,5,0,0,1,0,0,610,5,0
62.0,15,3,3,0,0,9,0,0,1,0,0,605,6,0
63.0,0,0,0,0,0,1,0,0,0,0,0,616,4,0
63.0,1,0,1,0,0,1,0,0,0,0,0,615,5,0
63.0,2,0,2,0,0,1,0,0,1,0,0,613,6,0
63.0,3,0,3,122,3,12,1,2,1,0,0,477,3,0
63.0,4,1,0,31,0,0,0,0,0,0,0,587,3,0
63.0,5,1,1,0,0,0,0,0,1,0,0,610,10,0
63.0,6,1,2,33,0,4,1,0,1,0,0,578,4,0
63.0,7,1,3,0,0,7,0,0,0,0,0,611,3,0
63.0,8,2,0,0,0,0,0,0,0,0,0,612,9,0
63.0,9,2,1,0,0,0,0,0,0,0,0,618,3,0
63.0,10,2,2,26,0,1,1,0,0,0,0,587,6,0
63.0,11,2,3,0,0,2,0,0,0,0,0,613,6,0
63.0,12,3,0,0,0,0,0,0,0,0,0,614,7,0
63.0,13,3,1,39,0,0,0,0,0,0,0,577,5,0
63.0,14,3,2,0,0,4,0,0,1,0,0,611,5,0
63.0,15,3,3,0,0,6,0,0,1,0,0,608,6,0
64.0,0,0,0,0,0,0,0,0,0,0,0,617,4,0
64.0,1,0,1,0,0,1,0,0,0,0,0,615,5,0
64.0,2,0,2,0,0,1,0,0,1,0,0,613,6,0
64.0,3,0,3,122,3,11,1,2,1,0,0,478,3,0
64.0,4,1,0,31,0,0,0,0,0,0,0,587,3,0
64.0,5,1,1,0,0,0,0,0,1,0,0,610,10,0
64.0,6,1,2,33,0,4,1,0,1,0,0,578,4,0
64.0,7,1,3,0,0,6,0,0,0,0,0,612,3,0
64.0,8,2,0,0,0,0,0,0,0,0,0,612,9,0
64.0,9,2,1,0,0,0,0,0,0,0,0,618,3,0
64.0,10,2,2,26,0,1,1,0,0,0,0,587,6,0
64.0,11,2,3,0,0,1,0,0,0,0,0,614,6,0
64.0,12,3,0,0,0,0,0,0,0,0,0,614,7,0
64.0,13,3,1,39,0,0,0,0,0,0,0,577,5,0
64.0,14,3,2,0,0,2,0,0,1,0,0,613,5,0
64.0,15,3,3,0,0,4,0,0,1,0,0,610,6,0
65.0,0,0,0,0,0,0,0,0,0,0,0,617,4,0
65.0,1,0,1,0,0,0,0,0,0,0,0,616,5,0
65.0,2,0,2,0,0,0,0,0,1,0,0,614,6,0
65.0,3,0,3,122,3,10,1,2,1,0,0,479,3,0
65.0,4,1,0,31,0,0,0,0,0,0,0,587,3,0
65.0,5,1,1,0,0,0,0,0,1,0,0,610,10,0
65.0,6,1,2,33,0,3,0,0,1,0,0,580,4,0
65.0,7,1,3,0,0,5,0,0,0,0,0,613,3,0
65.0,8,2,0,0,0,0,0,0,0,0,0,612,9,0
65.0,9,2,1,0,0,0,0,0,0,0,0,618,3,0
65.0,10,2,2,26,0,1,1,0,0,0,0,587,6,0
65.0,11,2,3,0,0,1,0,0,0,0,0,614,6,0
65.0,12,3,0,0,0,0,0,0,0,0,0,614,7,0
65.0,13,3,1,39,0,0,0,0,0,0,0,577,5,0
65.0,14,3,2,0,0,2,0,0,1,0,0,613,5,0
65.0,15,3,3,0,0,4,0,0,0,0,0,611,6,0
66.0,0,0,0,0,0,0,0,0,0,0,0,617,4,0
66.0,1,0,1,0,0,0,0,0,0,0,0,616,5,0
66.0,2,0,2,0,0,0,0,0,1,0,0,614,6,0
66.0,3,0,3,122,3,7,0,1,1,0,0,484,3,0
66.0,4,1,0,31,0,0,0,0,0,0,0,587,3,0
66.0,5,1,1,0,0,0,0,0,1,0,0,610,10,0
66.0,6,1,2,33,0,2,0,0,1,0,0,581,4,0
66.0,7,1,3,0,0,4,0,0,0,0,0,614,3,0
66.0,8,2,0,0,0,0,0,0,0,0,0,612,9,0
66.0,9,2,1,0,0,0,0,0,0,0,0,618,3,0
66.0,10,2,2,26,0,1,1,0,0,0,0,587,6,0
66.0,11,2,3,0,0,1,0,0,0,0,0,614,6,0
66.0,12,3,0,0,0,0,0,0,0,0,0,614,7,0
66.0,13,3,1,39,0,0,0,0,0,0,0,577,5,0
66.0,14,3,2,0,0,1,0,0,1,0,0,614,5,0
66.0,15,3,3,0,0,2,0,0,0,0,0,613,6,0
67.0,0,0,0,0,0,0,0,0,0,0,0,617,4,0
67.0,1,0,1,0,0,0,0,0,0,0,0,616,5,0
67.0,2,0,2,0,0,0,0,0,1,0,0,614,6,0
67.0,3,0,3,122,3,4,0,0,1,0,0,488,3,0
67.0,4,1,0,31,0,0,0,0,0,0,0,587,3,0
67.0,5,1,1,0,0,0,0,0,1,0,0,610,10,0
67.0,6,1,2,33,0,2,0,0,1,0,0,581,4,0
67.0,7,1,3,0,0,4,0,0,0,0,0,614,3,0
67.0,8,2,0,0,0,0,0,0,0,0,0,612,9,0
67.0,9,2,1,0,0,0,0,0,0,0,0,618,3,0
67.0,10,2,2,26,0,1,1,0,0,0,0,587,6,0
67.0,11,2,3,0,0,1,0,0,0,0,0,614,6,0
67.0,12,3,0,0,0,0,0,0,0,0,0,614,7,0
67.0,13,3,1,39,0,0,0,0,0,0,0,577,5,0
67.0,14,3,2,0,0,1,0,0,1,0,0,614,5,0
67.0,15,3,3,0,0,2,0,0,0,0,0,613,6,0
68.0,0,0,0,0,0,0,0,0,0,0,0,617,4,0
68.0,1,0,1,0,0,0,0,0,0,0,0,616,5,0
68.0,2,0,2,0,0,0,0,0,1,0,0,614,6,0
68.0,3,0,3,122,3,4,0,0,1,0,0,488,3,0
68.0,4,1,0,31,0,0,0,0,0,0,0,587,3,0
68.0,5,1,1,0,0,0,0,0,1,0,0,610,10,0
68.0,6,1,2,33,0,2,0,0,1,0,0,581,4,0
68.0,7,1,3,0,0,4,0,0,0,0,0,614,3,0
68.0,8,2,0,0,0,0,0,0,0,0,0,612,9,0
68.0,9,2,1,0,0,0,0,0,0,0,0,618,3,0
68.0,10,2,2,26,0,1,1,0,0,0,0,587,6,0
68.0,11,2,3,0,0,1,0,0,0,0,0,614,6,0
68.0,12,3,0,0,0,0,0,0,0,0,0,614,7,0
68.0,13,3,1,39,0,0,0,0,0,0,0,577,5,0
68.0,14,3,2,0,0,0,0,0,1,0,0,615,5,0
68.0,15,3,3,0,0,2,0,0,0,0,0,613,6,0
69.0,0,0,0,0,0,0,0,0,0,0,0,617,4,0
69.0,1,0,1,0,0,0,0,0,0,0,0,616,5,0
69.0,2,0,2,0,0,0,0,0,1,0,0,614,6,0
69.0,3,0,3,122,2,5,0,0,1,0,0,488,3,0
69.0,4,1,0,31,0,0,0,0,0,0,0,587,3,0
69.0,5,1,1,0,0,0,0,0,1,0,0,610,10,0
69.0,6,1,2,33,0,2,0,0,1,0,0,581,4,0
69.0,7,1,3,0,0,3,0,0,0,0,0,615,3,0
69.0,8,2,0,0,0,0,0,0,0,0,0,612,9,0
69.0,9,2,1,0,0,0,0,0,0,0,0,618,3,0
69.0,10,2,2,26,0,1,0,0,0,0,0,588,6,0
69.0,11,2,3,0,0,1,0,0,0,0,0,614,6,0
69.0,12,3,0,0,0,0,0,0,0,0,0,614,7,0
69.0,13,3,1,39,0,0,0,0,0,0,0,577,5,0
69.0,14,3,2,0,0,0,0,0,1,0,0,615,5,0
69.0,15,3,3,0,0,1,0,0,0,0,0,614,6,0
70.0,0,0,0,0,0,0,0,0,0,0,0,617,4,0
70.0,1,0,1,0,0,0,0,0,0,0,0,616,5,0
70.0,2,0,2,0,0,0,0,0,1,0,0,614,6,0
70.0,3,0,3,122,2,4,0,0,1,0,0,489,3,0
70.0,4,1,0,31,0,0,0,0,0,0,0,587,3,0
70.0,5,1,1,0,0,0,0,0,1,0,0,610,10,0
70.0,6,1,2,33,0,0,0,0,1,0,0,583,4,0
70.0,7,1,3,0,0,2,0,0,0,0,0,616,3,0
70.0,8,2,0,0,0,0,0,0,0,0,0,612,9,0
70.0,9,2,1,0,0,0,0,0,0,0,0,618,3,0
70.0,10,2,2,26,0,1,0,0,0,0,0,588,6,0
70.0,11,2,3,0,0,0,0,0,0,0,0,615,6,0
70.0,12,3,0,0,0,0,0,0,0,0,0,614,7,0
70.0,13,3,1,39,0,0,0,0,0,0,0,577,5,0
70.0,14,3,2,0,0,0,0,0,1,0,0,615,5,0
70.0,15,3,3,0,0,1,0,0,0,0,0,614,6,0
71.0,0,0,0,0,0,0,0,0,0,0,0,617,4,0
71.0,1,0,1,0,0,0,0,0,0,0,0,616,5,0
71.0,2,0,2,0,0,0,0,0,1,0,0,614,6,0
71.0,3,0,3,122,2,4,0,0,0,0,0,490,3,0
71.0,4,1,0,31,0,0,0,0,0,0,0,587,3,0
71.0,5,1,1,0,0,0,0,0,1,0,0,610,10,0
71.0,6,1,2,33,0,0,0,0,1,0,0,583,4,0
71.0,7,1,3,0,0,0,0,0,0,0,0,618,3,0
71.0,8,2,0,0,0,0,0,0,0,0,0,612,9,0
71.0,9,2,1,0,0,0,0,0,0,0,0,618,3,0
71.0,10,2,2,26,0,1,0,0,0,0,0,588,6,0
71.0,11,2,3,0,0,0,0,0,0,0,0,615,6,0
71.0,12,3,0,0,0,0,0,0,0,0,0,614,7,0
71.0,13,3,1,39,0,0,0,0,0,0,0,577,5,0
71.0,14,3,2,0,0,0,0,0,1,0,0,615,5,0
71.0,15,3,3,0,0,0,0,0,0,0,0,615,6,0
72.0,0,0,0,0,0,0,0,0,0,0,0,617,4,0
72.0,1,0,1,0,0,0,0,0,0,0,0,616,5,0
72.0,2,0,2,0,0,0,0,0,1,0,0,614,6,0
72.0,3,0,3,122,2,4,0,0,0,0,0,490,3,0
72.0,4,1,0,31,0,0,0,0,0,0,0,587,3,0
72.0,5,1,1,0,0,0,0,0,1,0,0,610,10,0
72.0,6,1,2,33,0,0,0,0,1,0,0,583,4,0
72.0,7,1,3,0,0,0,0,0,0,0,0,618,3,0
72.0,8,2,0,0,0,0,0,0,0,0,0,612,9,0
72.0,9,2,1,0,0,0,0,0,0,0,0,618,3,0
72.0,10,2,2,26,0,1,0,0,0,0,0,588,6,0
72.0,11,2,3,0,0,0,0,0,0,0,0,615,6,0
72.0,12,3,0,0,0,0,0,0,0,0,0,614,7,0
72.0,13,3,1,39,0,0,0,0,0,0,0,577,5,0
72.0,14,3,2,0,0,0,0,0,1,0,0,615,5,0
72.0,15,3,3,0,0,0,0,0,0,0,0,615,6,0
73.0,0,0,0,0,0,0,0,0,0,0,0,617,4,0
73.0,1,0,1,0,0,0,0,0,0,0,0,616,5,0
73.0,2,0,2,0,0,0,0,0,0,0,0,615,6,0
73.0,3,0,3,122,0,4,1,1,0,0,0,490,3,0
73.0,4,1,0,31,0,0,0,0,0,0,0,587,3,0
73.0,5,1,1,0,0,0,0,0,0,0,0,611,10,0
73.0,6,1,2,33,0,0,0,0,1,0,0,583,4,0
73.0,7,1,3,0,0,0,0,0,0,0,0,618,3,0
73.0,8,2,0,0,0,0,0,0,0,0,0,612,9,0
73.0,9,2,1,0,0,0,0,0,0,0,0,618,3,0
73.0,10,2,2,26,0,1,0,0,0,0,0,588,6,0
73.0,11,2,3,0,0,0,0,0,0,0,0,615,6,0
73.0,12,3,0,0,0,0,0,0,0,0,0,614,7,0
73.0,13,3,1,39,0,0,0,0,0,0,0,577,5,0
73.0,14,3,2,0,0,0,0,0,1,0,0,615,5,0
73.0,15,3,3,0,0,0,0,0,0,0,0,615,6,0
74.0,0,0,0,0,0,0,0,0,0,0,0,617,4,0
74.0,1,0,1,0,0,0,0,0,0,0,0,616,5,0
74.0,2,0,2,0,0,0,0,0,0,0,0,615,6,0
74.0,3,0,3,122,0,4,1,1,0,0,0,490,3,0
74.0,4,1,0,31,0,0,0,0,0,0,0,587,3,0
74.0,5,1,1,0,0,0,0,0,0,0,0,611,10,0
74.0,6,1,2,33,0,0,0,0,1,0,0,583,4,0
74.0,7,1,3,0,0,0,0,0,0,0,0,618,3,0
74.0,8,2,0,0,0,0,0,0,0,0,0,612,9,0
74.0,9,2,1,0,0,0,0,0,0,0,0,618,3,0
74.0,10,2,2,26,0,1,0,0,0,0,0,588,6,0
74.0,11,2,3,0,0,0,0,0,0,0,0,615,6,0
74.0,12,3,0,0,0,0,0,0,0,0,0,614,7,0
74.0,13,3,1,39,0,0,0,0,0,0,0,577,5,0
74.0,14,3,2,0,0,0,0,0,0,0,0,616,5,0
74.0,15,3,3,0,0,0,0,0,0,0,0,615,6,0
75.0,0,0,0,0,0,0,0,0,0,0,0,617,4,0
75.0,1,0,1,0,0,0,0,0,0,0,0,616,5,0
75.0,2,0,2,0,0,0,0,0,0,0,0,615,6,0
75.0,3,0,3,121,1,4,1,1,0,0,0,490,3,0
75.0,4,1,0,31,0,0,0,0,0,0,0,587,3,0
75.0,5,1,1,0,0,0,0,0,0,0,0,611,10,0
75.0,6,1,2,33,0,0,0,0,1,0,0,583,4,0
75.0,7,1,3,0,0,0,0,0,0,0,0,618,3,0
75.0,8,2,0,0,0,0,0,0,0,0,0,612,9,0
75.0,9,2,1,0,0,0,0,0,0,0,0,618,3,0
75.0,10,2,2,26,0,1,0,0,0,0,0,588,6,0
75.0,11,2,3,0,0,0,0,0,0,0,0,615,6,0
75.0,12,3,0,0,0,0,0,0,0,0,0,614,7,0
75.0,13,3,1,39,0,0,0,0,0,0,0,577,5,0
75.0,14,3,2,0,0,0,0,0,0,0,0,616,5,0
75.0,15,3,3,0,0,0,0,0,0,0,0,615,6,0
76.0,0,0,0,0,0,0,0,0,0,0,0,617,4,0
76.0,1,0,1,0,0,0,0,0,0,0,0,616,5,0
76.0,2,0,2,0,0,0,0,0,0,0,0,615,6,0
76.0,3,0,3,121,1,3,1,1,0,0,0,491,3,0
76.0,4,1,0,31,0,0,0,0,0,0,0,587,3,0
76.0,5,1,1,0,0,0,0,0,0,0,0,611,10,0
76.0,6,1,2,33,0,0,0,0,0,0,0,584,4,0
76.0,7,1,3,0,0,0,0,0,0,0,0,618,3,0
76.0,8,2,0,0,0,0,0,0,0,0,0,612,9,0
76.0,9,2,1,0,0,0,0,0,0,0,0,618,3,0
76.0,10,2,2,26,0,1,0,0,0,0,0,588,6,0
76.0,11,2,3,0,0,0,0,0,0,0,0,615,6,0
76.0,12,3,0,0,0,0,0,0,0,0,0,614,7,0
76.0,13,3,1,39,0,0,0,0,0,0,0,577,5,0
76.0,14,3,2,0,0,0,0,0,0,0,0,616,5,0
76.0,15,3,3,0,0,0,0,0,0,0,0,615,6,0
77.0,0,0,0,0,0,0,0,0,0,0,0,617,4,0
77.0,1,0,1,0,0,0,0,0,0,0,0,616,5,0
77.0,2,0,2,0,0,0,0,0,0,0,0,615,6,0
77.0,3,0,3,121,1,3,1,1,0,0,0,491,3,0
77.0,4,1,0,31,0,0,0,0,0,0,0,587,3,0
77.0,5,1,1,0,0,0,0,0,0,0,0,611,10,0
77.0,6,1,2,33,0,0,0,0,0,0,0,584,4,0
77.0,7,1,3,0,0,0,0,0,0,0,0,618,3,0
77.0,8,2,0,0,0,0,0,0,0,0,0,612,9,0
77.0,9,2,1,0,0,0,0,0,0,0,0,618,3,0
77.0,10,2,2,26,0,0,0,0,0,0,0,589,6,0
77.0,11,2,3,0,0,0,0,0,0,0,0,615,6,0
77.0,12,3,0,0,0,0,0,0,0,0,0,614,7,0
77.0,13,3,1,39,0,0,0,0,0,0,0,577,5,0
77.0,14,3,2,0,0,0,0,0,0,0,0,616,5,0
77.0,15,3,3,0,0,0,0,0,0,0,0,615,6,0
78.0,0,0,0,0,0,0,0,0,0,0,0,617,4,0
78.0,1,0,1,0,0,0,0,0,0,0,0,616,5,0
78.0,2,0,2,0,0,0,0,0,0,0,0,615,6,0
78.0,3,0,3,121,1,3,1,0,0,0,0,492,3,0
78.0,4,1,0,31,0,0,0,0,0,0,0,587,3,0
78.0,5,1,1,0,0,0,0,0,0,0,0,611,10,0
78.0,6,1,2,33,0,0,0,0,0,0,0,584,4,0
78.0,7,1,3,0,0,0,0,0,0,0,0,618,3,0
78.0,8,2,0,0,0,0,0,0,0,0,0,612,9,0
78.0,9,2,1,0,0,0,0,0,0,0,0,618,3,0
78.0,10,2,2,26,0,0,0,0,0,0,0,589,6,0
78.0,11,2,3,0,0,0,0,0,0,0,0,615,6,0
78.0,12,3,0,0,0,0,0,0,0,0,0,614,7,0
78.0,13,3,1,39,0,0,0,0,0,0,0,577,5,0
78.0,14,3,2,0,0,0,0,0,0,0,0,616,5,0
78.0,15,3,3,0,0,0,0,0,0,0,0,615,6,0
79.0,0,0,0,0,0,0,0,0,0,0,0,617,4,0
79.0,1,0,1,0,0,0,0,0,0,0,0,616,5,0
79.0,2,0,2,0,0,0,0,0,0,0,0,615,6,0
79.0,3,0,3,121,0,3,2,0,0,0,0,492,3,0
79.0,4,1,0,31,0,0,0,0,0,0,0,587,3,0
79.0,5,1,1,0,0,0,0,0,0,0,0,611,10,0
79.0,6,1,2,33,0,0,0,0,0,0,0,584,4,0
79.0,7,1,3,0,0,0,0,0,0,0,0,618,3,0
79.0,8,2,0,0,0,0,0,0,0,0,0,612,9,0
79.0,9,2,1,0,0,0,0,0,0,0,0,618,3,0
79.0,10,2,2,26,0,0,0,0,0,0,0,589,6,0
79.0,11,2,3,0,0,0,0,0,0,0,0,615,6,0
79.0,12,3,0,0,0,0,0,0,0,0,0,614,7,0
79.0,13,3,1,39,0,0,0,0,0,0,0,577,5,0
79.0,14,3,2,0,0,0,0,0,0,0,0,616,5,0
79.0,15,3,3,0,0,0,0,0,0,0,0,615,6,0
80.0,0,0,0,0,0,0,0,0,0,0,0,617,4,0
80.0,1,0,1,0,0,0,0,0,0,0,0,616,5,0
80.0,2,0,2,0,0,0,0,0,0,0,0,615,6,0
80.0,3,0,3,121,0,3,1,0,0,0,0,493,3,0
80.0,4,1,0,31,0,0,0,0,0,0,0,587,3,0
80.0,5,1,1,0,0,0,0,0,0,0,0,611,10,0
80.0,6,1,2,33,0,0,0,0,0,0,0,584,4,0
80.0,7,1,3,0,0,0,0,0,0,0,0,618,3,0
80.0,8,2,0,0,0,0,0,0,0,0,0,612,9,0
80.0,9,2,1,0,0,0,0,0,0,0,0,618,3,0
80.0,10,2,2,26,0,0,0,0,0,0,0,589,6,0
80.0,11,2,3,0,0,0,0,0,0,0,0,615,6,0
80.0,12,3,0,0,0,0,0,0,0,0,0,614,7,0
80.0,13,3,1,39,0,0,0,0,0,0,0,577,5,0
80.0,14,3,2,0,0,0,0,0,0,0,0,616,5,0
80.0,15,3,3,0,0,0,0,0,0,0,0,615,6,0
81.0,0,0,0,0,0,0,0,0,0,0,0,617,4,0
81.0,1,0,1,0,0,0,0,0,0,0,0,616,5,0
81.0,2,0,2,0,0,0,0,0,0,0,0,615,6,0
81.0,3,0,3,121,0,1,1,0,0,0,0,495,3,0
81.0,4,1,0,31,0,0,0,0,0,0,0,587,3,0
81.0,5,1,1,0,0,0,0,0,0,0,0,611,10,0
81.0,6,1,2,33,0,0,0,0,0,0,0,584,4,0
81.0,7,1,3,0,0,0,0,0,0,0,0,618,3,0
81.0,8,2,0,0,0,0,0,0,0,0,0,612,9,0
81.0,9,2,1,0,0,0,0,0,0,0,0,618,3,0
81.0,10,2,2,26,0,0,0,0,0,0,0,589,6,0
81.0,11,2,3,0,0,0,0,0,0,0,0,615,6,0
81.0,12,3,0,0,0,0,0,0,0,0,0,614,7,0
81.0,13,3,1,39,0,0,0,0,0,0,0,577,5,0
81.0,14,3,2,0,0,0,0,0,0,0,0,616,5,0
81.0,15,3,3,0,0,0,0,0,0,0,0,615,6,0
82.0,0,0,0,0,0,0,0,0,0,0,0,617,4,0
82.0,1,0,1,0,0,0,0,0,0,0,0,616,5,0
82.0,2,0,2,0,0,0,0,0,0,0,0,615,6,0
82.0,3,0,3,121,0,0,1,0,0,0,0,496,3,0
82.0,4,1,0,31,0,0,0,0,0,0,0,587,3,0
82.0,5,1,1,0,0,0,0,0,0,0,0,611,10,0
82.0,6,1,2,33,0,0,0,0,0,0,0,584,4,0
82.0,7,1,3,0,0,0,0,0,0,0,0,618,3,0
82.0,8,2,0,0,0,0,0,0,0,0,0,612,9,0
82.0,9,2,1,0,0,0,0,0,0,0,0,618,3,0
82.0,10,2,2,26,0,0,0,0,0,0,0,589,6,0
82.0,11,2,3,0,0,0,0,0,0,0,0,615,6,0
82.0,12,3,0,0,0,0,0,0,0,0,0,614,7,0
82.0,13,3,1,39,0,0,0,0,0,0,0,577,5,0
82.0,14,3,2,0,0,0,0,0,0,0,0,616,5,0
82.0,15,3,3,0,0,0,0,0,0,0,0,615,6,0
83.0,0,0,0,0,0,0,0,0,0,0,0,617,4,0
83.0,1,0,1,0,0,0,0,0,0,0,0,616,5,0
83.0,2,0,2,0,0,0,0,0,0,0,0,615,6,0
83.0,3,0,3,121,0,0,1,0,0,0,0,496,3,0
83.0,4,1,0,31,0,0,0,0,0,0,0,587,3,0
83.0,5,1,1,0,0,0,0,0,0,0,0,611,10,0
83.0,6,1,2,33,0,0,0,0,0,0,0,584,4,0
83.0,7,1,3,0,0,0,0,0,0,0,0,618,3,0
83.0,8,2,0,0,0,0,0,0,0,0,0,612,9,0
83.0,9,2,1,0,0,0,0,0,0,0,0,618,3,0
83.0,10,2,2,26,0,0,0,0,0,0,0,589,6,0
83.0,11,2,3,0,0,0,0,0,0,0,0,615,6,0
83.0,12,3,0,0,0,0,0,0,0,0,0,614,7,0
83.0,13,3,1,39,0,0,0,0,0,0,0,577,5,0
83.0,14,3,2,0,0,0,0,0,0,0,0,616,5,0
83.0,15,3,3,0,0,0,0,0,0,0,0,615,6,0
84.0,0,0,0,0,0,0,0,0,0,0,0,617,4,0
84.0,1,0,1,0,0,0,0,0,0,0,0,616,5,0
84.0,2,0,2,0,0,0,0,0,0,0,0,615,6,0
84.0,3,0,3,121,0,0,1,0,0,0,0,496,3,0
84.0,4,1,0,31,0,0,0,0,0,0,0,587,3,0
84.0,5,1,1,0,0,0,0,0,0,0,0,611,10,0
84.0,6,1,2,33,0,0,0,0,0,0,0,584,4,0
84.0,7,1,3,0,0,0,0,0,0,0,0,618,3,0
84.0,8,2,0,0,0,0,0,0,0,0,0,612,9,0
84.0,9,2,1,0,0,0,0,0,0,0,0,618,3,0
84.0,10,2,2,26,0,0,0,0,0,0,0,589,6,0
84.0,11,2,3,0,0,0,0,0,0,0,0,615,6,0
84.0,12,3,0,0,0,0,0,0,0,0,0,614,7,0
84.0,13,3,1,39,0,0,0,0,0,0,0,577,5,0
84.0,14,3,2,0,0,0,0,0,0,0,0,616,5,0
84.0,15,3,3,0,0,0,0,0,0,0,0,615,6,0
85.0,0,0,0,0,0,0,0,0,0,0,0,617,4,0
85.0,1,0,1,0,0,0,0,0,0,0,0,616,5,0
85.0,2,0,2,0,0,0,0,0,0,0,0,615,6,0
85.0,3,0,3,121,0,0,1,0,0,0,0,496,3,0
85.0,4,1,0,31,0,0,0,0,0,0,0,587,3,0
85.0,5,1,1,0,0,0,0,0,0,0,0,611,10,0
85.0,6,1,2,33,0,0,0,0,0,0,0,584,4,0
85.0,7,1,3,0,0,0,0,0,0,0,0,618,3,0
85.0,8,2,0,0,0,0,0,0,0,0,0,612,9,0
85.0,9,2,1,0,0,0,0,0,0,0,0,618,3,0
85.0,10,2,2,26,0,0,0,0,0,0,0,589,6,0
85.0,11,2,3,0,0,0,0,0,0,0,0,615,6,0
85.0,12,3,0,0,0,0,0,0,0,0,0,614,7,0
85.0,13,3,1,39,0,0,0,0,0,0,0,577,5,0
85.0,14,3,2,0,0,0,0,0,0,0,0,616,5,0
85.0,15,3,3,0,0,0,0,0,0,0,0,615,6,0
86.0,0,0,0,0,0,0,0,0,0,0,0,617,4,0
86.0,1,0,1,0,0,0,0,0,0,0,0,616,5,0
86.0,2,0,2,0,0,0,0,0,0,0,0,615,6,0
86.0,3,0,3,121,0,0,0,0,0,0,0,497,3,0
86.0,4,1,0,31,0,0,0,0,0,0,0,587,3,0
86.0,5,1,1,0,0,0,0,0,0,0,0,611,10,0
86.0,6,1,2,33,0,0,0,0,0,0,0,584,4,0
86.0,7,1,3,0,0,0,0,0,0,0,0,618,3,0
86.0,8,2,0,0,0,0,0,0,0,0,0,612,9,0
86.0,9,2,1,0,0,0,0,0,0,0,0,618,3,0
86.0,10,2,2,26,0,0,0,0,0,0,0,589,6,0
86.0,11,2,3,0,0,0,0,0,0,0,0,615,6,0
86.0,12,3,0,0,0,0,0,0,0,0,0,614,7,0
86.0,13,3,1,39,0,0,0,0,0,0,0,577,5,0
86.0,14,3,2,0,0,0,0,0,0,0,0,616,5,0
86.0,15,3,3,0,0,0,0,0,0,0,0,615,6,0
87.0,0,0,0,0,0,0,0,0,0,0,0,617,4,0
87.0,1,0,1,0,0,0,0,0,0,0,0,616,5,0
87.0,2,0,2,0,0,0,0,0,0,0,0,615,6,0
87.0,3,0,3,121,0,0,0,0,0,0,0,497,3,0
87.0,4,1,0,31,0,0,0,0,0,0,0,587,3,0
87.0,5,1,1,0,0,0,0,0,0,0,0,611,10,0
87.0,6,1,2,33,0,0,0,0,0,0,0,584,4,0
87.0,7,1,3,0,0,0,0,0,0,0,0,618,3,0
87.0,8,2,0,0,0,0,0,0,0,0,0,612,9,0
87.0,9,2,1,0,0,0,0,0,0,0,0,618,3,0
87.0,10,2,2,26,0,0,0,0,0,0,0,589,6,0
87.0,11,2,3,0,0,0,0,0,0,0,0,615,6,0
87.0,12,3,0,0,0,0,0,0,0,0,0,614,7,0
87.0,13,3,1,39,0,0,0,0,0,0,0,577,5,0
87.0,14,3,2,0,0,0,0,0,0,0,0,616,5,0
87.0,15,3,3,0,0,0,0,0,0,0,0,615,6,0
88.0,0,0,0,0,0,0,0,0,0,0,0,617,4,0
88.0,1,0,1,0,0,0,0,0,0,0,0,616,5,0
88.0,2,0,2,0,0,0,0,0,0,0,0,615,6,0
88.0,3,0,3,121,0,0,0,0,0,0,0,497,3,0
88.0,4,1,0,31,0,0,0,0,0,0,0,587,3,0
88.0,5,1,1,0,0,0,0,0,0,0,0,611,10,0
88.0,6,1,2,33,0,0,0,0,0,0,0,584,4,0
88.0,7,1,3,0,0,0,0,0,0,0,0,618,3,0
88.0,8,2,0,0,0,0,0,0,0,0,0,612,9,0
88.0,9,2,1,0,0,0,0,0,0,0,0,618,3,0
88.0,10,2,2,26,0,0,0,0,0,0,0,589,6,0
88.0,11,2,3,0,0,0,0,0,0,0,0,615,6,0
88.0,12,3,0,0,0,0,0,0,0,0,0,614,7,0
88.0,13,3,1,39,0,0,0,0,0,0,0,577,5,0
88.0,14,3,2,0,0,0,0,0,0,0,0,616,5,0
88.0,15,3,3,0,0,0,0,0,0,0,0,615,6,0
89.0,0,0,0,0,0,0,0,0,0,0,0,617,4,0
89.0,1,0,1,0,0,0,0,0,0,0,0,616,5,0
89.0,2,0,2,0,0,0,0,0,0,0,0,615,6,0
89.0,3,0,3,121,0,0,0,0,0,0,0,497,3,0
89.0,4,1,0,31,0,0,0,0,0,0,0,587,3,0
89.0,5,1,1,0,0,0,0,0,0,0,0,611,10,0
89.0,6,1,2,33,0,0,0,0,0,0,0,584,4,0
89.0,7,1,3,0,0,0,0,0,0,0,0,618,3,0
89.0,8,2,0,0,0,0,0,0,0,0,0,612,9,0
89.0,9,2,1,0,0,0,0,0,0,0,0,618,3,0
89.0,10,2,2,26,0,0,0,0,0,0,0,589,6,0
89.0,11,2,3,0,0,0,0,0,0,0,0,615,6,0
89.0,12,3,0,0,0,0,0,0,0,0,0,614,7,0
89.0,13,3,1,39,0,0,0,0,0,0,0,577,5,0
89.0,14,3,2,0,0,0,0,0,0,0,0,616,5,0
89.0,15,3,3,0,0,0,0,0,0,0,0,615,6,0
90.0,0,0,0,0,0,0,0,0,0,0,0,617,4,0
90.0,1,0,1,0,0,0,0,0,0,0,0,616,5,0
90.0,2,0,2,0,0,0,0,0,0,0,0,615,6,0
90.0,3,0,3,121,0,0,0,0,0,0,0,497,3,0
90.0,4,1,0,31,0,0,0,0,0,0,0,587,3,0
90.0,5,1,1,0,0,0,0,0,0,0,0,611,10,0
90.0,6,1,2,33,0,0,0,0,0,0,0,584,4,0
90.0,7,1,3,0,0,0,0,0,0,0,0,618,3,0
90.0,8,2,0,0,0,0,0,0,0,0,0,612,9,0
90.0,9,2,1,0,0,0,0,0,0,0,0,618,3,0
90.0,10,2,2,26,0,0,0,0,0,0,0,589,6,0
90.0,11,2,3,0,0,0,0,0,0,0,0,615,6,0
90.0,12,3,0,0,0,0,0,0,0,0,0,614,7,0
90.0,13,3,1,39,0,0,0,0,0,0,0,577,5,0
90.0,14,3,2,0,0,0,0,0,0,0,0,616,5,0
90.0,15,3,3,0,0,0,0,0,0,0,0,615,6,0
91.0,0,0,0,0,0,0,0,0,0,0,0,617,4,0
91.0,1,0,1,0,0,0,0,0,0,0,0,616,5,0
91.0,2,0,2,0,0,0,0,0,0,0,0,615,6,0
91.0,3,0,3,121,0,0,0,0,0,0,0,497,3,0
91.0,4,1,0,31,0,0,0,0,0,0,0,587,3,0
91.0,5,1,1,0,0,0,0,0,0,0,0,611,10,0
91.0,6,1,2,33,0,0,0,0,0,0,0,584,4,0
91.0,7,1,3,0,0,0,0,0,0,0,0,618,3,0
91.0,8,2,0,0,0,0,0,0,0,0,0,612,9,0
91.0,9,2,1,0,0,0,0,0,0,0,0,618,3,0
91.0,10,2,2,26,0,0,0,0,0,0,0,589,6,0
91.0,11,2,3,0,0,0,0,0,0,0,0,615,6,0
91.0,12,3,0,0,0,0,0,0,0,0,0,614,7,0
91.0,13,3,1,39,0,0,0,0,0,0,0,577,5,0
91.0,14,3,2,0,0,0,0,0,0,0,0,616,5,0
91.0,15,3,3,0,0,0,0,0,0,0,0,615,6,0
92.0,0,0,0,0,0,0,0,0,0,0,0,617,4,0
92.0,1,0,1,0,0,0,0,0,0,0,0,616,5,0
92.0,2,0,2,0,0,0,0,0,0,0,0,615,6,0
92.0,3,0,3,121,0,0,0,0,0,0,0,497,3,0
92.0,4,1,0,31,0,0,0,0,0,0,0,587,3,0
92.0,5,1,1,0,0,0,0,0,0,0,0,611,10,0
92.0,6,1,2,33,0,0,0,0,0,0,0,584,4,0
92.0,7,1,3,0,0,0,0,0,0,0,0,618,3,0
92.0,8,2,0,0,0,0,0,0,0,0,0,612,9,0
92.0,9,2,1,0,0,0,0,0,0,0,0,618,3,0
92.0,10,2,2,26,0,0,0,0,0,0,0,589,6,0
92.0,11,2,3,0,0,0,0,0,0,0,0,615,6,0
92.0,12,3,0,0,0,0,0,0,0,0,0,614,7,0
92.0,13,3,1,39,0,0,0,0,0,0,0,577,5,0
92.0,14,3,2,0,0,0,0,0,0,0,0,616,5,0
92.0,15,3,3,0,0,0,0,0,0,0,0,615,6,0
93.0,0,0,0,0,0,0,0,0,0,0,0,617,4,0
93.0,1,0,1,0,0,0,0,0,0,0,0,616,5,0
93.0,2,0,2,0,0,0,0,0,0,0,0,615,6,0
93.0,3,0,3,121,0,0,0,0,0,0,0,497,3,0
93.0,4,1,0,31,0,0,0,0,0,0,0,587,3,0
93.0,5,1,1,0,0,0,0,0,0,0,0,611,10,0
93.0,6,1,2,33,0,0,0,0,0,0,0,584,4,0
93.0,7,1,3,0,0,0,0,0,0,0,0,618,3,0
93.0,8,2,0,0,0,0,0,0,0,0,0,612,9,0
93.0,9,2,1,0,0,0,0,0,0,0,0,618,3,0
93.0,10,2,2,26,0,0,0,0,0,0,0,589,6,0
93.0,11,2,3,0,0,0,0,0,0,0,0,615,6,0
93.0,12,3,0,0,0,0,0,0,0,0,0,614,7,0
93.0,13,3,1,39,0,0,0,0,0,0,0,577,5,0
93.0,14,3,2,0,0,0,0,0,0,0,0,616,5,0
93.0,15,3,3,0,0,0,0,0,0,0,0,615,6,0
94.0,0,0,0,0,0,0,0,0,0,0,0,617,4,0
94.0,1,0,1,0,0,0,0,0,0,0,0,616,5,0
94.0,2,0,2,0,0,0,0,0,0,0,0,615,6,0
94.0,3,0,3,121,0,0,0,0,0,0,0,497,3,0
94.0,4,1,0,31,0,0,0,0,0,0,0,587,3,0
94.0,5,1,1,0,0,0,0,0,0,0,0,611,10,0
94.0,6,1,2,33,0,0,0,0,0,0,0,584,4,0
94.0,7,1,3,0,0,0,0,0,0,0,0,618,3,0
94.0,8,2,0,0,0,0,0,0,0,0,0,612,9,0
94.0,9,2,1,0,0,0,0,0,0,0,0,618,3,0
94.0,10,2,2,26,0,0,0,0,0,0,0,589,6,0
94.0,11,2,3,0,0,0,0,0,0,0,0,615,6,0
94.0,12,3,0,0,0,0,0,0,0,0,0,614,7,0
94.0,13,3,1,39,0,0,0,0,0,0,0,577,5,0
94.0,14,3,2,0,0,0,0,0,0,0,0,616,5,0
94.0,15,3,3,0,0,0,0,0,0,0,0,615,6,0
95.0,0,0,0,0,0,0,0,0,0,0,0,617,4,0
95.0,1,0,1,0,0,0,0,0,0,0,0,616,5,0
95.0,2,0,2,0,0,0,0,0,0,0,0,615,6,0
95.0,3,0,3,121,0,0,0,0,0,0,0,497,3,0
95.0,4,1,0,31,0,0,0,0,0,0,0,587,3,0
95.0,5,1,1,0,0,0,0,0,0,0,0,611,10,0
95.0,6,1,2,33,0,0,0,0,0,0,0,584,4,0
95.0,7,1,3,0,0,0,0,0,0,0,0,618,3,0
95.0,8,2,0,0,0,0,0,0,0,0,0,612,9,0
95.0,9,2,1,0,0,0,0,0,0,0,0,618,3,0
95.0,10,2,2,26,0,0,0,0,0,0,0,589,6,0
95.0,11,2,3,0,0,0,0,0,0,0,0,615,6,0
95.0,12,3,0,0,0,0,0,0,0,0,0,614,7,0
95.0,13,3,1,39,0,0,0,0,0,0,0,577,5,0
95.0,14,3,2,0,0,0,0,0,0,0,0,616,5,0
95.0,15,3,3,0,0,0,0,0,0,0,0,615,6,0
96.0,0,0,0,0,0,0,0,0,0,0,0,617,4,0
96.0,1,0,1,0,0,0,0,0,0,0,0,616,5,0
96.0,2,0,2,0,0,0,0,0,0,0,0,615,6,0
96.0,3,0,3,121,0,0,0,0,0,0,0,497,3,0
96.0,4,1,0,31,0,0,0,0,0,0,0,587,3,0
96.0,5,1,1,0,0,0,0,0,0,0,0,611,10,0
96.0,6,1,2,33,0,0,0,0,0,0,0,584,4,0
96.0,7,1,3,0,0,0,0,0,0,0,0,618,3,0
96.0,8,2,0,0,0,0,0,0,0,0,0,612,9,0
96.0,9,2,1,0,0,0,0,0,0,0,0,618,3,0
96.0,10,2,2,26,0,0,0,0,0,0,0,589,6,0
96.0,11,2,3,0,0,0,0,0,0,0,0,615,6,0
96.0,12,3,0,0,0,0,0,0,0,0,0,614,7,0
96.0,13,3,1,39,0,0,0,0,0,0,0,577,5,0
96.0,14,3,2,0,0,0,0,0,0,0,0,616,5,0
96.0,15,3,3,0,0,0,0,0,0,0,0,615,6,0
97.0,0,0,0,0,0,0,0,0,0,0,0,617,4,0
97.0,1,0,1,0,0,0,0,0,0,0,0,616,5,0
97.0,2,0,2,0,0,0,0,0,0,0,0,615,6,0
97.0,3,0,3,121,0,0,0,0,0,0,0,497,3,0
97.0,4,1,0,31,0,0,0,0,0,0,0,587,3,0
97.0,5,1,1,0,0,0,0,0,0,0,0,611,10,0
97.0,6,1,2,33,0,0,0,0,0,0,0,584,4,0
97.0,7,1,3,0,0,0,0,0,0,0,0,618,3,0
97.0,8,2,0,0,0,0,0,0,0,0,0,612,9,0
97.0,9,2,1,0,0,0,0,0,0,0,0,618,3,0
97.0,10,2,2,26,0,0,0,0,0,0,0,589,6,0
97.0,11,2,3,0,0,0,0,0,0,0,0,615,6,0
97.0,12,3,0,0,0,0,0,0,0,0,0,614,7,0
97.0,13,3,1,39,0,0,0,0,0,0,0,577,5,0
97.0,14,3,2,0,0,0,0,0,0,0,0,616,5,0
97.0,15,3,3,0,0,0,0,0,0,0,0,615,6,0
98.0,0,0,0,0,0,0,0,0,0,0,0,617,4,0
98.0,1,0,1,0,0,0,0,0,0,0,0,616,5,0
98.0,2,0,2,0,0,0,0,0,0,0,0,615,6,0
98.0,3,0,3,121,0,0,0,0,0,0,0,497,3,0
98.0,4,1,0,31,0,0,0,0,0,0,0,587,3,0
98.0,5,1,1,0,0,0,0,0,0,0,0,611,10,0
98.0,6,1,2,33,0,0,0,0,0,0,0,584,4,0
98.0,7,1,3,0,0,0,0,0,0,0,0,618,3,0
98.0,8,2,0,0,0,0,0,0,0,0,0,612,9,0
98.0,9,2,1,0,0,0,0,0,0,0,0,618,3,0
98.0,10,2,2,26,0,0,0,0,0,0,0,589,6,0
98.0,11,2,3,0,0,0,0,0,0,0,0,615,6,0
98.0,12,3,0,0,0,0,0,0,0,0,0,614,7,0
98.0,13,3,1,39,0,0,0,0,0,0,0,577,5,0
98.0,14,3,2,0,0,0,0,0,0,0,0,616,5,0
98.0,15,3,3,0,0,0,0,0,0,0,0,615,6,0
99.0,0,0,0,0,0,0,0,0,0,0,0,617,4,0
99.0,1,0,1,0,0,0,0,0,0,0,0,616,5,0
99.0,2,0,2,0,0,0,0,0,0,0,0,615,6,0
99.0,3,0,3,121,0,0,0,0,0,0,0,497,3,0
99.0,4,1,0,31,0,0,0,0,0,0,0,587,3,0
99.0,5,1,1,0,0,0,0,0,0,0,0,611,10,0
99.0,6,1,2,33,0,0,0,0,0,0,0,584,4,0
99.0,7,1,3,0,0,0,0,0,0,0,0,618,3,0
99.0,8,2,0,0,0,0,0,0,0,0,0,612,9,0
99.0,9,2,1,0,0,0,0,0,0,0,0,618,3,0
99.0,10,2,2,26,0,0,0,0,0,0,0,589,6,0
99.0,11,2,3,0,0,0,0,0,0,0,0,615,6,0
99.0,12,3,0,0,0,0,0,0,0,0,0,614,7,0
99.0,13,3,1,39,0,0,0,0,0,0,0,577,5,0
99.0,14,3,2,0,0,0,0,0,0,0,0,616,5,0
99.0,15,3,3,0,0,0,0,0,0,0,0,615,6,0
100.0,0,0,0,0,0,0,0,0,0,0,0,617,4,0
100.0,1,0,1,0,0,0,0,0,0,0,0,616,5,0
100.0,2,0,2,0,0,0,0,0,0,0,0,615,6,0
100.0,3,0,3,121,0,0,0,0,0,0,0,497,3,0
100.0,4,1,0,31,0,0,0,0,0,0,0,587,3,0
100.0,5,1,1,0,0,0,0,0,0,0,0,611,10,0
100.0,6,1,2,33,0,0,0,0,0,0,0,584,4,0
100.0,7,1,3,0,0,0,0,0,0,0,0,618,3,0
100.0,8,2,0,0,0,0,0,0,0,0,0,612,9,0
100.0,9,2,1,0,0,0,0,0,0,0,0,618,3,0
100.0,10,2,2,26,0,0,0,0,0,0,0,589,6,0
100.0,11,2,3,0,0,0,0,0,0,0,0,615,6,0
100.0,12,3,0,0,0,0,0,0,0,0,0,614,7,0
100.0,13,3,1,39,0,0,0,0,0,0,0,577,5,0
100.0,14,3,2,0,0,0,0,0,0,0,0,616,5,0
100.0,15,3,3,0,0,0,0,0,0,0,0,615,6,0
101.0,0,0,0,0,0,0,0,0,0,0,0,617,4,0
101.0,1,0,1,0,0,0,0,0,0,0,0,616,5,0
101.0,2,0,2,0,0,0,0,0,0,0,0,615,6,0
101.0,3,0,3,121,0,0,0,0,0,0,0,497,3,0
101.0,4,1,0,31,0,0,0,0,0,0,0,587,3,0
101.0,5,1,1,0,0,0,0,0,0,0,0,611,10,0
101.0,6,1,2,33,0,0,0,0,0,0,0,584,4,0
101.0,7,1,3,0,0,0,0,0,0,0,0,618,3,0
101.0,8,2,0,0,0,0,0,0,0,0,0,612,9,0
101.0,9,2,1,0,0,0,0,0,0,0,0,618,3,0
101.0,10,2,2,26,0,0,0,0,0,0,0,589,6,0
101.0,11,2,3,0,0,0,0,0,0,0,0,615,6,0
101.0,12,3,0,0,0,0,0,0,0,0,0,614,7,0
101.0,13,3,1,39,0,0,0,0,0,0,0,577,5,0
101.0,14,3,2,0,0,0,0,0,0,0,0,616,5,0
101.0,15,3,3,0,0,0,0,0,0,0,0,615,6,0
102.0,0,0,0,0,0,0,0,0,0,0,0,617,4,0
102.0,1,0,1,0,0,0,0,0,0,0,0,616,5,0
102.0,2,0,2,0,0,0,0,0,0,0,0,615,6,0
102.0,3,0,3,121,0,0,0,0,0,0,0,497,3,0
102.0,4,1,0,31,0,0,0,0,0,0,0,587,3,0
102.0,5,1,1,0,0,0,0,0,0,0,0,611,10,0
102.0,6,1,2,33,0,0,0,0,0,0,0,584,4,0
102.0,7,1,3,0,0,0,0,0,0,0,0,618,3,0
102.0,8,2,0,0,0,0,0,0,0,0,0,612,9,0
102.0,9,2,1,0,0,0,0,0,0,0,0,618,3,0
102.0,10,2,2,26,0,0,0,0,0,0,0,589,6,0
102.0,11,2,3,0,0,0,0,0,0,0,0,615,6,0
102.0,12,3,0,0,0,0,0,0,0,0,0,614,7,0
102.0,13,3,1,39,0,0,0,0,0,0,0,577,5,0
102.0,14,3,2,0,0,0,0,0,0,0,0,616,5,0
102.0,15,3,3,0,0,0,0,0,0,0,0,615,6,0
103.0,0,0,0,0,0,0,0,0,0,0,0,617,4,0
103.0,1,0,1,0,0,0,0,0,0,0,0,616,5,0
103.0,2,0,2,0,0,0,0,0,0,0,0,615,6,0
103.0,3,0,3,121,0,0,0,0,0,0,0,497,3,0
103.0,4,1,0,31,0,0,0,0,0,0,0,587,3,0
103.0,5,1,1,0,0,0,0,0,0,0,0,611,10,0
103.0,6,1,2,33,0,0,0,0,0,0,0,584,4,0
103.0,7,1,3,0,0,0,0,0,0,0,0,618,3,0
103.0,8,2,0,0,0,0,0,0,0,0,0,612,9,0
103.0,9,2,1,0,0,0,0,0,0,0,0,618,3,0
103.0,10,2,2,26,0,0,0,0,0,0,0,589,6,0
103.0,11,2,3,0,0,0,0,0,0,0,0,615,6,0
103.0,12,3,0,0,0,0,0,0,0,0,0,614,7,0
103.0,13,3,1,39,0,0,0,0,0,0,0,577,5,0
103.0,14,3,2,0,0,0,0,0,0,0,0,616,5,0
103.0,15,3,3,0,0,0,0,0,0,0,0,615,6,0
104.0,0,0,0,0,0,0,0,0,0,0,0,617,4,0
104.0,1,0,1,0,0,0,0,0,0,0,0,616,5,0
104.0,2,0,2,0,0,0,0,0,0,0,0,615,6,0
104.0,3,0,3,121,0,0,0,0,0,0,0,497,3,0
104.0,4,1,0,31,0,0,0,0,0,0,0,587,3,0
104.0,5,1,1,0,0,0,0,0,0,0,0,611,10,0
104.0,6,1,2,33,0,0,0,0,0,0,0,584,4,0
104.0,7,1,3,0,0,0,0,0,0,0,0,618,3,0
104.0,8,2,0,0,0,0,0,0,0,0,0,612,9,0
104.0,9,2,1,0,0,0,0,0,0,0,0,618,3,0
104.0,10,2,2,26,0,0,0,0,0,0,0,589,6,0
104.0,11,2,3,0,0,0,0,0,0,0,0,615,6,0
104.0,12,3,0,0,0,0,0,0,0,0,0,614,7,0
104.0,13,3,1,39,0,0,0,0,0,0,0,577,5,0
104.0,14,3,2,0,0,0,0,0,0,0,0,616,5,0
104.0,15,3,3,0,0,0,0,0,0,0,0,615,6,0
105.0,0,0,0,0,0,0,0,0,0,0,0,617,4,0
105.0,1,0,1,0,0,0,0,0,0,0,0,616,5,0
105.0,2,0,2,0,0,0,0,0,0,0,0,615,6,0
105.0,3,0,3,121,0,0,0,0,0,0,0,497,3,0
105.0,4,1,0,31,0,0,0,0,0,0,0,587,3,0
105.0,5,1,1,0,0,0,0,0,0,0,0,611,10,0
105.0,6,1,2,33,0,0,0,0,0,0,0,584,4,0
105.0,7,1,3,0,0,0,0,0,0,0,0,618,3,0
105.0,8,2,0,0,0,0,0,0,0,0,0,612,9,0
105.0,9,2,1,0,0,0,0,0,0,0,0,618,3,0
105.0,10,2,2,26,0,0,0,0,0,0,0,589,6,0
105.0,11,2,3,0,0,0,0,0,0,0,0,615,6,0
105.0,12,3,0,0,0,0,0,0,0,0,0,614,7,0
105.0,13,3,1,39,0,0,0,0,0,0,0,577,5,0
105.0,14,3,2,0,0,0,0,0,0,0,0,616,5,0
105.0,15,3,3,0,0,0,0,0,0,0,0,615,6,0
106.0,0,0,0,0,0,0,0,0,0,0,0,617,4,0
106.0,1,0,1,0,0,0,0,0,0,0,0,616,5,0
106.0,2,0,2,0,0,0,0,0,0,0,0,615,6,0
106.0,3,0,3,121,0,0,0,0,0,0,0,497,3,0
106.0,4,1,0,31,0,0,0,0,0,0,0,587,3,0
106.0,5,1,1,0,0,0,0,0,0,0,0,611,10,0
106.0,6,1,2,33,0,0,0,0,0,0,0,584,4,0
106.0,7,1,3,0,0,0,0,0,0,0,0,618,3,0
106.0,8,2,0,0,0,0,0,0,0,0,0,612,9,0
106.0,9,2,1,0,0,0,0,0,0,0,0,618,3,0
106.0,10,2,2,26,0,0,0,0,0,0,0,589,6,0
106.0,11,2,3,0,0,0,0,0,0,0,0,615,6,0
106.0,12,3,0,0,0,0,0,0,0,0,0,614,7,0
106.0,13,3,1,39,0,0,0,0,0,0,0,577,5,0
106.0,14,3,2,0,0,0,0,0,0,0,0,616,5,0
106.0,15,3,3,0,0,0,0,0,0,0,0,615,6,0
107.0,0,0,0,0,0,0,0,0,0,0,0,617,4,0
107.0,1,0,1,0,0,0,0,0,0,0,0,616,5,0
107.0,2,0,2,0,0,0,0,0,0,0,0,615,6,0
107.0,3,0,3,121,0,0,0,0,0,0,0,497,3,0
107.0,4,1,0,31,0,0,0,0,0,0,0,587,3,0
107.0,5,1,1,0,0,0,0,0,0,0,0,611,10,0
107.0,6,1,2,33,0,0,0,0,0,0,0,584,4,0
107.0,7,1,3,0,0,0,0,0,0,0,0,618,3,0
107.0,8,2,0,0,0,0,0,0,0,0,0,612,9,0
107.0,9,2,1,0,0,0,0,0,0,0,0,618,3,0
107.0,10,2,2,26,0,0,0,0,0,0,0,589,6,0
107.0,11,2,3,0,0,0,0,0,0,0,0,615,6,0
107.0,12,3,0,0,0,0,0,0,0,0,0,614,7,0
107.0,13,3,1,39,0,0,0,0,0,0,0,577,5,0
107.0,14,3,2,0,0,0,0,0,0,0,0,616,5,0
107.0,15,3,3,0,0,0,0,0,0,0,0,615,6,0
108.0,0,0,0,0,0,0,0,0,0,0,0,617,4,0
108.0,1,0,1,0,0,0,0,0,0,0,0,616,5,0
108.0,2,0,2,0,0,0,0,0,0,0,0,615,6,0
108.0,3,0,3,121,0,0,0,0,0,0,0,497,3,0
108.0,4,1,0,31,0,0,0,0,0,0,0,587,3,0
108.0,5,1,1,0,0,0,0,0,0,0,0,611,10,0
108.0,6,1,2,33,0,0,0,0,0,0,0,584,4,0
108.0,7,1,3,0,0,0,0,0,0,0,0,618,3,0
108.0,8,2,0,0,0,0,0,0,0,0,0,612,9,0
108.0,9,2,1,0,0,0,0,0,0,0,0,618,3,0
108.0,10,2,2,26,0,0,0,0,0,0,0,589,6,0
108.0,11,2,3,0,0,0,0,0,0,0,0,615,6,0
108.0,12,3,0,0,0,0,0,0,0,0,0,614,7,0
108.0,13,3,1,39,0,0,0,0,0,0,0,577,5,0
108.0,14,3,2,0,0,0,0,0,0,0,0,616,5,0
108.0,15,3,3,0,0,0,0,0,0,0,0,615,6,0
109.0,0,0,0,0,0,0,0,0,0,0,0,617,4,0
109.0,1,0,1,0,0,0,0,0,0,0,0,616,5,0
109.0,2,0,2,0,0,0,0,0,0,0,0,615,6,0
109.0,3,0,3,121,0,0,0,0,0,0,0,497,3,0
109.0,4,1,0,31,0,0,0,0,0,0,0,587,3,0
109.0,5,1,1,0,0,0,0,0,0,0,0,611,10,0
109.0,6,1,2,33,0,0,0,0,0,0,0,584,4,0
109.0,7,1,3,0,0,0,0,0,0,0,0,618,3,0
109.0,8,2,0,0,0,0,0,0,0,0,0,612,9,0
109.0,9,2,1,0,0,0,0,0,0,0,0,618,3,0
109.0,10,2,2,26,0,0,0,0,0,0,0,589,6,0
109.0,11,2,3,0,0,0,0,0,0,0,0,615,6,0
109.0,12,3,0,0,0,0,0,0,0,0,0,614,7,0
109.0,13,3,1,39,0,0,0,0,0,0,0,577,5,0
109.0,14,3,2,0,0,0,0,0,0,0,0,616,5,0
109.0,15,3,3,0,0,0,0,0,0,0,0,615,6,0
110.0,0,0,0,0,0,0,0,0,0,0,0,617,4,0
110.0,1,0,1,0,0,0,0,0,0,0,0,616,5,0
110.0,2,0,2,0,0,0,0,0,0,0,0,615,6,0
110.0,3,0,3,121,0,0,0,0,0,0,0,497,3,0
110.0,4,1,0,31,0,0,0,0,0,0,0,587,3,0
110.0,5,1,1,0,0,0,0,0,0,0,0,611,10,0
110.0,6,1,2,33,0,0,0,0,0,0,0,584,4,0
110.0,7,1,3,0,0,0,0,0,0,0,0,618,3,0
110.0,8,2,0,0,0,0,0,0,0,0,0,612,9,0
110.0,9,2,1,0,0,0,0,0,0,0,0,618,3,0
110.0,10,2,2,26,0,0,0,0,0,0,0,589,6,0
110.0,11,2,3,0,0,0,0,0,0,0,0,615,6,0
110.0,12,3,0,0,0,0,0,0,0,0,0,614,7,0
110.0,13,3,1,39,0,0,0,0,0,0,0,577,5,0
110.0,14,3,2,0,0,0,0,0,0,0,0,616,5,0
110.0,15,3,3,0,0,0,0,0,0,0,0,615,6,0
111.0,0,0,0,0,0,0,0,0,0,0,0,617,4,0
111.0,1,0,1,0,0,0,0,0,0,0,0,616,5,0
111.0,2,0,2,0,0,0,0,0,0,0,0,615,6,0
111.0,3,0,3,121,0,0,0,0,0,0,0,497,3,0
111.0,4,1,0,31,0,0,0,0,0,0,0,587,3,0
111.0,5,1,1,0,0,0,0,0,0,0,0,611,10,0
111.0,6,1,2,33,0,0,0,0,0,0,0,584,4,0
111.0,7,1,3,0,0,0,0,0,0,0,0,618,3,0
111.0,8,2,0,0,0,0,0,0,0,0,0,612,9,0
111.0,9,2,1,0,0,0,0,0,0,0,0,618,3,0
111.0,10,2,2,26,0,0,0,0,0,0,0,589,6,0
111.0,11,2,3,0,0,0,0,0,0,0,0,615,6,0
111.0,12,3,0,0,0,0,0,0,0,0,0,614,7,0
111.0,13,3,1,39,0,0,0,0,0,0,0,577,5,0
111.0,14,3,2,0,0,0,0,0,0,0,0,616,5,0
111.0,15,3,3,0,0,0,0,0,0,0,0,615,6,0
112.0,0,0,0,0,0,0,0,0,0,0,0,617,4,0
112.0,1,0,1,0,0,0,0,0,0,0,0,616,5,0
112.0,2,0,2,0,0,0,0,0,0,0,0,615,6,0
112.0,3,0,3,121,0,0,0,0,0,0,0,497,3,0
112.0,4,1,0,31,0,0,0,0,0,0,0,587,3,0
112.0,5,1,1,0,0,0,0,0,0,0,0,611,10,0
112.0,6,1,2,33,0,0,0,0,0,0,0,584,4,0
112.0,7,1,3,0,0,0,0,0,0,0,0,618,3,0
112.0,8,2,0,0,0,0,0,0,0,0,0,612,9,0
112.0,9,2,1,0,0,0,0,0,0,0,0,618,3,0
112.0,10,2,2,26,0,0,0,0,0,0,0,589,6,0
112.0,11,2,3,0,0,0,0,0,0,0,0,615,6,0
112.0,12,3,0,0,0,0,0,0,0,0,0,614,7,0
112.0,13,3,1,39,0,0,0,0,0,0,0,577,5,0
112.0,14,3,2,0,0,0,0,0,0,0,0,616,5,0
112.0,15,3,3,0,0,0,0,0,0,0,0,615,6,0
113.0,0,0,0,0,0,0,0,0,0,0,0,617,4,0
113.0,1,0,1,0,0,0,0,0,0,0,0,616,5,0
113.0,2,0,2,0,0,0,0,0,0,0,0,615,6,0
113.0,3,0,3,121,0,0,0,0,0,0,0,497,3,0
113.0,4,1,0,31,0,0,0,0,0,0,0,587,3,0
113.0,5,1,1,0,0,0,0,0,0,0,0,611,10,0
113.0,6,1,2,33,0,0,0,0,0,0,0,584,4,0
113.0,7,1,3,0,0,0,0,0,0,0,0,618,3,0
113.0,8,2,0,0,0,0,0,0,0,0,0,612,9,0
113.0,9,2,1,0,0,0,0,0,0,0,0,618,3,0
113.0,10,2,2,26,0,0,0,0,0,0,0,589,6,0
113.0,11,2,3,0,0,0,0,0,0,0,0,615,6,0
113.0,12,3,0,0,0,0,0,0,0,0,0,614,7,0
113.0,13,3,1,39,0,0,0,0,0,0,0,577,5,0
113.0,14,3,2,0,0,0,0,0,0,0,0,616,5,0
113.0,15,3,3,0,0,0,0,0,0,0,0,615,6,0
114.0,0,0,0,0,0,0,0,0,0,0,0,617,4,0
114.0,1,0,1,0,0,0,0,0,0,0,0,616,5,0
114.0,2,0,2,0,0,0,0,0,0,0,0,615,6,0
114.0,3,0,3,121,0,0,0,0,0,0,0,497,3,0
114.0,4,1,0,31,0,0,0,0,0,0,0,587,3,0
114.0,5,1,1,0,0,0,0,0,0,0,0,611,10,0
114.0,6,1,2,33,0,0,0,0,0,0,0,584,4,0
114.0,7,1,3,0,0,0,0,0,0,0,0,618,3,0
114.0,8,2,0,0,0,0,0,0,0,0,0,612,9,0
114.0,9,2,1,0,0,0,0,0,0,0,0,618,3,0
114.0,10,2,2,26,0,0,0,0,0,0,0,589,6,0
114.0,11,2,3,0,0,0,0,0,0,0,0,615,6,0
114.0,12,3,0,0,0,0,0,0,0,0,0,614,7,0
114.0,13,3,1,39,0,0,0,0,0,0,0,577,5,0
114.0,14,3,2,0,0,0,0,0,0,0,0,616,5,0
114.0,15,3,3,0,0,0,0,0,0,0,0,615,6,0
115.0,0,0,0,0,0,0,0,0,0,0,0,617,4,0
115.0,1,0,1,0,0,0,0,0,0,0,0,616,5,0
115.0,2,0,2,0,0,0,0,0,0,0,0,615,6,0
115.0,3,0,3,121,0,0,0,0,0,0,0,497,3,0
115.0,4,1,0,31,0,0,0,0,0,0,0,587,3,0
115.0,5,1,1,0,0,0,0,0,0,0,0,611,10,0
115.0,6,1,2,33,0,0,0,0,0,0,0,584,4,0
115.0,7,1,3,0,0,0,0,0,0,0,0,618,3,0
115.0,8,2,0,0,0,0,0,0,0,0,0,612,9,0
115.0,9,2,1,0,0,0,0,0,0,0,0,618,3,0
115.0,10,2,2,26,0,0,0,0,0,0,0,589,6,0
115.0,11,2,3,0,0,0,0,0,0,0,0,615,6,0
115.0,12,3,0,0,0,0,0,0,0,0,0,614,7,0
115.0,13,3,1,39,0,0,0,0,0,0,0,577,5,0
115.0,14,3,2,0,0,0,0,0,0,0,0,616,5,0
115.0,15,3,3,0,0,0,0,0,0,0,0,615,6,0
116.0,0,0,0,0,0,0,0,0,0,0,0,617,4,0
116.0,1,0,1,0,0,0,0,0,0,0,0,616,5,0
116.0,2,0,2,0,0,0,0,0,0,0,0,615,6,0
116.0,3,0,3,121,0,0,0,0,0,0,0,497,3,0
116.0,4,1,0,31,0,0,0,0,0,0,0,587,3,0
116.0,5,1,1,0,0,0,0,0,0,0,0,611,10,0
116.0,6,1,2,33,0,0,0,0,0,0,0,584,4,0
116.0,7,1,3,0,0,0,0,0,0,0,0,618,3,0
116.0,8,2,0,0,0,0,0,0,0,0,0,612,9,0
116.0,9,2,1,0,0,0,0,0,0,0,0,618,3,0
116.0,10,2,2,26,0,0,0,0,0,0,0,589,6,0
116.0,11,2,3,0,0,0,0,0,0,0,0,615,6,0
116.0,12,3,0,0,0,0,0,0,0,0,0,614,7,0
116.0,13,3,1,39,0,0,0,0,0,0,0,577,5,0
116.0,14,3,2,0,0,0,0,0,0,0,0,616,5,0
116.0,15,3,3,0,0,0,0,0,0,0,0,615,6,0
117.0,0,0,0,0,0,0,0,0,0,0,0,617,4,0
117.0,1,0,1,0,0,0,0,0,0,0,0,616,5,0
117.0,2,0,2,0,0,0,0,0,0,0,0,615,6,0
117.0,3,0,3,121,0,0,0,0,0,0,0,497,3,0
117.0,4,1,0,31,0,0,0,0,0,0,0,587,3,0
117.0,5,1,1,0,0,0,0,0,0,0,0,611,10,0
117.0,6,1,2,33,0,0,0,0,0,0,0,584,4,0
117.0,7,1,3,0,0,0,0,0,0,0,0,618,3,0
117.0,8,2,0,0,0,0,0,0,0,0,0,612,9,0
117.0,9,2,1,0,0,0,0,0,0,0,0,618,3,0
117.0,10,2,2,26,0,0,0,0,0,0,0,589,6,0
117.0,11,2,3,0,0,0,0,0,0,0,0,615,6,0
117.0,12,3,0,0,0,0,0,0,0,0,0,614,7,0
117.0,13,3,1,39,0,0,0,0,0,0,0,577,5,0
117.0,14,3,2,0,0,0,0,0,0,0,0,616,5,0
117.0,15,3,3,0,0,0,0,0,0,0,0,615,6,0
118.0,0,0,0,0,0,0,0,0,0,0,0,617,4,0
118.0,1,0,1,0,0,0,0,0,0,0,0,616,5,0
118.0,2,0,2,0,0,0,0,0,0,0,0,615,6,0
118.0,3,0,3,121,0,0,0,0,0,0,0,497,3,0
118.0,4,1,0,31,0,0,0,0,0,0,0,587,3,0
118.0,5,1,1,0,0,0,0,0,0,0,0,611,10,0
118.0,6,1,2,33,0,0,0,0,0,0,0,584,4,0
118.0,7,1,3,0,0,0,0,0,0,0,0,618,3,0
118.0,8,2,0,0,0,0,0,0,0,0,0,612,9,0
118.0,9,2,1,0,0,0,0,0,0,0,0,618,3,0
118.0,10,2,2,26,0,0,0,0,0,0,0,589,6,0
118.0,11,2,3,0,0,0,0,0,0,0,0,615,6,0
118.0,12,3,0,0,0,0,0,0,0,0,0,614,7,0
118.0,13,3,1,39,0,0,0,0,0,0,0,577,5,0
118.0,14,3,2,0,0,0,0,0,0,0,0,616,5,0
118.0,15,3,3,0,0,0,0,0,0,0,0,615,6,0
119.0,0,0,0,0,0,0,0,0,0,0,0,617,4,0
119.0,1,0,1,0,0,0,0,0,0,0,0,616,5,0
119.0,2,0,2,0,0,0,0,0,0,0,0,615,6,0
119.0,3,0,3,121,0,0,0,0,0,0,0,497,3,0
119.0,4,1,0,31,0,0,0,0,0,0,0,587,3,0
119.0,5,1,1,0,0,0,0,0,0,0,0,611,10,0
119.0,6,1,2,33,0,0,0,0,0,0,0,584,4,0
119.0,7,1,3,0,0,0,0,0,0,0,0,618,3,0
119.0,8,2,0,0,0,0,0,0,0,0,0,612,9,0
119.0,9,2,1,0,0,0,0,0,0,0,0,618,3,0
119.0,10,2,2,26,0,0,0,0,0,0,0,589,6,0
119.0,11,2,3,0,0,0,0,0,0,0,0,615,6,0
119.0,12,3,0,0,0,0,0,0,0,0,0,614,7,0
119.0,13,3,1,39,0,0,0,0,0,0,0,577,5,0
119.0,14,3,2,0,0,0,0,0,0,0,0,616,5,0
119.0,15,3,3,0,0,0,0,0,0,0,0,615,6,0
120.0,0,0,0,0,0,0,0,0,0,0,0,617,4,0
120.0,1,0,1,0,0,0,0,0,0,0,0,616,5,0
120.0,2,0,2,0,0,0,0,0,0,0,0,615,6,0
120.0,3,0,3,121,0,0,0,0,0,0,0,497,3,0
120.0,4,1,0,31,0,0,0,0,0,0,0,587,3,0
120.0,5,1,1,0,0,0,0,0,0,0,0,611,10,0
120.0,6,1,2,33,0,0,0,0,0,0,0,584,4,0
120.0,7,1,3,0,0,0,0,0,0,0,0,618,3,0
120.0,8,2,0,0,0,0,0,0,0,0,0,612,9,0
120.0,9,2,1,0,0,0,0,0,0,0,0,618,3,0
120.0,10,2,2,26,0,0,0,0,0,0,0,589,6,0
120.0,11,2,3,0,0,0,0,0,0,0,0,615,6,0
120.0,12,3,0,0,0,0,0,0,0,0,0,614,7,0
120.0,13,3,1,39,0,0,0,0,0,0,0,577,5,0
120.0,14,3,2,0,0,0,0,0,0,0,0,616,5,0
120.0,15,3,3,0,0,0,0,0,0,0,0,615,6,0
