,time,age,InfectionStatus.InfectGP,InfectionStatus.InfectHosp,InfectionStatus.InfectICURecov,InfectionStatus.InfectICU,InfectionStatus.InfectMild
0,0,1,0.0,0.0,0.0,0.0,1.0
1,0,5,1.0,0.0,0.0,0.0,0.0
2,0,8,0.0,0.0,0.0,0.0,1.0
3,0,9,1.0,0.0,0.0,0.0,0.0
4,0,10,0.0,0.0,0.0,0.0,2.0
5,1,0,0.0,0.0,0.0,0.0,1.0
6,1,1,1.0,0.0,0.0,0.0,2.0
7,1,5,1.0,0.0,0.0,0.0,0.0
8,1,6,1.0,0.0,0.0,0.0,0.0
9,1,8,0.0,0.0,0.0,0.0,2.0
10,1,9,2.0,0.0,0.0,0.0,1.0
11,1,10,0.0,0.0,0.0,0.0,2.0
12,1,11,0.0,0.0,0.0,0.0,1.0
13,1,13,0.0,0.0,0.0,0.0,1.0
14,1,15,0.0,0.0,0.0,0.0,1.0
15,1,16,1.0,0.0,0.0,0.0,0.0
16,2,0,0.0,0.0,0.0,0.0,2.0
17,2,1,1.0,0.0,0.0,0.0,3.0
18,2,2,1.0,0.0,0.0,0.0,0.0
19,2,3,0.0,0.0,0.0,0.0,1.0
20,2,5,2.0,0.0,0.0,0.0,1.0
21,2,6,1.0,0.0,0.0,0.0,0.0
22,2,8,0.0,0.0,0.0,0.0,4.0
23,2,9,3.0,0.0,0.0,0.0,4.0
24,2,10,0.0,0.0,0.0,0.0,2.0
25,2,11,0.0,0.0,0.0,0.0,3.0
26,2,13,0.0,0.0,0.0,0.0,1.0
27,2,15,0.0,0.0,0.0,0.0,1.0
28,2,16,3.0,0.0,0.0,0.0,1.0
29,3,0,2.0,0.0,0.0,0.0,2.0
30,3,1,1.0,0.0,0.0,0.0,4.0
31,3,2,1.0,0.0,0.0,0.0,0.0
32,3,3,0.0,0.0,0.0,0.0,1.0
33,3,4,1.0,0.0,0.0,0.0,0.0
34,3,5,1.0,0.0,0.0,0.0,1.0
35,3,6,2.0,0.0,0.0,0.0,0.0
36,3,7,1.0,0.0,0.0,0.0,0.0
37,3,8,1.0,0.0,0.0,0.0,5.0
38,3,9,4.0,0.0,0.0,0.0,5.0
39,3,10,1.0,0.0,0.0,0.0,3.0
40,3,11,0.0,0.0,0.0,0.0,2.0
41,3,12,1.0,0.0,0.0,0.0,1.0
42,3,13,1.0,0.0,0.0,0.0,2.0
43,3,14,1.0,0.0,0.0,0.0,0.0
44,3,15,0.0,0.0,0.0,0.0,1.0
45,3,16,3.0,0.0,0.0,0.0,2.0
46,4,0,2.0,0.0,0.0,0.0,4.0
47,4,1,1.0,0.0,0.0,0.0,6.0
48,4,2,2.0,0.0,0.0,0.0,1.0
49,4,3,0.0,0.0,0.0,0.0,3.0
50,4,4,1.0,0.0,0.0,0.0,1.0
51,4,5,1.0,0.0,0.0,0.0,2.0
52,4,6,2.0,0.0,0.0,0.0,0.0
53,4,7,1.0,0.0,0.0,0.0,0.0
54,4,8,2.0,0.0,0.0,0.0,5.0
55,4,9,5.0,0.0,0.0,0.0,6.0
56,4,10,1.0,0.0,0.0,0.0,3.0
57,4,11,1.0,0.0,0.0,0.0,3.0
58,4,12,3.0,0.0,0.0,0.0,1.0
59,4,13,1.0,0.0,0.0,0.0,2.0
60,4,14,2.0,0.0,0.0,0.0,0.0
61,4,15,0.0,0.0,0.0,0.0,2.0
62,4,16,3.0,0.0,0.0,0.0,2.0
63,5,0,2.0,0.0,0.0,0.0,8.0
64,5,1,1.0,0.0,0.0,0.0,6.0
65,5,2,2.0,0.0,0.0,0.0,1.0
66,5,3,1.0,0.0,0.0,0.0,3.0
67,5,4,1.0,0.0,0.0,0.0,3.0
68,5,5,1.0,0.0,0.0,0.0,3.0
69,5,6,2.0,0.0,0.0,0.0,0.0
70,5,7,1.0,0.0,0.0,0.0,0.0
71,5,8,2.0,0.0,0.0,0.0,7.0
72,5,9,6.0,0.0,0.0,0.0,8.0
73,5,10,2.0,0.0,0.0,0.0,6.0
74,5,11,1.0,0.0,0.0,0.0,4.0
75,5,12,4.0,0.0,0.0,0.0,2.0
76,5,13,2.0,0.0,0.0,0.0,2.0
77,5,14,2.0,0.0,0.0,0.0,0.0
78,5,15,1.0,0.0,0.0,0.0,2.0
79,5,16,3.0,0.0,0.0,0.0,2.0
80,6,0,2.0,0.0,0.0,0.0,9.0
81,6,1,2.0,0.0,0.0,0.0,7.0
82,6,2,3.0,0.0,0.0,0.0,3.0
83,6,3,3.0,0.0,0.0,0.0,3.0
84,6,4,1.0,0.0,0.0,0.0,7.0
85,6,5,1.0,0.0,0.0,0.0,3.0
86,6,6,2.0,0.0,0.0,0.0,1.0
87,6,7,1.0,0.0,0.0,0.0,1.0
88,6,8,2.0,0.0,0.0,0.0,8.0
89,6,9,7.0,0.0,0.0,0.0,10.0
90,6,10,3.0,0.0,0.0,0.0,7.0
91,6,11,1.0,0.0,0.0,0.0,3.0
92,6,12,5.0,0.0,0.0,0.0,3.0
93,6,13,2.0,0.0,0.0,0.0,2.0
94,6,14,2.0,0.0,0.0,0.0,0.0
95,6,15,1.0,0.0,0.0,0.0,2.0
96,6,16,2.0,1.0,0.0,0.0,4.0
97,7,0,2.0,0.0,0.0,0.0,11.0
98,7,1,4.0,0.0,0.0,0.0,9.0
99,7,2,4.0,0.0,0.0,0.0,7.0
100,7,3,7.0,0.0,0.0,0.0,3.0
101,7,4,1.0,0.0,0.0,0.0,7.0
102,7,5,2.0,0.0,0.0,0.0,4.0
103,7,6,2.0,0.0,0.0,0.0,1.0
104,7,7,1.0,0.0,0.0,0.0,2.0
105,7,8,2.0,0.0,0.0,0.0,8.0
106,7,9,5.0,0.0,0.0,0.0,11.0
107,7,10,3.0,0.0,0.0,0.0,8.0
108,7,11,1.0,0.0,0.0,0.0,5.0
109,7,12,4.0,0.0,0.0,0.0,5.0
110,7,13,2.0,0.0,0.0,0.0,2.0
111,7,14,2.0,0.0,0.0,0.0,1.0
112,7,15,2.0,0.0,0.0,0.0,3.0
113,7,16,2.0,1.0,0.0,0.0,7.0
114,8,0,2.0,0.0,0.0,0.0,11.0
115,8,1,4.0,0.0,0.0,0.0,12.0
116,8,2,5.0,0.0,0.0,0.0,10.0
117,8,3,8.0,0.0,0.0,0.0,10.0
118,8,4,2.0,0.0,0.0,0.0,13.0
119,8,5,2.0,0.0,0.0,0.0,4.0
120,8,6,2.0,0.0,0.0,0.0,1.0
121,8,7,3.0,0.0,0.0,0.0,5.0
122,8,8,2.0,0.0,0.0,0.0,9.0
123,8,9,7.0,0.0,0.0,0.0,14.0
124,8,10,5.0,0.0,0.0,0.0,13.0
125,8,11,1.0,0.0,0.0,0.0,7.0
126,8,12,4.0,0.0,0.0,0.0,5.0
127,8,13,2.0,0.0,0.0,0.0,2.0
128,8,14,2.0,0.0,0.0,0.0,1.0
129,8,15,2.0,0.0,0.0,0.0,3.0
130,8,16,2.0,2.0,0.0,0.0,6.0
131,9,0,5.0,0.0,0.0,0.0,9.0
132,9,1,5.0,0.0,0.0,0.0,15.0
133,9,2,8.0,0.0,0.0,0.0,11.0
134,9,3,9.0,0.0,0.0,0.0,16.0
135,9,4,4.0,0.0,0.0,0.0,15.0
136,9,5,1.0,0.0,0.0,0.0,4.0
137,9,6,1.0,0.0,0.0,0.0,2.0
138,9,7,3.0,0.0,0.0,0.0,6.0
139,9,8,4.0,0.0,0.0,0.0,9.0
140,9,9,8.0,1.0,0.0,0.0,14.0
141,9,10,7.0,0.0,0.0,0.0,13.0
142,9,11,2.0,0.0,0.0,0.0,8.0
143,9,12,4.0,0.0,0.0,0.0,5.0
144,9,13,3.0,0.0,0.0,0.0,3.0
145,9,14,1.0,0.0,0.0,0.0,1.0
146,9,15,2.0,0.0,0.0,0.0,7.0
147,9,16,3.0,2.0,0.0,0.0,7.0
148,10,0,7.0,0.0,0.0,0.0,12.0
149,10,1,5.0,0.0,0.0,0.0,17.0
150,10,2,9.0,0.0,0.0,0.0,12.0
151,10,3,5.0,0.0,0.0,0.0,19.0
152,10,4,6.0,0.0,0.0,0.0,20.0
153,10,5,2.0,0.0,0.0,0.0,6.0
154,10,6,1.0,0.0,0.0,0.0,3.0
155,10,7,4.0,0.0,0.0,0.0,6.0
156,10,8,5.0,0.0,0.0,0.0,9.0
157,10,9,10.0,1.0,0.0,0.0,18.0
158,10,10,9.0,0.0,0.0,0.0,13.0
159,10,11,3.0,0.0,0.0,0.0,12.0
160,10,12,6.0,0.0,0.0,0.0,9.0
161,10,13,3.0,0.0,0.0,0.0,4.0
162,10,14,2.0,0.0,0.0,0.0,0.0
163,10,15,2.0,0.0,0.0,0.0,9.0
164,10,16,4.0,2.0,0.0,0.0,7.0
165,11,0,7.0,0.0,0.0,0.0,13.0
166,11,1,9.0,0.0,0.0,0.0,24.0
167,11,2,9.0,0.0,0.0,0.0,15.0
168,11,3,6.0,0.0,0.0,0.0,22.0
169,11,4,6.0,0.0,0.0,0.0,25.0
170,11,5,3.0,0.0,0.0,0.0,7.0
171,11,6,3.0,0.0,0.0,0.0,3.0
172,11,7,5.0,0.0,0.0,0.0,7.0
173,11,8,7.0,0.0,0.0,0.0,12.0
174,11,9,9.0,1.0,0.0,0.0,20.0
175,11,10,11.0,0.0,0.0,0.0,13.0
176,11,11,3.0,0.0,0.0,0.0,14.0
177,11,12,7.0,1.0,0.0,0.0,11.0
178,11,13,1.0,0.0,0.0,0.0,5.0
179,11,14,2.0,0.0,0.0,0.0,2.0
180,11,15,3.0,0.0,0.0,0.0,8.0
181,11,16,4.0,2.0,0.0,0.0,9.0
182,12,0,12.0,0.0,0.0,0.0,11.0
183,12,1,12.0,0.0,0.0,0.0,22.0
184,12,2,15.0,0.0,0.0,0.0,22.0
185,12,3,9.0,0.0,0.0,0.0,27.0
186,12,4,10.0,0.0,0.0,0.0,26.0
187,12,5,4.0,0.0,0.0,0.0,9.0
188,12,6,6.0,0.0,0.0,0.0,4.0
189,12,7,7.0,0.0,0.0,0.0,9.0
190,12,8,9.0,0.0,0.0,0.0,14.0
191,12,9,13.0,0.0,0.0,0.0,27.0
192,12,10,14.0,0.0,0.0,0.0,22.0
193,12,11,5.0,0.0,0.0,0.0,18.0
194,12,12,9.0,1.0,0.0,0.0,14.0
195,12,13,1.0,0.0,0.0,0.0,4.0
196,12,14,2.0,0.0,0.0,0.0,3.0
197,12,15,5.0,0.0,0.0,0.0,10.0
198,12,16,2.0,4.0,0.0,0.0,9.0
199,13,0,14.0,0.0,0.0,0.0,15.0
200,13,1,17.0,0.0,0.0,0.0,27.0
201,13,2,21.0,0.0,0.0,0.0,25.0
202,13,3,14.0,0.0,0.0,0.0,30.0
203,13,4,13.0,0.0,0.0,0.0,29.0
204,13,5,6.0,0.0,0.0,0.0,12.0
205,13,6,8.0,0.0,0.0,0.0,7.0
206,13,7,6.0,0.0,0.0,0.0,13.0
207,13,8,10.0,0.0,0.0,0.0,21.0
208,13,9,15.0,0.0,0.0,0.0,32.0
209,13,10,18.0,0.0,0.0,0.0,24.0
210,13,11,4.0,0.0,0.0,0.0,21.0
211,13,12,12.0,0.0,0.0,0.0,17.0
212,13,13,1.0,0.0,0.0,0.0,5.0
213,13,14,2.0,0.0,0.0,0.0,5.0
214,13,15,4.0,0.0,0.0,0.0,11.0
215,13,16,3.0,3.0,0.0,0.0,10.0
216,14,0,16.0,0.0,0.0,0.0,19.0
217,14,1,25.0,0.0,0.0,0.0,37.0
218,14,2,22.0,0.0,0.0,0.0,39.0
219,14,3,15.0,0.0,0.0,0.0,41.0
220,14,4,18.0,0.0,0.0,0.0,33.0
221,14,5,8.0,1.0,0.0,0.0,15.0
222,14,6,10.0,1.0,0.0,0.0,11.0
223,14,7,7.0,0.0,0.0,0.0,16.0
224,14,8,15.0,0.0,0.0,0.0,21.0
225,14,9,15.0,1.0,0.0,0.0,37.0
226,14,10,21.0,0.0,0.0,0.0,30.0
227,14,11,5.0,0.0,0.0,0.0,27.0
228,14,12,17.0,0.0,0.0,0.0,21.0
229,14,13,2.0,0.0,0.0,0.0,7.0
230,14,14,3.0,0.0,0.0,0.0,7.0
231,14,15,4.0,0.0,0.0,0.0,14.0
232,14,16,5.0,3.0,0.0,0.0,12.0
233,15,0,17.0,0.0,0.0,0.0,19.0
234,15,1,29.0,0.0,0.0,0.0,45.0
235,15,2,23.0,0.0,0.0,0.0,49.0
236,15,3,16.0,0.0,0.0,0.0,48.0
237,15,4,23.0,0.0,0.0,0.0,41.0
238,15,5,13.0,1.0,0.0,0.0,18.0
239,15,6,15.0,1.0,0.0,0.0,18.0
240,15,7,11.0,0.0,0.0,0.0,24.0
241,15,8,20.0,0.0,0.0,0.0,36.0
242,15,9,19.0,1.0,0.0,0.0,49.0
243,15,10,22.0,1.0,0.0,0.0,38.0
244,15,11,7.0,0.0,0.0,0.0,30.0
245,15,12,18.0,0.0,0.0,0.0,30.0
246,15,13,2.0,0.0,0.0,0.0,9.0
247,15,14,6.0,1.0,0.0,0.0,10.0
248,15,15,4.0,0.0,0.0,0.0,15.0
249,15,16,5.0,3.0,0.0,0.0,12.0
250,16,0,18.0,0.0,0.0,0.0,26.0
251,16,1,34.0,0.0,0.0,0.0,49.0
252,16,2,26.0,0.0,0.0,0.0,53.0
253,16,3,20.0,0.0,0.0,0.0,58.0
254,16,4,26.0,0.0,0.0,0.0,41.0
255,16,5,15.0,1.0,0.0,0.0,19.0
256,16,6,14.0,1.0,0.0,0.0,25.0
257,16,7,14.0,0.0,0.0,0.0,27.0
258,16,8,24.0,0.0,0.0,0.0,43.0
259,16,9,25.0,1.0,0.0,0.0,61.0
260,16,10,21.0,0.0,1.0,0.0,44.0
261,16,11,7.0,0.0,0.0,1.0,32.0
262,16,12,25.0,0.0,0.0,0.0,30.0
263,16,13,4.0,0.0,0.0,0.0,11.0
264,16,14,12.0,1.0,0.0,0.0,18.0
265,16,15,4.0,0.0,0.0,0.0,13.0
266,16,16,6.0,3.0,0.0,0.0,15.0
267,17,0,22.0,0.0,0.0,0.0,29.0
268,17,1,38.0,0.0,0.0,0.0,57.0
269,17,2,30.0,0.0,0.0,0.0,57.0
270,17,3,25.0,0.0,0.0,0.0,61.0
271,17,4,31.0,0.0,0.0,0.0,49.0
272,17,5,14.0,0.0,0.0,0.0,28.0
273,17,6,16.0,1.0,0.0,0.0,31.0
274,17,7,20.0,0.0,0.0,0.0,32.0
275,17,8,31.0,0.0,0.0,0.0,58.0
276,17,9,29.0,1.0,0.0,1.0,70.0
277,17,10,33.0,1.0,1.0,0.0,47.0
278,17,11,10.0,0.0,0.0,1.0,31.0
279,17,12,28.0,2.0,0.0,0.0,38.0
280,17,13,5.0,0.0,0.0,0.0,16.0
281,17,14,12.0,0.0,0.0,0.0,20.0
282,17,15,5.0,0.0,0.0,0.0,8.0
283,17,16,8.0,3.0,0.0,0.0,15.0
284,18,0,24.0,0.0,0.0,0.0,41.0
285,18,1,49.0,0.0,0.0,0.0,57.0
286,18,2,33.0,0.0,0.0,0.0,80.0
287,18,3,33.0,0.0,0.0,0.0,70.0
288,18,4,39.0,0.0,0.0,0.0,66.0
289,18,5,11.0,0.0,0.0,0.0,34.0
290,18,6,21.0,1.0,0.0,0.0,39.0
291,18,7,25.0,0.0,0.0,0.0,36.0
292,18,8,34.0,1.0,0.0,0.0,72.0
293,18,9,36.0,1.0,0.0,1.0,79.0
294,18,10,39.0,1.0,0.0,0.0,60.0
295,18,11,15.0,0.0,0.0,1.0,38.0
296,18,12,33.0,3.0,0.0,0.0,46.0
297,18,13,9.0,0.0,0.0,0.0,19.0
298,18,14,14.0,0.0,0.0,0.0,23.0
299,18,15,4.0,0.0,0.0,0.0,9.0
300,18,16,9.0,3.0,0.0,0.0,24.0
301,19,0,27.0,0.0,0.0,0.0,48.0
302,19,1,51.0,0.0,0.0,0.0,70.0
303,19,2,35.0,0.0,0.0,0.0,92.0
304,19,3,45.0,0.0,0.0,0.0,80.0
305,19,4,41.0,0.0,0.0,0.0,82.0
306,19,5,15.0,0.0,0.0,0.0,42.0
307,19,6,23.0,1.0,0.0,0.0,45.0
308,19,7,31.0,1.0,0.0,0.0,39.0
309,19,8,39.0,2.0,0.0,0.0,86.0
310,19,9,53.0,1.0,0.0,1.0,100.0
311,19,10,51.0,2.0,0.0,0.0,67.0
312,19,11,23.0,0.0,1.0,0.0,47.0
313,19,12,31.0,4.0,0.0,0.0,61.0
314,19,13,12.0,0.0,0.0,0.0,21.0
315,19,14,16.0,1.0,0.0,0.0,24.0
316,19,15,7.0,0.0,0.0,0.0,13.0
317,19,16,14.0,4.0,0.0,0.0,29.0
318,20,0,30.0,0.0,0.0,0.0,56.0
319,20,1,60.0,0.0,0.0,0.0,85.0
320,20,2,50.0,0.0,0.0,0.0,111.0
321,20,3,51.0,0.0,0.0,0.0,84.0
322,20,4,51.0,1.0,0.0,0.0,98.0
323,20,5,22.0,0.0,0.0,0.0,47.0
324,20,6,22.0,1.0,0.0,0.0,56.0
325,20,7,38.0,1.0,0.0,0.0,44.0
326,20,8,50.0,2.0,0.0,0.0,111.0
327,20,9,68.0,1.0,0.0,1.0,119.0
328,20,10,60.0,3.0,0.0,0.0,85.0
329,20,11,27.0,1.0,1.0,0.0,68.0
330,20,12,40.0,4.0,0.0,0.0,72.0
331,20,13,12.0,1.0,0.0,0.0,20.0
332,20,14,18.0,0.0,0.0,0.0,30.0
333,20,15,10.0,0.0,0.0,0.0,17.0
334,20,16,22.0,4.0,0.0,0.0,29.0
335,21,0,32.0,0.0,0.0,0.0,72.0
336,21,1,68.0,0.0,0.0,0.0,99.0
337,21,2,56.0,0.0,0.0,0.0,127.0
338,21,3,58.0,0.0,0.0,0.0,111.0
339,21,4,58.0,1.0,0.0,0.0,114.0
340,21,5,30.0,0.0,0.0,0.0,60.0
341,21,6,29.0,1.0,0.0,0.0,76.0
342,21,7,44.0,1.0,0.0,0.0,61.0
343,21,8,62.0,3.0,0.0,0.0,125.0
344,21,9,78.0,1.0,0.0,1.0,148.0
345,21,10,79.0,3.0,0.0,0.0,104.0
346,21,11,41.0,2.0,1.0,0.0,83.0
347,21,12,49.0,5.0,0.0,1.0,77.0
348,21,13,17.0,1.0,0.0,0.0,20.0
349,21,14,20.0,2.0,0.0,0.0,24.0
350,21,15,14.0,0.0,0.0,0.0,27.0
351,21,16,27.0,2.0,0.0,0.0,31.0
352,22,0,34.0,0.0,0.0,0.0,93.0
353,22,1,76.0,0.0,0.0,0.0,114.0
354,22,2,62.0,0.0,0.0,0.0,145.0
355,22,3,81.0,0.0,0.0,0.0,130.0
356,22,4,70.0,1.0,0.0,0.0,131.0
357,22,5,31.0,1.0,0.0,0.0,73.0
358,22,6,35.0,2.0,0.0,0.0,84.0
359,22,7,48.0,1.0,0.0,0.0,72.0
360,22,8,73.0,3.0,0.0,0.0,128.0
361,22,9,94.0,0.0,0.0,0.0,176.0
362,22,10,89.0,3.0,0.0,1.0,121.0
363,22,11,52.0,5.0,0.0,0.0,101.0
364,22,12,58.0,5.0,0.0,2.0,88.0
365,22,13,19.0,0.0,0.0,1.0,30.0
366,22,14,22.0,2.0,0.0,1.0,31.0
367,22,15,17.0,0.0,0.0,0.0,26.0
368,22,16,30.0,2.0,0.0,0.0,34.0
369,23,0,41.0,0.0,0.0,0.0,111.0
370,23,1,77.0,0.0,0.0,0.0,132.0
371,23,2,73.0,0.0,0.0,0.0,153.0
372,23,3,90.0,0.0,0.0,0.0,154.0
373,23,4,79.0,0.0,0.0,0.0,152.0
374,23,5,37.0,0.0,0.0,1.0,90.0
375,23,6,43.0,2.0,0.0,0.0,104.0
376,23,7,57.0,1.0,0.0,0.0,94.0
377,23,8,86.0,2.0,0.0,0.0,154.0
378,23,9,99.0,0.0,0.0,0.0,203.0
379,23,10,97.0,4.0,0.0,1.0,129.0
380,23,11,60.0,5.0,0.0,0.0,126.0
381,23,12,66.0,6.0,0.0,3.0,98.0
382,23,13,20.0,3.0,0.0,1.0,34.0
383,23,14,23.0,3.0,0.0,1.0,30.0
384,23,15,17.0,1.0,0.0,0.0,26.0
385,23,16,34.0,3.0,0.0,0.0,40.0
386,24,0,46.0,0.0,0.0,0.0,123.0
387,24,1,87.0,0.0,0.0,0.0,158.0
388,24,2,85.0,0.0,0.0,0.0,186.0
389,24,3,97.0,0.0,0.0,0.0,173.0
390,24,4,91.0,0.0,0.0,0.0,163.0
391,24,5,53.0,0.0,0.0,1.0,104.0
392,24,6,51.0,1.0,0.0,0.0,114.0
393,24,7,63.0,1.0,0.0,0.0,108.0
394,24,8,90.0,3.0,0.0,0.0,174.0
395,24,9,109.0,2.0,0.0,0.0,212.0
396,24,10,108.0,4.0,0.0,1.0,151.0
397,24,11,73.0,2.0,0.0,2.0,146.0
398,24,12,77.0,8.0,0.0,3.0,116.0
399,24,13,26.0,3.0,0.0,1.0,36.0
400,24,14,24.0,5.0,0.0,1.0,36.0
401,24,15,25.0,2.0,0.0,0.0,34.0
402,24,16,40.0,4.0,0.0,0.0,52.0
403,25,0,53.0,0.0,0.0,0.0,132.0
404,25,1,85.0,0.0,0.0,0.0,177.0
405,25,2,82.0,0.0,0.0,0.0,195.0
406,25,3,106.0,0.0,0.0,0.0,187.0
407,25,4,104.0,1.0,0.0,0.0,179.0
408,25,5,57.0,0.0,0.0,1.0,115.0
409,25,6,61.0,0.0,0.0,0.0,137.0
410,25,7,72.0,2.0,0.0,0.0,124.0
411,25,8,109.0,2.0,0.0,1.0,199.0
412,25,9,129.0,2.0,0.0,0.0,237.0
413,25,10,116.0,6.0,0.0,2.0,180.0
414,25,11,85.0,2.0,0.0,2.0,167.0
415,25,12,80.0,7.0,0.0,4.0,115.0
416,25,13,29.0,3.0,0.0,5.0,43.0
417,25,14,29.0,7.0,0.0,1.0,45.0
418,25,15,27.0,1.0,0.0,0.0,46.0
419,25,16,47.0,5.0,0.0,0.0,63.0
420,26,0,60.0,0.0,0.0,0.0,142.0
421,26,1,96.0,0.0,0.0,0.0,198.0
422,26,2,85.0,0.0,0.0,0.0,216.0
423,26,3,123.0,0.0,0.0,0.0,201.0
424,26,4,109.0,1.0,0.0,0.0,191.0
425,26,5,70.0,1.0,0.0,1.0,135.0
426,26,6,69.0,0.0,0.0,0.0,154.0
427,26,7,83.0,4.0,0.0,0.0,150.0
428,26,8,127.0,4.0,0.0,1.0,200.0
429,26,9,146.0,2.0,0.0,0.0,258.0
430,26,10,128.0,9.0,1.0,1.0,199.0
431,26,11,101.0,2.0,0.0,3.0,179.0
432,26,12,83.0,7.0,1.0,4.0,124.0
433,26,13,34.0,2.0,0.0,7.0,47.0
434,26,14,32.0,9.0,0.0,0.0,47.0
435,26,15,36.0,4.0,0.0,0.0,50.0
436,26,16,54.0,8.0,0.0,0.0,74.0
437,27,0,61.0,0.0,0.0,0.0,143.0
438,27,1,99.0,0.0,0.0,0.0,211.0
439,27,2,96.0,1.0,0.0,0.0,224.0
440,27,3,125.0,0.0,0.0,0.0,216.0
441,27,4,111.0,1.0,0.0,0.0,214.0
442,27,5,73.0,1.0,0.0,1.0,144.0
443,27,6,73.0,0.0,0.0,0.0,165.0
444,27,7,88.0,6.0,0.0,0.0,184.0
445,27,8,132.0,4.0,0.0,1.0,214.0
446,27,9,162.0,3.0,0.0,0.0,288.0
447,27,10,137.0,10.0,0.0,4.0,239.0
448,27,11,107.0,6.0,0.0,3.0,195.0
449,27,12,84.0,10.0,1.0,5.0,135.0
450,27,13,41.0,5.0,0.0,7.0,45.0
451,27,14,29.0,11.0,0.0,0.0,52.0
452,27,15,43.0,5.0,0.0,0.0,61.0
453,27,16,58.0,10.0,0.0,0.0,78.0
454,28,0,66.0,0.0,0.0,0.0,147.0
455,28,1,103.0,0.0,0.0,0.0,235.0
456,28,2,105.0,1.0,0.0,0.0,222.0
457,28,3,131.0,1.0,0.0,0.0,221.0
458,28,4,120.0,1.0,0.0,0.0,223.0
459,28,5,84.0,2.0,0.0,1.0,161.0
460,28,6,85.0,0.0,0.0,0.0,174.0
461,28,7,103.0,6.0,0.0,0.0,208.0
462,28,8,144.0,5.0,0.0,1.0,233.0
463,28,9,182.0,4.0,0.0,1.0,297.0
464,28,10,147.0,11.0,1.0,3.0,263.0
465,28,11,120.0,8.0,0.0,5.0,200.0
466,28,12,96.0,10.0,2.0,6.0,145.0
467,28,13,52.0,5.0,0.0,8.0,56.0
468,28,14,36.0,11.0,0.0,0.0,57.0
469,28,15,56.0,6.0,0.0,0.0,69.0
470,28,16,66.0,11.0,0.0,0.0,98.0
471,29,0,64.0,0.0,0.0,0.0,148.0
472,29,1,113.0,0.0,0.0,0.0,243.0
473,29,2,108.0,1.0,0.0,0.0,242.0
474,29,3,136.0,1.0,0.0,0.0,247.0
475,29,4,128.0,1.0,0.0,0.0,231.0
476,29,5,82.0,2.0,0.0,1.0,181.0
477,29,6,85.0,0.0,0.0,0.0,188.0
478,29,7,97.0,6.0,0.0,0.0,215.0
479,29,8,146.0,8.0,0.0,2.0,240.0
480,29,9,185.0,8.0,0.0,1.0,319.0
481,29,10,145.0,14.0,0.0,4.0,283.0
482,29,11,133.0,11.0,0.0,5.0,208.0
483,29,12,109.0,10.0,2.0,7.0,158.0
484,29,13,59.0,5.0,0.0,10.0,62.0
485,29,14,39.0,11.0,0.0,1.0,59.0
486,29,15,54.0,7.0,0.0,0.0,76.0
487,29,16,75.0,13.0,0.0,0.0,98.0
488,30,0,66.0,0.0,0.0,0.0,153.0
489,30,1,111.0,0.0,0.0,0.0,231.0
490,30,2,126.0,1.0,0.0,0.0,254.0
491,30,3,137.0,1.0,0.0,0.0,245.0
492,30,4,128.0,2.0,0.0,0.0,236.0
493,30,5,78.0,3.0,0.0,1.0,182.0
494,30,6,97.0,1.0,0.0,0.0,184.0
495,30,7,104.0,5.0,0.0,1.0,237.0
496,30,8,152.0,10.0,0.0,2.0,256.0
497,30,9,180.0,11.0,0.0,2.0,344.0
498,30,10,152.0,14.0,0.0,7.0,303.0
499,30,11,145.0,10.0,1.0,5.0,223.0
500,30,12,118.0,10.0,2.0,6.0,177.0
501,30,13,71.0,5.0,0.0,10.0,71.0
502,30,14,38.0,9.0,0.0,1.0,68.0
503,30,15,59.0,8.0,0.0,0.0,78.0
504,30,16,77.0,17.0,0.0,0.0,112.0
505,31,0,73.0,0.0,0.0,0.0,145.0
506,31,1,114.0,0.0,0.0,0.0,234.0
507,31,2,120.0,1.0,0.0,0.0,245.0
508,31,3,129.0,1.0,0.0,0.0,257.0
509,31,4,138.0,2.0,0.0,1.0,257.0
510,31,5,83.0,4.0,1.0,0.0,198.0
511,31,6,98.0,2.0,0.0,0.0,185.0
512,31,7,106.0,6.0,0.0,1.0,244.0
513,31,8,151.0,13.0,0.0,2.0,266.0
514,31,9,196.0,9.0,0.0,3.0,367.0
515,31,10,162.0,14.0,0.0,7.0,308.0
516,31,11,145.0,10.0,1.0,6.0,230.0
517,31,12,116.0,11.0,2.0,6.0,189.0
518,31,13,70.0,5.0,1.0,6.0,88.0
519,31,14,39.0,9.0,0.0,2.0,72.0
520,31,15,65.0,11.0,0.0,0.0,79.0
521,31,16,81.0,19.0,0.0,0.0,120.0
522,32,0,72.0,0.0,0.0,0.0,146.0
523,32,1,112.0,0.0,0.0,0.0,218.0
524,32,2,116.0,1.0,0.0,0.0,231.0
525,32,3,132.0,1.0,0.0,0.0,249.0
526,32,4,146.0,3.0,0.0,1.0,267.0
527,32,5,87.0,5.0,0.0,0.0,192.0
528,32,6,108.0,2.0,0.0,0.0,192.0
529,32,7,111.0,6.0,0.0,1.0,237.0
530,32,8,145.0,14.0,1.0,1.0,281.0
531,32,9,207.0,9.0,0.0,3.0,362.0
532,32,10,151.0,13.0,0.0,7.0,321.0
533,32,11,151.0,11.0,0.0,6.0,237.0
534,32,12,123.0,10.0,1.0,5.0,188.0
535,32,13,68.0,7.0,1.0,5.0,96.0
536,32,14,48.0,10.0,0.0,2.0,83.0
537,32,15,70.0,14.0,0.0,0.0,90.0
538,32,16,92.0,20.0,0.0,0.0,123.0
539,33,0,74.0,0.0,0.0,0.0,150.0
540,33,1,108.0,0.0,0.0,0.0,212.0
541,33,2,116.0,1.0,0.0,0.0,236.0
542,33,3,129.0,1.0,0.0,0.0,248.0
543,33,4,138.0,2.0,0.0,2.0,269.0
544,33,5,81.0,5.0,0.0,1.0,188.0
545,33,6,106.0,2.0,0.0,0.0,191.0
546,33,7,109.0,7.0,0.0,1.0,235.0
547,33,8,150.0,17.0,1.0,1.0,278.0
548,33,9,208.0,11.0,0.0,4.0,362.0
549,33,10,166.0,11.0,0.0,7.0,333.0
550,33,11,155.0,14.0,0.0,6.0,244.0
551,33,12,130.0,11.0,0.0,3.0,184.0
552,33,13,76.0,7.0,0.0,6.0,103.0
553,33,14,51.0,10.0,0.0,3.0,92.0
554,33,15,74.0,15.0,0.0,0.0,91.0
555,33,16,103.0,22.0,0.0,0.0,123.0
556,34,0,68.0,0.0,0.0,0.0,157.0
557,34,1,104.0,0.0,0.0,0.0,202.0
558,34,2,103.0,0.0,0.0,0.0,219.0
559,34,3,118.0,1.0,0.0,0.0,247.0
560,34,4,142.0,2.0,0.0,2.0,277.0
561,34,5,82.0,5.0,0.0,1.0,189.0
562,34,6,107.0,3.0,0.0,0.0,190.0
563,34,7,117.0,4.0,0.0,1.0,246.0
564,34,8,144.0,18.0,1.0,1.0,269.0
565,34,9,208.0,8.0,0.0,6.0,362.0
566,34,10,168.0,11.0,0.0,6.0,334.0
567,34,11,150.0,13.0,1.0,6.0,239.0
568,34,12,142.0,15.0,0.0,2.0,182.0
569,34,13,82.0,6.0,0.0,7.0,108.0
570,34,14,54.0,13.0,0.0,3.0,90.0
571,34,15,72.0,21.0,0.0,0.0,99.0
572,34,16,109.0,27.0,0.0,0.0,115.0
573,35,0,68.0,0.0,0.0,0.0,146.0
574,35,1,95.0,0.0,0.0,0.0,196.0
575,35,2,96.0,0.0,0.0,0.0,207.0
576,35,3,108.0,1.0,0.0,0.0,217.0
577,35,4,131.0,3.0,0.0,1.0,280.0
578,35,5,80.0,7.0,0.0,1.0,195.0
579,35,6,104.0,2.0,0.0,0.0,181.0
580,35,7,113.0,4.0,0.0,1.0,229.0
581,35,8,141.0,16.0,0.0,0.0,261.0
582,35,9,203.0,10.0,0.0,6.0,347.0
583,35,10,163.0,13.0,0.0,7.0,318.0
584,35,11,137.0,18.0,0.0,8.0,252.0
585,35,12,152.0,20.0,0.0,3.0,182.0
586,35,13,84.0,6.0,1.0,9.0,109.0
587,35,14,65.0,12.0,1.0,3.0,94.0
588,35,15,73.0,18.0,0.0,1.0,96.0
589,35,16,101.0,32.0,0.0,0.0,121.0
590,36,0,67.0,0.0,0.0,0.0,143.0
591,36,1,79.0,0.0,0.0,0.0,180.0
592,36,2,81.0,0.0,0.0,0.0,191.0
593,36,3,100.0,1.0,0.0,0.0,197.0
594,36,4,119.0,4.0,0.0,1.0,241.0
595,36,5,79.0,5.0,0.0,1.0,192.0
596,36,6,103.0,2.0,0.0,0.0,172.0
597,36,7,104.0,5.0,0.0,1.0,219.0
598,36,8,136.0,16.0,0.0,0.0,263.0
599,36,9,184.0,13.0,0.0,5.0,349.0
600,36,10,159.0,15.0,0.0,7.0,302.0
601,36,11,139.0,19.0,0.0,6.0,238.0
602,36,12,140.0,25.0,0.0,3.0,174.0
603,36,13,74.0,12.0,0.0,10.0,111.0
604,36,14,71.0,15.0,1.0,2.0,94.0
605,36,15,62.0,20.0,0.0,1.0,97.0
606,36,16,100.0,36.0,0.0,0.0,113.0
607,37,0,65.0,0.0,0.0,0.0,148.0
608,37,1,74.0,0.0,0.0,0.0,164.0
609,37,2,80.0,0.0,0.0,0.0,182.0
610,37,3,92.0,1.0,0.0,0.0,187.0
611,37,4,113.0,3.0,0.0,1.0,237.0
612,37,5,82.0,4.0,0.0,1.0,199.0
613,37,6,94.0,2.0,0.0,0.0,178.0
614,37,7,94.0,8.0,0.0,1.0,210.0
615,37,8,141.0,16.0,0.0,0.0,264.0
616,37,9,170.0,11.0,0.0,5.0,335.0
617,37,10,149.0,17.0,0.0,7.0,291.0
618,37,11,124.0,17.0,0.0,7.0,220.0
619,37,12,120.0,24.0,0.0,8.0,175.0
620,37,13,74.0,13.0,3.0,8.0,105.0
621,37,14,71.0,15.0,1.0,2.0,97.0
622,37,15,61.0,22.0,0.0,1.0,101.0
623,37,16,98.0,39.0,0.0,0.0,115.0
624,38,0,60.0,0.0,0.0,0.0,142.0
625,38,1,60.0,0.0,0.0,0.0,145.0
626,38,2,74.0,0.0,0.0,0.0,154.0
627,38,3,82.0,1.0,0.0,0.0,173.0
628,38,4,121.0,3.0,0.0,1.0,216.0
629,38,5,83.0,4.0,0.0,1.0,188.0
630,38,6,91.0,3.0,0.0,0.0,166.0
631,38,7,91.0,8.0,0.0,0.0,202.0
632,38,8,127.0,16.0,0.0,0.0,259.0
633,38,9,155.0,14.0,0.0,5.0,323.0
634,38,10,143.0,22.0,1.0,7.0,274.0
635,38,11,104.0,16.0,0.0,8.0,201.0
636,38,12,127.0,26.0,0.0,10.0,174.0
637,38,13,67.0,12.0,2.0,11.0,110.0
638,38,14,70.0,18.0,1.0,2.0,101.0
639,38,15,55.0,25.0,0.0,1.0,94.0
640,38,16,94.0,42.0,0.0,0.0,122.0
641,39,0,57.0,0.0,0.0,0.0,130.0
642,39,1,58.0,0.0,0.0,0.0,135.0
643,39,2,68.0,1.0,0.0,0.0,143.0
644,39,3,69.0,1.0,0.0,0.0,151.0
645,39,4,116.0,2.0,0.0,1.0,203.0
646,39,5,85.0,4.0,0.0,0.0,180.0
647,39,6,89.0,3.0,0.0,0.0,163.0
648,39,7,88.0,8.0,0.0,0.0,194.0
649,39,8,124.0,15.0,0.0,0.0,238.0
650,39,9,166.0,14.0,1.0,4.0,290.0
651,39,10,137.0,22.0,0.0,7.0,258.0
652,39,11,95.0,16.0,1.0,7.0,181.0
653,39,12,124.0,25.0,0.0,11.0,168.0
654,39,13,59.0,10.0,2.0,13.0,111.0
655,39,14,68.0,19.0,1.0,4.0,95.0
656,39,15,49.0,29.0,0.0,0.0,90.0
657,39,16,89.0,44.0,0.0,1.0,120.0
658,40,0,56.0,0.0,0.0,0.0,121.0
659,40,1,58.0,0.0,0.0,0.0,120.0
660,40,2,59.0,1.0,0.0,0.0,120.0
661,40,3,64.0,1.0,0.0,0.0,136.0
662,40,4,105.0,2.0,0.0,1.0,193.0
663,40,5,77.0,4.0,0.0,0.0,166.0
664,40,6,86.0,2.0,0.0,0.0,153.0
665,40,7,88.0,9.0,0.0,0.0,182.0
666,40,8,122.0,15.0,0.0,0.0,216.0
667,40,9,152.0,16.0,2.0,3.0,274.0
668,40,10,122.0,19.0,0.0,9.0,245.0
669,40,11,92.0,13.0,1.0,8.0,174.0
670,40,12,109.0,29.0,1.0,12.0,162.0
671,40,13,52.0,9.0,2.0,15.0,101.0
672,40,14,64.0,22.0,1.0,4.0,93.0
673,40,15,41.0,31.0,0.0,1.0,86.0
674,40,16,84.0,45.0,0.0,1.0,133.0
675,41,0,51.0,0.0,0.0,0.0,95.0
676,41,1,49.0,0.0,0.0,0.0,111.0
677,41,2,52.0,0.0,0.0,1.0,104.0
678,41,3,52.0,1.0,0.0,0.0,120.0
679,41,4,92.0,4.0,0.0,1.0,180.0
680,41,5,70.0,4.0,0.0,0.0,152.0
681,41,6,73.0,2.0,0.0,0.0,149.0
682,41,7,80.0,8.0,0.0,0.0,171.0
683,41,8,120.0,15.0,0.0,0.0,206.0
684,41,9,131.0,14.0,2.0,4.0,258.0
685,41,10,117.0,17.0,1.0,9.0,221.0
686,41,11,92.0,13.0,0.0,9.0,163.0
687,41,12,90.0,30.0,1.0,14.0,146.0
688,41,13,48.0,11.0,2.0,13.0,98.0
689,41,14,58.0,19.0,1.0,4.0,97.0
690,41,15,39.0,32.0,0.0,1.0,75.0
691,41,16,80.0,50.0,1.0,0.0,125.0
692,42,0,51.0,0.0,0.0,0.0,85.0
693,42,1,42.0,0.0,0.0,0.0,97.0
694,42,2,45.0,0.0,0.0,1.0,83.0
695,42,3,47.0,1.0,0.0,0.0,102.0
696,42,4,87.0,6.0,0.0,1.0,165.0
697,42,5,61.0,4.0,0.0,0.0,143.0
698,42,6,62.0,2.0,0.0,0.0,132.0
699,42,7,80.0,9.0,0.0,0.0,158.0
700,42,8,102.0,15.0,0.0,0.0,196.0
701,42,9,124.0,16.0,1.0,4.0,245.0
702,42,10,108.0,18.0,1.0,9.0,198.0
703,42,11,84.0,11.0,0.0,10.0,150.0
704,42,12,90.0,26.0,1.0,15.0,132.0
705,42,13,43.0,9.0,2.0,16.0,93.0
706,42,14,59.0,19.0,3.0,2.0,90.0
707,42,15,40.0,30.0,1.0,0.0,70.0
708,42,16,81.0,46.0,1.0,0.0,123.0
709,43,0,46.0,0.0,0.0,0.0,75.0
710,43,1,39.0,0.0,0.0,0.0,82.0
711,43,2,44.0,0.0,0.0,1.0,80.0
712,43,3,42.0,1.0,0.0,0.0,89.0
713,43,4,71.0,5.0,0.0,2.0,150.0
714,43,5,46.0,3.0,0.0,0.0,129.0
715,43,6,53.0,3.0,0.0,0.0,120.0
716,43,7,80.0,9.0,0.0,0.0,146.0
717,43,8,99.0,15.0,0.0,0.0,174.0
718,43,9,107.0,16.0,1.0,5.0,217.0
719,43,10,106.0,18.0,0.0,9.0,191.0
720,43,11,77.0,12.0,1.0,6.0,136.0
721,43,12,78.0,23.0,1.0,19.0,114.0
722,43,13,47.0,8.0,1.0,16.0,85.0
723,43,14,59.0,18.0,2.0,2.0,87.0
724,43,15,39.0,26.0,1.0,0.0,71.0
725,43,16,69.0,46.0,1.0,1.0,111.0
726,44,0,40.0,0.0,0.0,0.0,66.0
727,44,1,34.0,0.0,0.0,0.0,70.0
728,44,2,43.0,0.0,0.0,1.0,71.0
729,44,3,36.0,1.0,0.0,0.0,82.0
730,44,4,66.0,4.0,0.0,2.0,134.0
731,44,5,40.0,1.0,0.0,0.0,113.0
732,44,6,47.0,2.0,0.0,0.0,105.0
733,44,7,69.0,10.0,0.0,0.0,132.0
734,44,8,87.0,15.0,0.0,0.0,158.0
735,44,9,94.0,16.0,0.0,3.0,194.0
736,44,10,85.0,15.0,2.0,6.0,161.0
737,44,11,66.0,14.0,0.0,6.0,122.0
738,44,12,73.0,21.0,0.0,17.0,103.0
739,44,13,51.0,6.0,1.0,17.0,79.0
740,44,14,52.0,18.0,1.0,3.0,83.0
741,44,15,37.0,22.0,1.0,0.0,68.0
742,44,16,60.0,47.0,1.0,1.0,106.0
743,45,0,33.0,0.0,0.0,0.0,63.0
744,45,1,37.0,0.0,0.0,0.0,55.0
745,45,2,45.0,0.0,0.0,1.0,62.0
746,45,3,26.0,1.0,0.0,0.0,74.0
747,45,4,53.0,4.0,0.0,2.0,116.0
748,45,5,39.0,1.0,0.0,0.0,97.0
749,45,6,45.0,2.0,0.0,0.0,95.0
750,45,7,66.0,8.0,0.0,0.0,117.0
751,45,8,78.0,14.0,0.0,1.0,135.0
752,45,9,80.0,16.0,0.0,2.0,168.0
753,45,10,72.0,14.0,2.0,4.0,145.0
754,45,11,58.0,15.0,0.0,6.0,116.0
755,45,12,70.0,19.0,0.0,19.0,96.0
756,45,13,52.0,4.0,0.0,16.0,75.0
757,45,14,58.0,15.0,2.0,2.0,76.0
758,45,15,35.0,22.0,0.0,0.0,59.0
759,45,16,65.0,45.0,0.0,1.0,98.0
760,46,0,30.0,0.0,0.0,0.0,59.0
761,46,1,32.0,0.0,0.0,0.0,42.0
762,46,2,40.0,0.0,0.0,1.0,54.0
763,46,3,22.0,1.0,0.0,0.0,66.0
764,46,4,45.0,4.0,1.0,1.0,107.0
765,46,5,38.0,1.0,0.0,0.0,82.0
766,46,6,42.0,1.0,0.0,0.0,87.0
767,46,7,58.0,8.0,0.0,0.0,104.0
768,46,8,72.0,14.0,1.0,0.0,111.0
769,46,9,71.0,15.0,1.0,1.0,142.0
770,46,10,58.0,12.0,1.0,4.0,125.0
771,46,11,53.0,14.0,0.0,4.0,107.0
772,46,12,59.0,18.0,1.0,20.0,79.0
773,46,13,49.0,3.0,2.0,14.0,65.0
774,46,14,55.0,13.0,3.0,2.0,65.0
775,46,15,34.0,22.0,0.0,0.0,54.0
776,46,16,61.0,43.0,0.0,0.0,98.0
777,47,0,27.0,0.0,0.0,0.0,53.0
778,47,1,29.0,0.0,0.0,0.0,39.0
779,47,2,37.0,0.0,0.0,1.0,47.0
780,47,3,18.0,1.0,0.0,0.0,57.0
781,47,4,33.0,4.0,1.0,1.0,94.0
782,47,5,32.0,1.0,0.0,0.0,72.0
783,47,6,33.0,0.0,0.0,0.0,77.0
784,47,7,53.0,7.0,0.0,0.0,89.0
785,47,8,61.0,14.0,0.0,0.0,94.0
786,47,9,61.0,10.0,1.0,1.0,113.0
787,47,10,49.0,13.0,0.0,5.0,109.0
788,47,11,44.0,9.0,0.0,4.0,92.0
789,47,12,56.0,15.0,0.0,16.0,69.0
790,47,13,42.0,4.0,2.0,14.0,62.0
791,47,14,53.0,11.0,0.0,2.0,61.0
792,47,15,32.0,18.0,0.0,0.0,53.0
793,47,16,52.0,43.0,0.0,0.0,85.0
794,48,0,23.0,0.0,0.0,0.0,45.0
795,48,1,23.0,0.0,0.0,0.0,33.0
796,48,2,28.0,0.0,0.0,1.0,36.0
797,48,3,15.0,1.0,0.0,0.0,51.0
798,48,4,29.0,3.0,0.0,1.0,77.0
799,48,5,24.0,1.0,0.0,0.0,66.0
800,48,6,27.0,0.0,0.0,0.0,61.0
801,48,7,45.0,7.0,0.0,0.0,82.0
802,48,8,54.0,13.0,0.0,0.0,81.0
803,48,9,57.0,10.0,1.0,0.0,94.0
804,48,10,47.0,10.0,0.0,5.0,95.0
805,48,11,42.0,9.0,0.0,4.0,77.0
806,48,12,53.0,13.0,1.0,14.0,64.0
807,48,13,44.0,3.0,4.0,12.0,63.0
808,48,14,44.0,10.0,0.0,2.0,60.0
809,48,15,29.0,14.0,0.0,0.0,47.0
810,48,16,45.0,40.0,0.0,1.0,77.0
811,49,0,19.0,0.0,0.0,0.0,41.0
812,49,1,17.0,0.0,0.0,0.0,25.0
813,49,2,21.0,0.0,0.0,1.0,33.0
814,49,3,14.0,1.0,0.0,0.0,43.0
815,49,4,26.0,2.0,0.0,0.0,66.0
816,49,5,23.0,1.0,0.0,0.0,69.0
817,49,6,23.0,0.0,0.0,0.0,55.0
818,49,7,38.0,6.0,0.0,0.0,69.0
819,49,8,52.0,12.0,0.0,0.0,67.0
820,49,9,46.0,11.0,1.0,1.0,77.0
821,49,10,39.0,8.0,1.0,3.0,78.0
822,49,11,37.0,9.0,2.0,2.0,57.0
823,49,12,50.0,11.0,1.0,13.0,61.0
824,49,13,40.0,2.0,3.0,11.0,54.0
825,49,14,36.0,11.0,0.0,3.0,56.0
826,49,15,25.0,16.0,0.0,0.0,49.0
827,49,16,43.0,39.0,0.0,1.0,70.0
828,50,0,19.0,0.0,0.0,0.0,39.0
829,50,1,17.0,0.0,0.0,0.0,21.0
830,50,2,18.0,0.0,0.0,1.0,23.0
831,50,3,11.0,0.0,0.0,0.0,37.0
832,50,4,22.0,2.0,0.0,0.0,61.0
833,50,5,21.0,1.0,0.0,0.0,68.0
834,50,6,20.0,0.0,0.0,0.0,47.0
835,50,7,34.0,7.0,0.0,0.0,62.0
836,50,8,44.0,10.0,0.0,0.0,54.0
837,50,9,40.0,10.0,1.0,1.0,68.0
838,50,10,27.0,9.0,1.0,1.0,68.0
839,50,11,35.0,8.0,2.0,2.0,49.0
840,50,12,39.0,8.0,1.0,14.0,53.0
841,50,13,36.0,2.0,4.0,10.0,50.0
842,50,14,35.0,13.0,0.0,2.0,50.0
843,50,15,24.0,18.0,0.0,0.0,34.0
844,50,16,35.0,32.0,0.0,1.0,54.0
845,51,0,19.0,0.0,0.0,0.0,33.0
846,51,1,17.0,0.0,0.0,0.0,18.0
847,51,2,17.0,0.0,0.0,0.0,20.0
848,51,3,12.0,0.0,0.0,0.0,29.0
849,51,4,17.0,2.0,0.0,0.0,53.0
850,51,5,19.0,1.0,0.0,0.0,66.0
851,51,6,23.0,0.0,0.0,0.0,42.0
852,51,7,26.0,7.0,0.0,0.0,57.0
853,51,8,37.0,10.0,0.0,0.0,45.0
854,51,9,37.0,7.0,1.0,1.0,56.0
855,51,10,27.0,8.0,0.0,1.0,57.0
856,51,11,33.0,8.0,2.0,2.0,41.0
857,51,12,32.0,8.0,0.0,13.0,47.0
858,51,13,33.0,2.0,2.0,8.0,45.0
859,51,14,23.0,16.0,0.0,3.0,41.0
860,51,15,18.0,15.0,0.0,0.0,28.0
861,51,16,35.0,32.0,0.0,1.0,51.0
862,52,0,19.0,0.0,0.0,0.0,31.0
863,52,1,12.0,0.0,0.0,0.0,13.0
864,52,2,15.0,0.0,0.0,0.0,17.0
865,52,3,9.0,0.0,0.0,0.0,23.0
866,52,4,13.0,2.0,0.0,0.0,46.0
867,52,5,16.0,1.0,0.0,0.0,51.0
868,52,6,23.0,0.0,0.0,0.0,29.0
869,52,7,21.0,7.0,0.0,0.0,45.0
870,52,8,30.0,9.0,0.0,0.0,38.0
871,52,9,34.0,6.0,1.0,1.0,49.0
872,52,10,25.0,6.0,0.0,1.0,48.0
873,52,11,26.0,8.0,2.0,3.0,33.0
874,52,12,30.0,8.0,3.0,8.0,41.0
875,52,13,30.0,2.0,2.0,8.0,42.0
876,52,14,22.0,16.0,0.0,4.0,34.0
877,52,15,14.0,13.0,0.0,0.0,26.0
878,52,16,35.0,28.0,0.0,1.0,42.0
879,53,0,18.0,0.0,0.0,0.0,26.0
880,53,1,10.0,0.0,0.0,0.0,7.0
881,53,2,10.0,0.0,0.0,0.0,12.0
882,53,3,9.0,0.0,0.0,0.0,23.0
883,53,4,10.0,2.0,0.0,0.0,38.0
884,53,5,11.0,1.0,0.0,0.0,45.0
885,53,6,19.0,0.0,0.0,0.0,28.0
886,53,7,18.0,7.0,0.0,0.0,40.0
887,53,8,30.0,9.0,0.0,0.0,35.0
888,53,9,26.0,6.0,0.0,1.0,48.0
889,53,10,22.0,3.0,0.0,1.0,42.0
890,53,11,27.0,9.0,0.0,2.0,31.0
891,53,12,26.0,4.0,1.0,7.0,37.0
892,53,13,26.0,2.0,0.0,7.0,35.0
893,53,14,20.0,16.0,0.0,4.0,30.0
894,53,15,10.0,14.0,0.0,0.0,28.0
895,53,16,33.0,26.0,0.0,1.0,39.0
896,54,0,15.0,0.0,0.0,0.0,24.0
897,54,1,7.0,0.0,0.0,0.0,7.0
898,54,2,7.0,0.0,0.0,0.0,8.0
899,54,3,9.0,0.0,0.0,0.0,18.0
900,54,4,8.0,2.0,0.0,0.0,32.0
901,54,5,12.0,1.0,0.0,0.0,34.0
902,54,6,18.0,0.0,0.0,0.0,24.0
903,54,7,17.0,7.0,0.0,0.0,42.0
904,54,8,24.0,9.0,0.0,0.0,34.0
905,54,9,22.0,5.0,1.0,0.0,44.0
906,54,10,20.0,4.0,0.0,1.0,38.0
907,54,11,24.0,7.0,0.0,3.0,30.0
908,54,12,21.0,4.0,3.0,3.0,34.0
909,54,13,23.0,3.0,0.0,6.0,33.0
910,54,14,14.0,15.0,0.0,5.0,26.0
911,54,15,8.0,13.0,0.0,0.0,22.0
912,54,16,28.0,29.0,0.0,1.0,35.0
913,55,0,11.0,0.0,0.0,0.0,27.0
914,55,1,6.0,0.0,0.0,0.0,7.0
915,55,2,5.0,0.0,0.0,0.0,8.0
916,55,3,9.0,0.0,0.0,0.0,15.0
917,55,4,8.0,1.0,0.0,0.0,22.0
918,55,5,11.0,1.0,0.0,0.0,31.0
919,55,6,16.0,1.0,0.0,0.0,19.0
920,55,7,15.0,6.0,0.0,0.0,40.0
921,55,8,20.0,8.0,0.0,0.0,25.0
922,55,9,16.0,5.0,1.0,0.0,35.0
923,55,10,18.0,3.0,0.0,0.0,34.0
924,55,11,23.0,5.0,1.0,4.0,24.0
925,55,12,20.0,5.0,1.0,3.0,31.0
926,55,13,23.0,3.0,0.0,6.0,28.0
927,55,14,14.0,13.0,0.0,6.0,26.0
928,55,15,7.0,10.0,0.0,0.0,18.0
929,55,16,26.0,28.0,0.0,1.0,31.0
930,56,0,11.0,0.0,0.0,0.0,25.0
931,56,1,2.0,0.0,0.0,0.0,7.0
932,56,2,4.0,0.0,0.0,0.0,8.0
933,56,3,7.0,0.0,0.0,0.0,14.0
934,56,4,8.0,1.0,0.0,0.0,22.0
935,56,5,9.0,0.0,0.0,0.0,26.0
936,56,6,15.0,1.0,0.0,0.0,15.0
937,56,7,12.0,5.0,0.0,0.0,29.0
938,56,8,18.0,8.0,0.0,0.0,19.0
939,56,9,17.0,5.0,0.0,0.0,28.0
940,56,10,14.0,2.0,0.0,0.0,23.0
941,56,11,19.0,5.0,1.0,3.0,20.0
942,56,12,19.0,6.0,1.0,4.0,24.0
943,56,13,22.0,3.0,2.0,4.0,20.0
944,56,14,12.0,11.0,0.0,5.0,21.0
945,56,15,6.0,10.0,0.0,0.0,18.0
946,56,16,22.0,24.0,0.0,1.0,29.0
947,57,0,9.0,0.0,0.0,0.0,16.0
948,57,1,1.0,0.0,0.0,0.0,4.0
949,57,2,4.0,0.0,0.0,0.0,7.0
950,57,3,8.0,0.0,0.0,0.0,11.0
951,57,4,6.0,1.0,0.0,0.0,15.0
952,57,5,7.0,0.0,0.0,0.0,24.0
953,57,6,13.0,1.0,0.0,0.0,13.0
954,57,7,12.0,4.0,0.0,0.0,27.0
955,57,8,14.0,7.0,0.0,0.0,16.0
956,57,9,12.0,5.0,0.0,0.0,24.0
957,57,10,10.0,1.0,0.0,0.0,20.0
958,57,11,15.0,4.0,1.0,3.0,19.0
959,57,12,18.0,5.0,1.0,4.0,20.0
960,57,13,18.0,3.0,3.0,3.0,17.0
961,57,14,7.0,10.0,0.0,4.0,22.0
962,57,15,4.0,9.0,0.0,0.0,15.0
963,57,16,21.0,19.0,0.0,1.0,28.0
964,58,0,9.0,0.0,0.0,0.0,13.0
965,58,1,1.0,0.0,0.0,0.0,5.0
966,58,2,5.0,0.0,0.0,0.0,6.0
967,58,3,5.0,0.0,0.0,0.0,8.0
968,58,4,4.0,1.0,0.0,0.0,13.0
969,58,5,7.0,0.0,0.0,0.0,21.0
970,58,6,11.0,1.0,0.0,0.0,13.0
971,58,7,10.0,4.0,0.0,0.0,27.0
972,58,8,12.0,6.0,0.0,0.0,16.0
973,58,9,10.0,5.0,0.0,0.0,22.0
974,58,10,6.0,3.0,0.0,0.0,20.0
975,58,11,16.0,4.0,1.0,2.0,18.0
976,58,12,15.0,5.0,0.0,4.0,13.0
977,58,13,14.0,3.0,2.0,5.0,13.0
978,58,14,5.0,9.0,1.0,2.0,19.0
979,58,15,3.0,9.0,0.0,0.0,10.0
980,58,16,19.0,20.0,0.0,1.0,23.0
981,59,0,8.0,0.0,0.0,0.0,10.0
982,59,1,1.0,0.0,0.0,0.0,4.0
983,59,2,3.0,0.0,0.0,0.0,4.0
984,59,3,4.0,0.0,0.0,0.0,6.0
985,59,4,4.0,1.0,0.0,0.0,9.0
986,59,5,7.0,0.0,0.0,0.0,15.0
987,59,6,11.0,1.0,0.0,0.0,9.0
988,59,7,9.0,3.0,0.0,0.0,24.0
989,59,8,9.0,5.0,0.0,1.0,10.0
990,59,9,8.0,3.0,0.0,0.0,22.0
991,59,10,5.0,3.0,0.0,0.0,18.0
992,59,11,15.0,4.0,1.0,2.0,15.0
993,59,12,11.0,3.0,0.0,5.0,13.0
994,59,13,12.0,2.0,2.0,3.0,10.0
995,59,14,5.0,9.0,1.0,2.0,13.0
996,59,15,2.0,9.0,0.0,0.0,8.0
997,59,16,17.0,17.0,0.0,1.0,21.0
998,60,0,5.0,0.0,0.0,0.0,9.0
999,60,1,1.0,0.0,0.0,0.0,3.0
1000,60,2,2.0,0.0,0.0,0.0,2.0
1001,60,3,4.0,0.0,0.0,0.0,5.0
1002,60,4,3.0,1.0,0.0,0.0,8.0
1003,60,5,8.0,0.0,0.0,0.0,15.0
1004,60,6,10.0,1.0,0.0,0.0,10.0
1005,60,7,7.0,3.0,0.0,0.0,23.0
1006,60,8,9.0,5.0,0.0,1.0,10.0
1007,60,9,6.0,3.0,0.0,0.0,17.0
1008,60,10,5.0,3.0,0.0,0.0,12.0
1009,60,11,10.0,4.0,1.0,1.0,14.0
1010,60,12,9.0,3.0,1.0,4.0,13.0
1011,60,13,15.0,2.0,1.0,3.0,10.0
1012,60,14,4.0,9.0,0.0,2.0,11.0
1013,60,15,3.0,9.0,0.0,0.0,7.0
1014,60,16,18.0,13.0,1.0,0.0,18.0
1015,61,0,6.0,0.0,0.0,0.0,8.0
1016,61,1,1.0,0.0,0.0,0.0,2.0
1017,61,2,2.0,0.0,0.0,0.0,2.0
1018,61,3,4.0,0.0,0.0,0.0,5.0
1019,61,4,2.0,1.0,0.0,0.0,6.0
1020,61,5,6.0,0.0,0.0,0.0,12.0
1021,61,6,9.0,0.0,0.0,0.0,9.0
1022,61,7,4.0,4.0,0.0,0.0,20.0
1023,61,8,8.0,2.0,0.0,1.0,8.0
1024,61,9,4.0,2.0,0.0,0.0,15.0
1025,61,10,3.0,2.0,0.0,0.0,12.0
1026,61,11,10.0,4.0,1.0,1.0,12.0
1027,61,12,8.0,2.0,1.0,4.0,11.0
1028,61,13,12.0,1.0,0.0,4.0,10.0
1029,61,14,4.0,9.0,0.0,2.0,11.0
1030,61,15,3.0,9.0,0.0,0.0,6.0
1031,61,16,16.0,13.0,0.0,0.0,14.0
1032,62,0,4.0,0.0,0.0,0.0,6.0
1033,62,1,1.0,0.0,0.0,0.0,2.0
1034,62,2,1.0,0.0,0.0,0.0,3.0
1035,62,3,4.0,0.0,0.0,0.0,4.0
1036,62,4,2.0,1.0,0.0,0.0,5.0
1037,62,5,6.0,0.0,0.0,0.0,12.0
1038,62,6,10.0,0.0,0.0,0.0,7.0
1039,62,7,3.0,3.0,0.0,0.0,19.0
1040,62,8,6.0,1.0,0.0,1.0,5.0
1041,62,9,2.0,2.0,0.0,0.0,15.0
1042,62,10,4.0,2.0,0.0,0.0,10.0
1043,62,11,8.0,3.0,0.0,2.0,9.0
1044,62,12,7.0,2.0,1.0,4.0,10.0
1045,62,13,11.0,1.0,0.0,4.0,8.0
1046,62,14,5.0,9.0,1.0,1.0,13.0
1047,62,15,4.0,7.0,0.0,0.0,5.0
1048,62,16,13.0,11.0,0.0,0.0,12.0
1049,63,0,3.0,0.0,0.0,0.0,4.0
1050,63,1,1.0,0.0,0.0,0.0,1.0
1051,63,2,1.0,0.0,0.0,0.0,2.0
1052,63,3,3.0,0.0,0.0,0.0,2.0
1053,63,4,4.0,1.0,0.0,0.0,3.0
1054,63,5,6.0,0.0,0.0,0.0,9.0
1055,63,6,7.0,0.0,0.0,0.0,6.0
1056,63,7,2.0,2.0,0.0,0.0,17.0
1057,63,8,6.0,1.0,0.0,1.0,4.0
1058,63,9,2.0,2.0,0.0,0.0,13.0
1059,63,10,3.0,0.0,0.0,0.0,11.0
1060,63,11,7.0,3.0,0.0,1.0,7.0
1061,63,12,4.0,3.0,1.0,2.0,9.0
1062,63,13,9.0,2.0,0.0,3.0,7.0
1063,63,14,5.0,8.0,0.0,1.0,14.0
1064,63,15,5.0,6.0,0.0,0.0,5.0
1065,63,16,10.0,10.0,0.0,0.0,10.0
1066,64,0,2.0,0.0,0.0,0.0,3.0
1067,64,1,1.0,0.0,0.0,0.0,1.0
1068,64,2,0.0,0.0,0.0,0.0,2.0
1069,64,3,3.0,0.0,0.0,0.0,2.0
1070,64,4,4.0,1.0,0.0,0.0,4.0
1071,64,5,6.0,0.0,0.0,0.0,8.0
1072,64,6,5.0,0.0,0.0,0.0,4.0
1073,64,7,1.0,2.0,0.0,0.0,11.0
1074,64,8,5.0,0.0,0.0,1.0,6.0
1075,64,9,1.0,0.0,0.0,0.0,13.0
1076,64,10,3.0,0.0,0.0,0.0,9.0
1077,64,11,5.0,3.0,0.0,1.0,7.0
1078,64,12,5.0,2.0,1.0,2.0,8.0
1079,64,13,9.0,1.0,0.0,3.0,5.0
1080,64,14,4.0,8.0,0.0,1.0,12.0
1081,64,15,2.0,6.0,0.0,0.0,5.0
1082,64,16,9.0,10.0,0.0,0.0,8.0
1083,65,0,1.0,0.0,0.0,0.0,3.0
1084,65,1,1.0,0.0,0.0,0.0,1.0
1085,65,2,0.0,0.0,0.0,0.0,1.0
1086,65,3,3.0,0.0,0.0,0.0,1.0
1087,65,4,4.0,1.0,0.0,0.0,5.0
1088,65,5,6.0,0.0,0.0,0.0,6.0
1089,65,6,3.0,0.0,0.0,0.0,1.0
1090,65,7,2.0,2.0,0.0,0.0,11.0
1091,65,8,3.0,0.0,0.0,1.0,4.0
1092,65,9,1.0,0.0,0.0,0.0,10.0
1093,65,10,2.0,0.0,0.0,0.0,8.0
1094,65,11,4.0,3.0,0.0,1.0,6.0
1095,65,12,3.0,3.0,1.0,2.0,7.0
1096,65,13,8.0,1.0,0.0,3.0,5.0
1097,65,14,4.0,7.0,0.0,1.0,14.0
1098,65,15,3.0,5.0,0.0,0.0,4.0
1099,65,16,6.0,10.0,0.0,0.0,6.0
1100,66,0,1.0,0.0,0.0,0.0,3.0
1101,66,2,0.0,0.0,0.0,0.0,1.0
1102,66,3,3.0,0.0,0.0,0.0,1.0
1103,66,4,3.0,1.0,0.0,0.0,5.0
1104,66,5,5.0,0.0,0.0,0.0,5.0
1105,66,6,3.0,0.0,0.0,0.0,1.0
1106,66,7,2.0,2.0,0.0,0.0,7.0
1107,66,8,1.0,1.0,0.0,1.0,5.0
1108,66,9,0.0,0.0,0.0,0.0,10.0
1109,66,10,3.0,0.0,0.0,0.0,6.0
1110,66,11,3.0,3.0,0.0,1.0,4.0
1111,66,12,3.0,1.0,0.0,3.0,8.0
1112,66,13,7.0,1.0,0.0,2.0,4.0
1113,66,14,3.0,7.0,0.0,0.0,11.0
1114,66,15,3.0,5.0,0.0,0.0,2.0
1115,66,16,4.0,8.0,0.0,0.0,4.0
1116,67,0,1.0,0.0,0.0,0.0,4.0
1117,67,2,0.0,0.0,0.0,0.0,1.0
1118,67,3,2.0,0.0,0.0,0.0,1.0
1119,67,4,5.0,1.0,0.0,0.0,4.0
1120,67,5,4.0,0.0,0.0,0.0,7.0
1121,67,6,3.0,0.0,0.0,0.0,2.0
1122,67,7,2.0,2.0,0.0,0.0,6.0
1123,67,8,1.0,1.0,0.0,1.0,4.0
1124,67,9,0.0,0.0,0.0,0.0,7.0
1125,67,10,3.0,0.0,0.0,0.0,4.0
1126,67,11,2.0,3.0,0.0,1.0,5.0
1127,67,12,2.0,1.0,0.0,3.0,7.0
1128,67,13,6.0,1.0,0.0,1.0,1.0
1129,67,14,4.0,5.0,0.0,0.0,11.0
1130,67,15,3.0,5.0,0.0,0.0,4.0
1131,67,16,5.0,6.0,0.0,0.0,4.0
1132,68,0,0.0,0.0,0.0,0.0,4.0
1133,68,1,0.0,0.0,0.0,0.0,1.0
1134,68,2,0.0,0.0,0.0,0.0,1.0
1135,68,3,2.0,0.0,0.0,0.0,1.0
1136,68,4,5.0,1.0,0.0,0.0,2.0
1137,68,5,3.0,0.0,0.0,0.0,5.0
1138,68,6,2.0,0.0,0.0,0.0,1.0
1139,68,7,2.0,2.0,0.0,0.0,6.0
1140,68,8,1.0,1.0,1.0,0.0,2.0
1141,68,9,0.0,0.0,0.0,0.0,6.0
1142,68,10,3.0,0.0,0.0,0.0,2.0
1143,68,11,2.0,3.0,0.0,1.0,2.0
1144,68,12,2.0,1.0,0.0,3.0,5.0
1145,68,13,5.0,0.0,0.0,2.0,1.0
1146,68,14,4.0,5.0,0.0,0.0,9.0
1147,68,15,2.0,4.0,0.0,0.0,3.0
1148,68,16,3.0,6.0,0.0,0.0,4.0
1149,69,0,0.0,0.0,0.0,0.0,4.0
1150,69,2,0.0,0.0,0.0,0.0,1.0
1151,69,3,1.0,0.0,0.0,0.0,1.0
1152,69,4,5.0,1.0,0.0,0.0,2.0
1153,69,5,3.0,0.0,0.0,0.0,5.0
1154,69,6,1.0,0.0,0.0,0.0,1.0
1155,69,7,1.0,2.0,0.0,0.0,5.0
1156,69,8,1.0,1.0,1.0,0.0,2.0
1157,69,9,0.0,0.0,0.0,0.0,4.0
1158,69,10,4.0,0.0,0.0,0.0,2.0
1159,69,11,1.0,2.0,0.0,1.0,1.0
1160,69,12,2.0,1.0,0.0,1.0,5.0
1161,69,13,3.0,0.0,0.0,2.0,1.0
1162,69,14,4.0,3.0,0.0,0.0,5.0
1163,69,15,2.0,4.0,0.0,0.0,3.0
1164,69,16,3.0,5.0,0.0,0.0,4.0
1165,70,0,0.0,0.0,0.0,0.0,3.0
1166,70,2,0.0,0.0,0.0,0.0,1.0
1167,70,3,1.0,0.0,0.0,0.0,1.0
1168,70,4,3.0,1.0,0.0,0.0,2.0
1169,70,5,4.0,0.0,0.0,0.0,4.0
1170,70,6,0.0,0.0,0.0,0.0,1.0
1171,70,7,1.0,1.0,0.0,0.0,4.0
1172,70,8,2.0,1.0,1.0,0.0,2.0
1173,70,9,0.0,0.0,0.0,0.0,4.0
1174,70,10,4.0,0.0,0.0,0.0,1.0
1175,70,11,0.0,2.0,0.0,1.0,1.0
1176,70,12,1.0,1.0,0.0,1.0,3.0
1177,70,13,3.0,0.0,0.0,2.0,1.0
1178,70,14,4.0,3.0,0.0,0.0,4.0
1179,70,15,2.0,4.0,0.0,0.0,4.0
1180,70,16,2.0,5.0,0.0,0.0,3.0
1181,71,0,0.0,0.0,0.0,0.0,3.0
1182,71,3,1.0,0.0,0.0,0.0,1.0
1183,71,4,2.0,1.0,0.0,0.0,2.0
1184,71,5,2.0,0.0,0.0,0.0,4.0
1185,71,6,0.0,0.0,0.0,0.0,1.0
1186,71,7,1.0,1.0,0.0,0.0,4.0
1187,71,8,2.0,1.0,1.0,0.0,1.0
1188,71,9,0.0,0.0,0.0,0.0,3.0
1189,71,10,3.0,0.0,0.0,0.0,0.0
1190,71,11,1.0,2.0,0.0,1.0,1.0
1191,71,12,0.0,1.0,0.0,1.0,2.0
1192,71,13,2.0,0.0,1.0,1.0,1.0
1193,71,14,5.0,2.0,0.0,0.0,4.0
1194,71,15,2.0,3.0,0.0,0.0,4.0
1195,71,16,2.0,1.0,0.0,0.0,3.0
1196,72,0,1.0,0.0,0.0,0.0,3.0
1197,72,3,1.0,0.0,0.0,0.0,1.0
1198,72,4,2.0,0.0,0.0,0.0,1.0
1199,72,5,3.0,0.0,0.0,0.0,2.0
1200,72,6,0.0,0.0,0.0,0.0,1.0
1201,72,7,1.0,0.0,0.0,0.0,4.0
1202,72,8,1.0,2.0,1.0,0.0,1.0
1203,72,9,0.0,0.0,0.0,0.0,3.0
1204,72,10,3.0,0.0,0.0,0.0,0.0
1205,72,11,1.0,2.0,0.0,1.0,2.0
1206,72,12,0.0,1.0,0.0,1.0,2.0
1207,72,13,1.0,0.0,1.0,0.0,1.0
1208,72,14,4.0,2.0,0.0,0.0,4.0
1209,72,15,1.0,2.0,0.0,0.0,4.0
1210,72,16,3.0,1.0,0.0,0.0,2.0
1211,73,0,2.0,0.0,0.0,0.0,3.0
1212,73,3,0.0,0.0,0.0,0.0,1.0
1213,73,4,2.0,0.0,0.0,0.0,1.0
1214,73,5,2.0,0.0,0.0,0.0,1.0
1215,73,6,0.0,0.0,0.0,0.0,1.0
1216,73,7,2.0,0.0,0.0,0.0,3.0
1217,73,8,1.0,1.0,0.0,0.0,1.0
1218,73,9,0.0,0.0,0.0,0.0,2.0
1219,73,10,2.0,0.0,0.0,0.0,0.0
1220,73,11,1.0,2.0,0.0,1.0,2.0
1221,73,12,0.0,1.0,0.0,1.0,1.0
1222,73,13,1.0,0.0,0.0,0.0,1.0
1223,73,14,4.0,2.0,0.0,0.0,3.0
1224,73,15,1.0,2.0,0.0,0.0,3.0
1225,73,16,3.0,1.0,0.0,0.0,2.0
1226,74,0,2.0,0.0,0.0,0.0,3.0
1227,74,3,0.0,0.0,0.0,0.0,1.0
1228,74,4,2.0,0.0,0.0,0.0,1.0
1229,74,5,1.0,1.0,0.0,0.0,1.0
1230,74,6,0.0,0.0,0.0,0.0,1.0
1231,74,7,1.0,0.0,0.0,0.0,2.0
1232,74,8,1.0,0.0,0.0,0.0,0.0
1233,74,9,0.0,0.0,0.0,0.0,2.0
1234,74,10,1.0,0.0,0.0,0.0,0.0
1235,74,11,1.0,1.0,0.0,1.0,2.0
1236,74,12,0.0,1.0,0.0,1.0,1.0
1237,74,13,1.0,0.0,0.0,0.0,1.0
1238,74,14,2.0,2.0,0.0,0.0,3.0
1239,74,15,1.0,2.0,0.0,0.0,3.0
1240,74,16,3.0,1.0,0.0,0.0,3.0
1241,75,0,2.0,0.0,0.0,0.0,3.0
1242,75,3,0.0,0.0,0.0,0.0,1.0
1243,75,4,1.0,0.0,0.0,0.0,0.0
1244,75,5,1.0,1.0,0.0,0.0,0.0
1245,75,7,1.0,0.0,0.0,0.0,2.0
1246,75,8,1.0,0.0,0.0,0.0,0.0
1247,75,9,0.0,0.0,0.0,0.0,2.0
1248,75,10,1.0,0.0,0.0,0.0,0.0
1249,75,11,1.0,0.0,0.0,1.0,2.0
1250,75,12,0.0,1.0,0.0,0.0,1.0
1251,75,13,1.0,0.0,0.0,0.0,1.0
1252,75,14,2.0,2.0,0.0,0.0,3.0
1253,75,15,2.0,2.0,0.0,0.0,2.0
1254,75,16,2.0,1.0,0.0,0.0,3.0
1255,76,0,2.0,0.0,0.0,0.0,3.0
1256,76,3,0.0,0.0,0.0,0.0,1.0
1257,76,5,1.0,1.0,0.0,0.0,0.0
1258,76,6,0.0,0.0,0.0,0.0,1.0
1259,76,7,1.0,0.0,0.0,0.0,1.0
1260,76,8,1.0,0.0,0.0,0.0,0.0
1261,76,9,0.0,0.0,0.0,0.0,2.0
1262,76,11,2.0,0.0,0.0,0.0,2.0
1263,76,12,0.0,1.0,0.0,0.0,1.0
1264,76,13,1.0,0.0,0.0,0.0,0.0
1265,76,14,1.0,2.0,0.0,0.0,3.0
1266,76,15,2.0,2.0,0.0,0.0,1.0
1267,76,16,2.0,0.0,0.0,0.0,3.0
1268,77,0,1.0,0.0,0.0,0.0,2.0
1269,77,5,1.0,1.0,0.0,0.0,0.0
1270,77,6,1.0,0.0,0.0,0.0,1.0
1271,77,7,1.0,0.0,0.0,0.0,1.0
1272,77,8,1.0,0.0,0.0,0.0,0.0
1273,77,9,0.0,0.0,0.0,0.0,3.0
1274,77,11,2.0,0.0,0.0,0.0,2.0
1275,77,12,0.0,1.0,0.0,0.0,1.0
1276,77,13,1.0,0.0,0.0,0.0,0.0
1277,77,14,1.0,2.0,0.0,0.0,3.0
1278,77,15,1.0,2.0,0.0,0.0,1.0
1279,77,16,1.0,0.0,0.0,0.0,1.0
1280,78,0,1.0,0.0,0.0,0.0,2.0
1281,78,6,1.0,0.0,0.0,0.0,1.0
1282,78,7,1.0,0.0,0.0,0.0,1.0
1283,78,8,1.0,0.0,0.0,0.0,0.0
1284,78,9,0.0,0.0,0.0,0.0,2.0
1285,78,11,2.0,0.0,0.0,0.0,0.0
1286,78,12,0.0,1.0,0.0,0.0,1.0
1287,78,13,1.0,0.0,0.0,0.0,0.0
1288,78,14,2.0,2.0,0.0,0.0,1.0
1289,78,15,0.0,3.0,0.0,0.0,0.0
1290,78,16,1.0,0.0,0.0,0.0,1.0
1291,79,0,1.0,0.0,0.0,0.0,2.0
1292,79,6,1.0,0.0,0.0,0.0,1.0
1293,79,7,1.0,0.0,0.0,0.0,2.0
1294,79,8,1.0,0.0,0.0,0.0,0.0
1295,79,9,0.0,0.0,0.0,0.0,1.0
1296,79,10,0.0,0.0,0.0,0.0,1.0
1297,79,11,2.0,0.0,0.0,0.0,0.0
1298,79,12,0.0,1.0,0.0,0.0,1.0
1299,79,14,2.0,1.0,0.0,0.0,0.0
1300,79,15,0.0,2.0,0.0,0.0,0.0
1301,79,16,1.0,0.0,0.0,0.0,1.0
1302,80,0,1.0,0.0,0.0,0.0,2.0
1303,80,6,1.0,0.0,0.0,0.0,1.0
1304,80,7,1.0,0.0,0.0,0.0,2.0
1305,80,10,0.0,0.0,0.0,0.0,1.0
1306,80,11,2.0,0.0,0.0,0.0,0.0
1307,80,12,0.0,1.0,0.0,0.0,1.0
1308,80,14,2.0,1.0,0.0,0.0,0.0
1309,80,15,0.0,2.0,0.0,0.0,1.0
1310,80,16,1.0,0.0,0.0,0.0,1.0
1311,81,0,0.0,0.0,0.0,0.0,1.0
1312,81,6,1.0,0.0,0.0,0.0,1.0
1313,81,7,1.0,0.0,0.0,0.0,2.0
1314,81,9,0.0,0.0,0.0,0.0,1.0
1315,81,10,0.0,0.0,0.0,0.0,1.0
1316,81,11,1.0,0.0,0.0,0.0,0.0
1317,81,12,0.0,1.0,0.0,0.0,1.0
1318,81,13,0.0,0.0,0.0,0.0,1.0
1319,81,14,2.0,0.0,0.0,0.0,0.0
1320,81,15,0.0,2.0,0.0,0.0,1.0
1321,81,16,1.0,0.0,0.0,0.0,1.0
1322,82,0,0.0,0.0,0.0,0.0,1.0
1323,82,6,1.0,0.0,0.0,0.0,1.0
1324,82,7,0.0,0.0,0.0,0.0,2.0
1325,82,9,0.0,0.0,0.0,0.0,1.0
1326,82,10,0.0,0.0,0.0,0.0,1.0
1327,82,12,0.0,1.0,0.0,0.0,1.0
1328,82,13,0.0,0.0,0.0,0.0,1.0
1329,82,14,2.0,0.0,0.0,0.0,1.0
1330,82,15,0.0,2.0,0.0,0.0,1.0
1331,82,16,0.0,1.0,0.0,0.0,0.0
1332,83,6,1.0,0.0,0.0,0.0,1.0
1333,83,7,0.0,0.0,0.0,0.0,2.0
1334,83,8,0.0,0.0,0.0,0.0,1.0
1335,83,9,0.0,0.0,0.0,0.0,1.0
1336,83,10,0.0,0.0,0.0,0.0,1.0
1337,83,12,0.0,1.0,0.0,0.0,1.0
1338,83,13,0.0,0.0,0.0,0.0,1.0
1339,83,14,1.0,0.0,0.0,0.0,1.0
1340,83,15,0.0,1.0,0.0,0.0,1.0
1341,83,16,0.0,1.0,0.0,0.0,0.0
1342,84,6,1.0,0.0,0.0,0.0,1.0
1343,84,7,0.0,0.0,0.0,0.0,1.0
1344,84,8,0.0,0.0,0.0,0.0,1.0
1345,84,9,0.0,0.0,0.0,0.0,1.0
1346,84,10,0.0,0.0,0.0,0.0,1.0
1347,84,11,0.0,0.0,0.0,0.0,1.0
1348,84,12,0.0,1.0,0.0,0.0,1.0
1349,84,13,0.0,0.0,0.0,0.0,1.0
1350,84,14,0.0,0.0,0.0,0.0,1.0
1351,84,15,0.0,1.0,0.0,0.0,1.0
1352,84,16,0.0,1.0,0.0,0.0,0.0
1353,85,6,1.0,0.0,0.0,0.0,1.0
1354,85,7,0.0,0.0,0.0,0.0,1.0
1355,85,8,0.0,0.0,0.0,0.0,1.0
1356,85,9,0.0,0.0,0.0,0.0,1.0
1357,85,10,0.0,0.0,0.0,0.0,1.0
1358,85,11,0.0,0.0,0.0,0.0,1.0
1359,85,13,0.0,0.0,0.0,0.0,1.0
1360,85,14,0.0,0.0,0.0,0.0,1.0
1361,85,15,0.0,1.0,0.0,0.0,1.0
1362,86,6,1.0,0.0,0.0,0.0,1.0
1363,86,8,0.0,0.0,0.0,0.0,1.0
1364,86,9,0.0,0.0,0.0,0.0,1.0
1365,86,11,0.0,0.0,0.0,0.0,1.0
1366,86,13,0.0,0.0,0.0,0.0,1.0
1367,86,14,0.0,0.0,0.0,0.0,1.0
1368,86,15,0.0,1.0,0.0,0.0,0.0
1369,87,6,1.0,0.0,0.0,0.0,0.0
1370,87,8,0.0,0.0,0.0,0.0,1.0
1371,87,9,0.0,0.0,0.0,0.0,1.0
1372,87,11,0.0,0.0,0.0,0.0,1.0
1373,87,13,0.0,0.0,0.0,0.0,1.0
1374,87,14,0.0,0.0,0.0,0.0,1.0
1375,87,15,0.0,1.0,0.0,0.0,0.0
1376,88,6,1.0,0.0,0.0,0.0,0.0
1377,88,8,0.0,0.0,0.0,0.0,1.0
1378,88,9,0.0,0.0,0.0,0.0,1.0
1379,88,11,0.0,0.0,0.0,0.0,1.0
1380,88,13,0.0,0.0,0.0,0.0,1.0
1381,88,14,0.0,0.0,0.0,0.0,1.0
1382,88,15,0.0,1.0,0.0,0.0,0.0
1383,89,8,0.0,0.0,0.0,0.0,1.0
1384,89,9,0.0,0.0,0.0,0.0,1.0
1385,89,11,0.0,0.0,0.0,0.0,1.0
1386,89,13,0.0,0.0,0.0,0.0,1.0
1387,89,14,0.0,0.0,0.0,0.0,1.0
1388,89,15,0.0,1.0,0.0,0.0,0.0
1389,90,8,0.0,0.0,0.0,0.0,1.0
1390,90,9,0.0,0.0,0.0,0.0,1.0
1391,90,11,0.0,0.0,0.0,0.0,1.0
1392,90,13,0.0,0.0,0.0,0.0,1.0
1393,90,14,0.0,0.0,0.0,0.0,1.0
1394,91,8,0.0,0.0,0.0,0.0,1.0
1395,91,9,0.0,0.0,0.0,0.0,1.0
1396,91,13,0.0,0.0,0.0,0.0,1.0
1397,91,14,0.0,0.0,0.0,0.0,1.0
1398,92,8,0.0,0.0,0.0,0.0,1.0
1399,92,9,0.0,0.0,0.0,0.0,1.0
1400,92,14,0.0,0.0,0.0,0.0,1.0
1401,93,8,0.0,0.0,0.0,0.0,1.0
1402,93,9,0.0,0.0,0.0,0.0,1.0
1403,94,8,0.0,0.0,0.0,0.0,1.0
1404,94,9,0.0,0.0,0.0,0.0,1.0
1405,95,8,0.0,0.0,0.0,0.0,1.0
1406,95,9,0.0,0.0,0.0,0.0,1.0
1407,96,8,0.0,0.0,0.0,0.0,1.0
1408,96,9,0.0,0.0,0.0,0.0,1.0
1409,97,8,0.0,0.0,0.0,0.0,1.0
1410,98,8,0.0,0.0,0.0,0.0,1.0
1411,99,8,0.0,0.0,0.0,0.0,1.0
1412,100,8,0.0,0.0,0.0,0.0,1.0
1413,101,8,0.0,0.0,0.0,0.0,1.0
1414,102,8,0.0,0.0,0.0,0.0,1.0
